0001   0000             ;--------------------------------------------------------------
0002   0000             ;Spellbinder Game ROM L-0 BETA
0003   0000             ;2013 Jess M. Askey - jess@askey.org
0004   0000             ;--------------------------------------------------------------
0005   0000             #define SPELLBINDER
0006   0000             
0007   0000             #include  "68logic.asm"     ;680X logic structure definitions   
0001+  0000             ;***********************************************
0002+  0000             ;* 680X Style Logical Instruction Macros       *
0003+  0000             ;* For use with TASMx Assembler                *
0004+  0000             ;* Written by Jess M. Askey 2001 jess@askey.org*
0005+  0000             ;***********************************************
0006+  0000             .module logic
0007+  0000             .msfirst
0008+  0000             
0009+  0000             var1_		.equ	$00
0010+  0000             var2_		.equ	$00
0011+  0000             var3_		.equ	$00
0012+  0000             var4_		.equ	$00
0013+  0000             
0014+  0000             #define     FLAG_IF    	0
0015+  0000             #define     FLAG_ELSE 	1
0016+  0000             #define	FLAG_BEGIN 	2
0017+  0000             
0018+  0000             ;*******************************************************************
0019+  0000             ;* Locate: Pushes two Words                                        *
0020+  0000             ;*                                                                 *
0021+  0000             ;*            Word 1 - address of branch location                  *
0022+  0000             ;*            Word 2 - Type of Operation                           *
0023+  0000             ;*                     0 - Standard ENDIF                          *
0024+  0000             ;*                     1 - ELSE or Logical ELSE                    *
0025+  0000             ;*                     2 - Loop                                    *
0026+  0000             ;*******************************************************************
0027+  0000             #define	logic_loc(type)	     \ .push  *, type
0028+  0000             
0029+  0000             ;*******************************************************************
0030+  0000             ;* Ifxx: These are the standard 'if' statements, they will always  *
0031+  0000             ;*       be of type 0.                                             *
0032+  0000             ;*******************************************************************
0033+  0000             #define	logic_ifxx(x)	     logic_loc(FLAG_IF) \ x  * 
0034+  0000             
0035+  0000             ;*******************************************************************
0036+  0000             ;* Begin: The start marker for logical loops, must terminate with  *
0037+  0000             ;*        an 'xxend' statement.                                    *
0038+  0000             ;******************************************************************* 
0039+  0000             #define     begin		     logic_loc(FLAG_BEGIN)
0040+  0000             
0041+  0000             ;*******************************************************************
0042+  0000             ;* Logic End: This is the end macro for the 'begin' statement. It  *
0043+  0000             ;*            pulls the pc location of the beginning of the loop   *
0044+  0000             ;*            and verifies that the 'type' is correct.             *
0045+  0000             ;*******************************************************************
0046+  0000             #define logic_loopend(x,y)	\ .pop var1_, var2_
0047+  0000             #defcont				\#if (var1_ & FLAG_BEGIN)
0048+  0000             #defcont					\#if ((var2_-*-2+127) <= 0)
0049+  0000             #defcont						\ y *+5
0050+  0000             #defcont						\ jmp	var2_
0051+  0000             #defcont					\#else
0052+  0000             #defcont						\ x	var2_
0053+  0000             #defcont					\#endif
0054+  0000             #defcont				\#else
0055+  0000             #defcont					\ .error "Inappropriate End for BEGIN Loop."
0056+  0000             #defcont				\#endif
0057+  0000             
0058+  0000             ;*******************************************************************
0059+  0000             ;* Logic Find: Used for ENDIF statement. Will find the pc for the  *
0060+  0000             ;*             previous IF (or ELSE) and update the branch or jump *
0061+  0000             ;*             at that address to point to the current address.    *
0062+  0000             ;*******************************************************************
0063+  0000             #define logic_end \var1_ .set *
0064+  0000             #defcont		\ .pop var3_, var4_
0065+  0000             #defcont		\#if (var3_ & FLAG_BEGIN)==0 
0066+  0000             #defcont			\#if (var3_ & FLAG_ELSE)==0	
0067+  0000             #defcont  				\var2_ .set var1_-var4_-2
0068+  0000             #defcont				\#if var2_+127 < 0
0069+  0000             #defcont					\ .error "Branch Range < -127"
0070+  0000             #defcont				\#else
0071+  0000             #defcont					\#if var2_-128 > 0
0072+  0000             #defcont						\ .error "Branch Range > 128"
0073+  0000             #defcont					\#else
0074+  0000             #defcont    					\ .org var4_+1
0075+  0000             #defcont						\ .byte var2_
0076+  0000             #defcont					\#endif
0077+  0000             #defcont				\#endif
0078+  0000             #defcont			\#else	
0079+  0000             #defcont    			\ .org  var4_-2	
0080+  0000             #defcont				\ .word var1_
0081+  0000             #defcont			\#endif
0082+  0000             #defcont			\ .org	var1_
0083+  0000             #defcont		\#else
0084+  0000             #defcont			\.error "Wrong Endtype for IF block"
0085+  0000             #defcont		\#endif
0086+  0000             
0087+  0000             ;*******************************************************************
0088+  0000             ;* Logic Else: Can act as a standard else or a complex else        *
0089+  0000             ;*             (ie. with additional logic as defined below). The   *
0090+  0000             ;*             ELSE block will resove how to terminate the current *
0091+  0000             ;*             code and then set the owning IF statement's data    *
0092+  0000             ;*             byte.                                               *
0093+  0000             ;*******************************************************************
0094+  0000             #define	logic_else(x,y)	\var1_ .set $
0095+  0000             #defcont		\ .pop var3_, var4_
0096+  0000             #defcont		\#if (var3_ & FLAG_BEGIN)==0
0097+  0000             #defcont			\#if (var3_ & FLAG_ELSE)==0
0098+  0000             #defcont				\ .org var4_+1
0099+  0000             #defcont	      		\#if x==0
0100+  0000             #defcont					\var2_ .set var1_-var4_-2+2
0101+  0000             #defcont					\#if var2_+127 < 0
0102+  0000             #defcont						\ .org var1_
0103+  0000             #defcont						\.push $+3, 1
0104+  0000             #defcont						\ jmp $
0105+  0000             #defcont					\#else
0106+  0000             #defcont						\#if var2_-128>0
0107+  0000             #defcont							\ .org var1_
0108+  0000             #defcont							\.push $+3, 1
0109+  0000             #defcont							\ jmp $
0110+  0000             #defcont						\#else
0111+  0000             #defcont							\.push var1_, 0
0112+  0000             #defcont							\ .byte var2_
0113+  0000             #defcont							\ .org var1_
0114+  0000             #defcont							\ BRA $
0115+  0000             #defcont							\ .org var1_+2
0116+  0000             #defcont						\#endif
0117+  0000             #defcont					\#endif
0118+  0000             #defcont				\#else
0119+  0000             #defcont					\ .byte var1_-var4_-2+2
0120+  0000             #defcont					\ .org var1_
0121+  0000             #defcont					\.push $, 0
0122+  0000             #defcont					\ y $		
0123+  0000             #defcont				\#endif
0124+  0000             #defcont			\#else
0125+  0000             #defcont				\.error "Duplicate ELSE Statement"
0126+  0000             #defcont			\#endif
0127+  0000             #defcont		\#else
0128+  0000             #defcont			\ .error "Misplaced Else"
0129+  0000             #defcont		\#endif
0130+  0000             
0131+  0000             
0132+  0000             ;*******************************************************************
0133+  0000             ;* Defines how to use the various logic macros defined above.      *
0134+  0000             ;*******************************************************************
0135+  0000             #define	ifeq	logic_ifxx(BNE)		
0136+  0000             #define	ifne	logic_ifxx(BEQ)
0137+  0000             #define	ifpl	logic_ifxx(BMI)
0138+  0000             #define	ifhi	logic_ifxx(BLO)
0139+  0000             #define	ifmi	logic_ifxx(BPL)
0140+  0000             #define	iflo	logic_ifxx(BHI)
0141+  0000             #define	ifcs	logic_ifxx(BCC)
0142+  0000             #define	ifcc	logic_ifxx(BCS)
0143+  0000             #define 	ifvc	logic_ifxx(BVS)
0144+  0000             #define 	ifvs	logic_ifxx(BVC)
0145+  0000             #define	ifge	logic_ifxx(BLS)
0146+  0000             #define	ifgt	logic_ifxx(BLE)
0147+  0000             #define	iflt 	logic_ifxx(BGE)
0148+  0000             #define	ifle	logic_ifxx(BGT)
0149+  0000             #define	ifgte	logic_ifxx(BLT)
0150+  0000             
0151+  0000             #define	else  	logic_else(0,0)
0152+  0000             #define	else_eq	logic_else(1,BEQ)
0153+  0000             #define	else_ne	logic_else(1,BNE)
0154+  0000             #define	else_pl	logic_else(1,BPL)
0155+  0000             #define	else_mi	logic_else(1,BMI)
0156+  0000             #define	else_cc	logic_else(1,BCC)
0157+  0000             #define	else_cs	logic_else(1,BCS)
0158+  0000             
0159+  0000             #define 	endif		logic_end
0160+  0000             
0161+  0000             #define	eqend	logic_loopend(BNE,BEQ)		
0162+  0000             #define	neend	logic_loopend(BEQ,BNE)		
0163+  0000             #define	plend	logic_loopend(BMI,BPL)
0164+  0000             #define	miend	logic_loopend(BPL,BMI)
0165+  0000             #define	csend	logic_loopend(BCC,BCS)
0166+  0000             #define	ccend	logic_loopend(BCS,BCC)
0167+  0000             #define	vcend	logic_loopend(BVS,BVC)
0168+  0000             #define	vsend	logic_loopend(BVC,BVS)
0169+  0000             #define	geend	logic_loopend(BLS,BLT)
0170+  0000             #define	leend	logic_loopend(BGT,BLE)
0171+  0000             
0172+  0000             #define	loopend	logic_loopend(BRA,BRA)
0173+  0000             
0174+  0000             #define	lsb(x)	x&$FF
0175+  0000             
0176+  0000             #define	msb(x)	(x>>8)&$FF0008   0000             #include  "7gen.asm"        ;Level 7 helper macros    
0001+  0000             ;*****************************************************************************
0002+  0000             ;* Williams Level 7 General Macros
0003+  0000             ;*****************************************************************************
0004+  0000             ;* Code copyright Williams Electronic Games Inc.
0005+  0000             ;* Written/Decoded by Jess M. Askey (jess@askey.org)
0006+  0000             ;* For use with TASMx Assembler
0007+  0000             ;* Visit http://www.gamearchive.com/pinball/manufacturer/williams/pinbuilder
0008+  0000             ;* for more information.
0009+  0000             ;* You may redistribute this file as long as this header remains intact.
0010+  0000             ;*****************************************************************************
0011+  0000             
0012+  0000             ;*****************************************************************************
0013+  0000             ;* This is where you should put general timesaving macros above and beyond
0014+  0000             ;* the base logic and WML7 macros...
0015+  0000             ;*
0016+  0000             ;* An example is repetitive code such as...
0017+  0000             ;*
0018+  0000             ;* ldx	#gj_2B
0019+  0000             ;* jsr	newthread_06
0020+  0000             ;*
0021+  0000             ;* Is both long and it is easy to forget to reference the label properly, it
0022+  0000             ;* can be replaced with..
0023+  0000             ;*
0024+  0000             ;* NEWTHREAD(gj_2B) 
0025+  0000             ;* 
0026+  0000             ;* By using the macro defined below...
0027+  0000             ;*****************************************************************************
0028+  0000             
0029+  0000             #define	NEWTHREAD(x)	\ ldx #x	\ jsr newthread_06
0030+  0000             #define     NEWTHREAD_JMP(x)	\ ldx #x	\ jmp newthread_06
0031+  0000             
0032+  0000             
0033+  0000             ;*****************************************************************************
0034+  0000             ;* When in native code, it is common to to sleep the current thread a number of
0035+  0000             ;* cycles, this is similar to the SLEEP_ macro, but when in code it looks like this
0036+  0000             ;*
0037+  0000             ;* jsr	addthread
0038+  0000             ;* .db $01				;with the data lingering behind
0039+  0000             ;*
0040+  0000             ;* It is much easier to read a macro like this...
0041+  0000             ;*
0042+  0000             ;* SLEEP(1);
0043+  0000             ;*
0044+  0000             ;*****************************************************************************
0045+  0000             
0046+  0000             #define	SLEEP(x)	\ jsr addthread	\ .db x
0047+  0000             
0048+  0000             
0049+  0000             ;*****************************************************************************
0050+  0000             ; Lamp Groups
0051+  0000             ;*****************************************************************************
0052+  0000             lmpgrpidx___ = 0
0053+  0000             
0054+  0000             #define	LAMPGROUP(group,start,end)	\group = lmpgrpidx___
0055+  0000             #defcont						\ .db start,end
0056+  0000             #defcont						\lmpgrpidx___ .set lmpgrpidx___+1
0009   0000             #include  "sb_wvm.asm"      ;Virtual Machine Instruction Definitions                           
0001+  0000             ;*****************************************************************************
0002+  0000             ;* Williams Hyperball/Spellbinder Virtual Machine Macro Definitions
0003+  0000             ;*****************************************************************************
0004+  0000             ;* Code copyright Williams Electronic Games Inc.
0005+  0000             ;* Written/Decoded by Jess M. Askey (jess@askey.org)
0006+  0000             ;* For use with TASMx Assembler
0007+  0000             ;* Visit http://www.gamearchive.com/pinball/manufacturer/williams/pinbuilder
0008+  0000             ;* for more information.
0009+  0000             ;* You may redistribute this file as long as this header remains intact.
0010+  0000             ;*****************************************************************************
0011+  0000             
0012+  0000             .module wml7
0013+  0000             .msfirst
0014+  0000             
0015+  0000             wml1_       .equ  $00
0016+  0000             wml2_       .equ  $00
0017+  0000             wml3_       .equ  $00
0018+  0000             wml4_       .equ  $00
0019+  0000             wml5_       .equ  $00
0020+  0000             wml6_       .equ  $00
0021+  0000             
0022+  0000             #define     FLAG_WML_IF       	$10
0023+  0000             #define     FLAG_WML_ELSE     	$20
0024+  0000             #define		FLAG_WML_BEGIN 		$40
0025+  0000             #define     FLAG_WML_EXE      	$80
0026+  0000             
0027+  0000             ;********************************************************
0028+  0000             ;* First Define the Thread Structure used in the virtual 
0029+  0000             ;* machine linked list.
0030+  0000             ;********************************************************
0031+  0000             ;* Next:	This is the pointer to the next thread in 
0032+  0000             ;* 		    the linked list. The VM requires this to 
0033+  0000             ;*		    move about the list of threads. This is 
0034+  0000             ;* 		    set by the VM thread handlers and does not
0035+  0000             ;*          need to be manually fiddled with by the 
0036+  0000             ;*          game program as it is automatic.
0037+  0000             ;*
0038+  0000             ;* Timer:	This is a byte timer (0-255) that holds the 
0039+  0000             ;*          number of IRQ's counts required before the 
0040+  0000             ;*          thread is executed. This is set by the 
0041+  0000             ;*          programmer for delays between executions.	
0042+  0000             ;*
0043+  0000             ;* Vars:	When a thread is created, the originating
0044+  0000             ;*          program may push up to 8 additional bytes
0045+  0000             ;* 		    of data onto the stack which will then be
0046+  0000             ;*          placed into these 8 byte holders.
0047+  0000             ;*
0048+  0000             ;* PC:	This is the address of the program entry 
0049+  0000             ;*          point that will be executed when the thread
0050+  0000             ;*       	timer expires.
0051+  0000             ;*
0052+  0000             ;* ID:	The thread ID is a number that identifies 
0053+  0000             ;* 		the thread type. The ID defintions are all
0054+  0000             ;*		decided by the programmer except for thread
0055+  0000             ;*		ID #06 which is a general 'end-of-ball' terminated
0056+  0000             ;*		thread. Because the VM can destroy groups of 
0057+  0000             ;* 		threads by ID and branch on existence of threads
0058+  0000             ;*    	with certain ID's, this is a very important
0059+  0000             ;*		design consideration. See the programming 
0060+  0000             ;*  		manual for more information.
0061+  0000             ;*	
0062+  0000             ;* RegA:	This holds the value that was contained in 
0063+  0000             ;*		the CPU register A when the Thread was created.
0064+  0000             ;*
0065+  0000             ;* RegB:	Similar to above, holds the value of CPU reg B.
0066+  0000             ;*
0067+  0000             ;* RegX:	Again, holds the value of the X register upon
0068+  0000             ;*		thread creation.
0069+  0000             ;*
0070+  0000             ;************************************************************
0071+  0000             
0072+  0000             threadobj_next	.equ	$00
0073+  0000             threadobj_timer	.equ	$02
0074+  0000             threadobj_var1	.equ	$03
0075+  0000             threadobj_var2	.equ	$04
0076+  0000             threadobj_var3	.equ	$05
0077+  0000             threadobj_var4	.equ	$06
0078+  0000             threadobj_var5	.equ	$07
0079+  0000             threadobj_var6	.equ	$09
0080+  0000             threadobj_var7	.equ	$09
0081+  0000             threadobj_var8	.equ	$0a
0082+  0000             threadobj_pc	.equ	$0b
0083+  0000             threadobj_id	.equ	$0d
0084+  0000             threadobj_rega	.equ	$0e
0085+  0000             threadobj_regb	.equ	$0f
0086+  0000             threadobj_regx	.equ	$10
0087+  0000             
0088+  0000             ;********************************************************
0089+  0000             ;* Now define some standard RAM locations etc...
0090+  0000             ;********************************************************
0091+  0000             rega	.equ	$00
0092+  0000             regb	.equ	$01
0093+  0000             
0094+  0000             ;********************************************************
0095+  0000             ;* Switch Table Equates
0096+  0000             ;********************************************************
0097+  0000             #define	switchentry(a,b)	.db a /.dw b
0098+  0000             
0099+  0000             sf_wml7	        .equ	$80
0100+  0000             sf_code         .equ 	$00
0101+  0000             sf_tilt	      	.equ	$40
0102+  0000             sf_notilt       .equ    $00
0103+  0000             sf_gameover	    .equ	$20
0104+  0000             sf_nogameover   .equ    $00
0105+  0000             sf_enabled	    .equ	$10
0106+  0000             sf_disabled     .equ    $00
0107+  0000             sf_instant	    .equ	$08
0108+  0000             sf_delayed      .equ    $00
0109+  0000             
0110+  0000             swtype1		.equ	$1
0111+  0000             swtype2		.equ	$2
0112+  0000             swtype3		.equ	$3
0113+  0000             swtype4		.equ	$4
0114+  0000             swtype5		.equ	$5
0115+  0000             swtype6		.equ	$6
0116+  0000             swtype7		.equ	$6
0117+  0000             
0118+  0000             ;********************************************************
0119+  0000             ;* Test for our current execution mode, CODE or WML7
0120+  0000             ;* If we think the programmer has their code wrong, 
0121+  0000             ;* then throw an error.
0122+  0000             ;********************************************************
0123+  0000             ;_MODECPU_         .equ  $00
0124+  0000             ;_MODEWML_         .equ  $80
0125+  0000             ;_CURRENTMODE_     .equ  _MODECPU_
0126+  0000             ;
0127+  0000             ;#define     _SETMODECPU_      \_CURRENTMODE_     .set  _MODECPU_
0128+  0000             ;#define     _SETMODEWML_      \_CURRENTMODE_     .set  _MODEWML_
0129+  0000             ;
0130+  0000             ;#define     _CHECKWML_        \#if _CURRENTMODE_ != _MODEWML_
0131+  0000             ;#defcont                      \     .error "WML7: Execution mode does not expect WML codes now, are you sure your code is structured properly?"
0132+  0000             ;#defcont                      \#endif
0133+  0000             ;
0134+  0000             ;#define     _CHECKCPU_        \#if _CURRENTMODE_ != _MODECPU_
0135+  0000             ;#defcont                      \     .error "WML7: Execution mode does not expect CPU codes now, are you sure your code is structured properly?"
0136+  0000             ;#defcont                      \#endif
0137+  0000             
0138+  0000             ;********************************************************
0139+  0000             ;* Define our Level 7 macros.
0140+  0000             ;********************************************************
0141+  0000             
0142+  0000             #define 	PC100_	\.db $00	
0143+  0000             #define 	NOP_		\.db $01	
0144+  0000             #define	MRTS_		\.db $02
0145+  0000             #define	KILL_		\.db $03	
0146+  0000             #define 	CPUX_		\.db $04
0147+  0000             #define	SPEC_		\.db $05	
0148+  0000             #define	EB_		\.db $06	
0149+  0000             
0150+  0000             ;********************************************************
0151+  0000             ;* Lamp Macro Definition: These take care of turning lamps
0152+  0000             ;*                        on/off and doing the basic lamp
0153+  0000             ;*                        effects.
0154+  0000             ;********************************************************
0155+  0000             #define	BITX_(x,a)		        \.db x,a
0156+  0000             #define	BITX_(x,a,b)		    \.db x,((a&$7F)+$80),b
0157+  0000             #define	BITX_(x,a,b,c)	        \.db x,((a&$7F)+$80),((b&$7F)+$80),c
0158+  0000             #define	BITX_(x,a,b,c,d)	    \.db x,((a&$7F)+$80),((b&$7F)+$80),((c&$7F)+$80),d
0159+  0000             #define	BITX_(x,a,b,c,d,e)	    \.db x,((a&$7F)+$80),((b&$7F)+$80),((c&$7F)+$80),((d&$7F)+$80),e
0160+  0000             #define	BITX_(x,a,b,c,d,e,f)    \.db x,((a&$7F)+$80),((b&$7F)+$80),((c&$7F)+$80),((d&$7F)+$80),((e&$7F)+$80),f
0161+  0000             #define	BITX_(x,a,b,c,d,e,f,g)  \.db x,((a&$7F)+$80),((b&$7F)+$80),((c&$7F)+$80),((d&$7F)+$80),((e&$7F)+$80),((f&$7F)+$80),g
0162+  0000             #define	BITX_(x,a,b,c,d,e,f,g,h)    \.db x,((a&$7F)+$80),((b&$7F)+$80),((c&$7F)+$80),((d&$7F)+$80),((e&$7F)+$80),((f&$7F)+$80),((g&$7f)+$80),h
0163+  0000             #define	BITX_(x,a,b,c,d,e,f,g,h,i)  \.db x,((a&$7F)+$80),((b&$7F)+$80),((c&$7F)+$80),((d&$7F)+$80),((e&$7F)+$80),((f&$7F)+$80),((g&$7f)+$80),((h&$7f)+$80),i
0164+  0000             
0165+  0000             ;*****************************************************************
0166+  0000             ;* Macros 1X_
0167+  0000             ;*****************************************************************
0168+  0000             #define	BITON_(a)		        \BITX_($10,a)
0169+  0000             #define	BITON_(a,b)		        \BITX_($10,a,b)
0170+  0000             #define	BITON_(a,b,c)	        \BITX_($10,a,b,c)
0171+  0000             #define	BITON_(a,b,c,d)	        \BITX_($10,a,b,c,d)
0172+  0000             #define	BITON_(a,b,c,d,e)	    \BITX_($10,a,b,c,d,e)
0173+  0000             #define	BITON_(a,b,c,d,e,f)     \BITX_($10,a,b,c,d,e,f)
0174+  0000             #define	BITON_(a,b,c,d,e,f,g)   \BITX_($10,a,b,c,d,e,f,g)
0175+  0000             
0176+  0000             #define	BITOFF_(a)		        \BITX_($11,a)            
0177+  0000             #define	BITOFF_(a,b)		    \BITX_($11,a,b)          
0178+  0000             #define	BITOFF_(a,b,c)	        \BITX_($11,a,b,c)        
0179+  0000             #define	BITOFF_(a,b,c,d)	    \BITX_($11,a,b,c,d)      
0180+  0000             #define	BITOFF_(a,b,c,d,e)	    \BITX_($11,a,b,c,d,e)    
0181+  0000             #define	BITOFF_(a,b,c,d,e,f)    \BITX_($11,a,b,c,d,e,f)  
0182+  0000             #define	BITOFF_(a,b,c,d,e,f,g)  \BITX_($11,a,b,c,d,e,f,g)
0183+  0000                                                 
0184+  0000             #define	BITINV_(a)		        \BITX_($12,a)            
0185+  0000             #define	BITINV_(a,b)		    \BITX_($12,a,b)          
0186+  0000             #define	BITINV_(a,b,c)	        \BITX_($12,a,b,c)        
0187+  0000             #define	BITINV_(a,b,c,d)	    \BITX_($12,a,b,c,d)      
0188+  0000             #define	BITINV_(a,b,c,d,e)	    \BITX_($12,a,b,c,d,e)    
0189+  0000             #define	BITINV_(a,b,c,d,e,f)    \BITX_($12,a,b,c,d,e,f)  
0190+  0000             #define	BITINV_(a,b,c,d,e,f,g)  \BITX_($12,a,b,c,d,e,f,g)
0191+  0000             
0192+  0000             #define	BITFL_(a)		        \BITX_($13,a)            
0193+  0000             #define	BITFL_(a,b)			    \BITX_($13,a,b)          
0194+  0000             #define	BITFL_(a,b,c)	        \BITX_($13,a,b,c)        
0195+  0000             #define	BITFL_(a,b,c,d)	        \BITX_($13,a,b,c,d)      
0196+  0000             #define	BITFL_(a,b,c,d,e)		\BITX_($13,a,b,c,d,e)    
0197+  0000             #define	BITFL_(a,b,c,d,e,f)    	\BITX_($13,a,b,c,d,e,f)  
0198+  0000             #define	BITFL_(a,b,c,d,e,f,g)  	\BITX_($13,a,b,c,d,e,f,g)
0199+  0000              
0200+  0000             #define	BITONP_(a)		        \BITX_($14,a)            
0201+  0000             #define	BITONP_(a,b)		    \BITX_($14,a,b)          
0202+  0000             #define	BITONP_(a,b,c)	        \BITX_($14,a,b,c)        
0203+  0000             #define	BITONP_(a,b,c,d)	    \BITX_($14,a,b,c,d)      
0204+  0000             #define	BITONP_(a,b,c,d,e)	    \BITX_($14,a,b,c,d,e)    
0205+  0000             #define	BITONP_(a,b,c,d,e,f)    \BITX_($14,a,b,c,d,e,f)  
0206+  0000             #define	BITONP_(a,b,c,d,e,f,g)  \BITX_($14,a,b,c,d,e,f,g)
0207+  0000             
0208+  0000             #define	BITOFFP_(a)		        \BITX_($15,a)            
0209+  0000             #define	BITOFFP_(a,b)		    \BITX_($15,a,b)          
0210+  0000             #define	BITOFFP_(a,b,c)	        \BITX_($15,a,b,c)        
0211+  0000             #define	BITOFFP_(a,b,c,d)	    \BITX_($15,a,b,c,d)      
0212+  0000             #define	BITOFFP_(a,b,c,d,e)	    \BITX_($15,a,b,c,d,e)    
0213+  0000             #define	BITOFFP_(a,b,c,d,e,f)   \BITX_($15,a,b,c,d,e,f)  
0214+  0000             #define	BITOFFP_(a,b,c,d,e,f,g) \BITX_($15,a,b,c,d,e,f,g)
0215+  0000             
0216+  0000             #define	BITINVP_(a)		        \BITX_($16,a)            
0217+  0000             #define	BITINVP_(a,b)		    \BITX_($16,a,b)          
0218+  0000             #define	BITINVP_(a,b,c)	        \BITX_($16,a,b,c)        
0219+  0000             #define	BITINVP_(a,b,c,d)	    \BITX_($16,a,b,c,d)      
0220+  0000             #define	BITINVP_(a,b,c,d,e)	    \BITX_($16,a,b,c,d,e)    
0221+  0000             #define	BITINVP_(a,b,c,d,e,f)   \BITX_($16,a,b,c,d,e,f)  
0222+  0000             #define	BITINVP_(a,b,c,d,e,f,g) \BITX_($16,a,b,c,d,e,f,g)
0223+  0000             
0224+  0000             #define	BITFLP_(a)		        \BITX_($17,a)            
0225+  0000             #define	BITFLP_(a,b)		    \BITX_($17,a,b)          
0226+  0000             #define	BITFLP_(a,b,c)	        \BITX_($17,a,b,c)        
0227+  0000             #define	BITFLP_(a,b,c,d)	    \BITX_($17,a,b,c,d)      
0228+  0000             #define	BITFLP_(a,b,c,d,e)	    \BITX_($17,a,b,c,d,e)    
0229+  0000             #define	BITFLP_(a,b,c,d,e,f)   	\BITX_($17,a,b,c,d,e,f)  
0230+  0000             #define	BITFLP_(a,b,c,d,e,f,g) 	\BITX_($17,a,b,c,d,e,f,g)
0231+  0000             
0232+  0000             ;************************
0233+  0000             ;* Lamp/Bit Effects
0234+  0000             ;************************
0235+  0000             #define	RSET0_(a)		        \BITX_($18,a)            
0236+  0000             #define	RSET0_(a,b)			    \BITX_($18,a,b)          
0237+  0000             #define	RSET0_(a,b,c)	        \BITX_($18,a,b,c)        
0238+  0000             #define	RSET0_(a,b,c,d)	        \BITX_($18,a,b,c,d)      
0239+  0000             #define	RSET0_(a,b,c,d,e)		\BITX_($18,a,b,c,d,e)    
0240+  0000             #define	RSET0_(a,b,c,d,e,f)   	\BITX_($18,a,b,c,d,e,f)  
0241+  0000             #define	RSET0_(a,b,c,d,e,f,g) 	\BITX_($18,a,b,c,d,e,f,g)
0242+  0000             
0243+  0000             #define	RCLR0_(a)		        \BITX_($19,a)            
0244+  0000             #define	RCLR0_(a,b)			    \BITX_($19,a,b)          
0245+  0000             #define	RCLR0_(a,b,c)	        \BITX_($19,a,b,c)        
0246+  0000             #define	RCLR0_(a,b,c,d)	        \BITX_($19,a,b,c,d)      
0247+  0000             #define	RCLR0_(a,b,c,d,e)		\BITX_($19,a,b,c,d,e)    
0248+  0000             #define	RCLR0_(a,b,c,d,e,f)   	\BITX_($19,a,b,c,d,e,f)  
0249+  0000             #define	RCLR0_(a,b,c,d,e,f,g) 	\BITX_($19,a,b,c,d,e,f,g)
0250+  0000             
0251+  0000             #define	RSET1R0_(a)		        \BITX_($1A,a)            
0252+  0000             #define	RSET1R0_(a,b)		    \BITX_($1A,a,b)          
0253+  0000             #define	RSET1R0_(a,b,c)	        \BITX_($1A,a,b,c)        
0254+  0000             #define	RSET1R0_(a,b,c,d)	    \BITX_($1A,a,b,c,d)      
0255+  0000             #define	RSET1R0_(a,b,c,d,e)	    \BITX_($1A,a,b,c,d,e)    
0256+  0000             #define	RSET1R0_(a,b,c,d,e,f)   \BITX_($1A,a,b,c,d,e,f)  
0257+  0000             #define	RSET1R0_(a,b,c,d,e,f,g) \BITX_($1A,a,b,c,d,e,f,g)
0258+  0000             
0259+  0000             #define	RSET1RC0_(a)		    \BITX_($1B,a)            
0260+  0000             #define	RSET1RC0_(a,b)		    \BITX_($1B,a,b)          
0261+  0000             #define	RSET1RC0_(a,b,c)	    \BITX_($1B,a,b,c)        
0262+  0000             #define	RSET1RC0_(a,b,c,d)	    \BITX_($1B,a,b,c,d)      
0263+  0000             #define	RSET1RC0_(a,b,c,d,e)	\BITX_($1B,a,b,c,d,e)    
0264+  0000             #define	RSET1RC0_(a,b,c,d,e,f)  \BITX_($1B,a,b,c,d,e,f)  
0265+  0000             #define	RSET1RC0_(a,b,c,d,e,f,g) \BITX_($1B,a,b,c,d,e,f,g)
0266+  0000             
0267+  0000             #define	RCLR1L0_(a)		        \BITX_($1C,a)            
0268+  0000             #define	RCLR1L0_(a,b)		    \BITX_($1C,a,b)          
0269+  0000             #define	RCLR1L0_(a,b,c)	        \BITX_($1C,a,b,c)        
0270+  0000             #define	RCLR1L0_(a,b,c,d)	    \BITX_($1C,a,b,c,d)      
0271+  0000             #define	RCLR1L0_(a,b,c,d,e)	    \BITX_($1C,a,b,c,d,e)    
0272+  0000             #define	RCLR1L0_(a,b,c,d,e,f)   \BITX_($1C,a,b,c,d,e,f)  
0273+  0000             #define	RCLR1L0_(a,b,c,d,e,f,g) \BITX_($1C,a,b,c,d,e,f,g)
0274+  0000             
0275+  0000             #define	RROL0_(a)		        \BITX_($1D,a)            
0276+  0000             #define	RROL0_(a,b)			    \BITX_($1D,a,b)          
0277+  0000             #define	RROL0_(a,b,c)	        \BITX_($1D,a,b,c)        
0278+  0000             #define	RROL0_(a,b,c,d)	        \BITX_($1D,a,b,c,d)      
0279+  0000             #define	RROL0_(a,b,c,d,e)		\BITX_($1D,a,b,c,d,e)    
0280+  0000             #define	RROL0_(a,b,c,d,e,f)   	\BITX_($1D,a,b,c,d,e,f)  
0281+  0000             #define	RROL0_(a,b,c,d,e,f,g) 	\BITX_($1D,a,b,c,d,e,f,g)
0282+  0000             #define	RROL0_(a,b,c,d,e,f,g,h,i) \BITX_($1D,a,b,c,d,e,f,g,h,i)
0283+  0000             
0284+  0000             #define	RROR0_(a)		        \BITX_($1E,a)            
0285+  0000             #define	RROR0_(a,b)			    \BITX_($1E,a,b)          
0286+  0000             #define	RROR0_(a,b,c)	        \BITX_($1E,a,b,c)        
0287+  0000             #define	RROR0_(a,b,c,d)	        \BITX_($1E,a,b,c,d)      
0288+  0000             #define	RROR0_(a,b,c,d,e)		\BITX_($1E,a,b,c,d,e)    
0289+  0000             #define	RROR0_(a,b,c,d,e,f)   	\BITX_($1E,a,b,c,d,e,f)  
0290+  0000             #define	RROR0_(a,b,c,d,e,f,g) 	\BITX_($1E,a,b,c,d,e,f,g)
0291+  0000             
0292+  0000             #define	RINV0_(a)		        \BITX_($1F,a)            
0293+  0000             #define	RINV0_(a,b)			    \BITX_($1F,a,b)          
0294+  0000             #define	RINV0_(a,b,c)	        \BITX_($1F,a,b,c)        
0295+  0000             #define	RINV0_(a,b,c,d)	        \BITX_($1F,a,b,c,d)      
0296+  0000             #define	RINV0_(a,b,c,d,e)		\BITX_($1F,a,b,c,d,e)    
0297+  0000             #define	RINV0_(a,b,c,d,e,f)   	\BITX_($1F,a,b,c,d,e,f)  
0298+  0000             #define	RINV0_(a,b,c,d,e,f,g) 	\BITX_($1F,a,b,c,d,e,f,g)
0299+  0000             
0300+  0000             ;*****************************************************************
0301+  0000             ;* Macros 2X_
0302+  0000             ;*****************************************************************
0303+  0000             
0304+  0000             #define	BITON2_(a)		      	\BITX_($20,a)
0305+  0000             #define	BITON2_(a,b)			\BITX_($20,a,b)
0306+  0000             #define	BITON2_(a,b,c)	      	\BITX_($20,a,b,c)
0307+  0000             #define	BITON2_(a,b,c,d)	    \BITX_($20,a,b,c,d)
0308+  0000             #define	BITON2_(a,b,c,d,e)		\BITX_($20,a,b,c,d,e)
0309+  0000             #define	BITON2_(a,b,c,d,e,f)    \BITX_($20,a,b,c,d,e,f)
0310+  0000             #define	BITON2_(a,b,c,d,e,f,g)  \BITX_($20,a,b,c,d,e,f,g)
0311+  0000             
0312+  0000             #define	BITOFF2_(a)		      	\BITX_($21,a)            
0313+  0000             #define	BITOFF2_(a,b)			\BITX_($21,a,b)          
0314+  0000             #define	BITOFF2_(a,b,c)	      	\BITX_($21,a,b,c)        
0315+  0000             #define	BITOFF2_(a,b,c,d)	    \BITX_($21,a,b,c,d)      
0316+  0000             #define	BITOFF2_(a,b,c,d,e)		\BITX_($21,a,b,c,d,e)    
0317+  0000             #define	BITOFF2_(a,b,c,d,e,f)   \BITX_($21,a,b,c,d,e,f)  
0318+  0000             #define	BITOFF2_(a,b,c,d,e,f,g) \BITX_($21,a,b,c,d,e,f,g)
0319+  0000                                                 
0320+  0000             #define	BITINV2_(a)		      	\BITX_($22,a)            
0321+  0000             #define	BITINV2_(a,b)			\BITX_($22,a,b)          
0322+  0000             #define	BITINV2_(a,b,c)	      	\BITX_($22,a,b,c)        
0323+  0000             #define	BITINV2_(a,b,c,d)	    \BITX_($22,a,b,c,d)      
0324+  0000             #define	BITINV2_(a,b,c,d,e)		\BITX_($22,a,b,c,d,e)    
0325+  0000             #define	BITINV2_(a,b,c,d,e,f)   \BITX_($22,a,b,c,d,e,f)  
0326+  0000             #define	BITINV2_(a,b,c,d,e,f,g) \BITX_($22,a,b,c,d,e,f,g)
0327+  0000             
0328+  0000             #define	BITFL2_(a)		      	\BITX_($23,a)            
0329+  0000             #define	BITFL2_(a,b)			\BITX_($23,a,b)          
0330+  0000             #define	BITFL2_(a,b,c)	      	\BITX_($23,a,b,c)        
0331+  0000             #define	BITFL2_(a,b,c,d)	    \BITX_($23,a,b,c,d)      
0332+  0000             #define	BITFL2_(a,b,c,d,e)		\BITX_($23,a,b,c,d,e)    
0333+  0000             #define	BITFL2_(a,b,c,d,e,f)    \BITX_($23,a,b,c,d,e,f)  
0334+  0000             #define	BITFL2_(a,b,c,d,e,f,g)  \BITX_($23,a,b,c,d,e,f,g)
0335+  0000              
0336+  0000             #define	BITONP2_(a)		      	\BITX_($24,a)            
0337+  0000             #define	BITONP2_(a,b)			\BITX_($24,a,b)          
0338+  0000             #define	BITONP2_(a,b,c)	      	\BITX_($24,a,b,c)        
0339+  0000             #define	BITONP2_(a,b,c,d)	    \BITX_($24,a,b,c,d)      
0340+  0000             #define	BITONP2_(a,b,c,d,e)		\BITX_($24,a,b,c,d,e)    
0341+  0000             #define	BITONP2_(a,b,c,d,e,f)   \BITX_($24,a,b,c,d,e,f)  
0342+  0000             #define	BITONP2_(a,b,c,d,e,f,g) \BITX_($24,a,b,c,d,e,f,g)
0343+  0000             
0344+  0000             #define	BITOFFP2_(a)			\BITX_($25,a)            
0345+  0000             #define	BITOFFP2_(a,b)			\BITX_($25,a,b)          
0346+  0000             #define	BITOFFP2_(a,b,c)	    \BITX_($25,a,b,c)        
0347+  0000             #define	BITOFFP2_(a,b,c,d)		\BITX_($25,a,b,c,d)      
0348+  0000             #define	BITOFFP2_(a,b,c,d,e)	\BITX_($25,a,b,c,d,e)    
0349+  0000             #define	BITOFFP2_(a,b,c,d,e,f)  \BITX_($25,a,b,c,d,e,f)  
0350+  0000             #define	BITOFFP2_(a,b,c,d,e,f,g) \BITX_($25,a,b,c,d,e,f,g)
0351+  0000             
0352+  0000             #define	BITINVP2_(a)			\BITX_($26,a)            
0353+  0000             #define	BITINVP2_(a,b)			\BITX_($26,a,b)          
0354+  0000             #define	BITINVP2_(a,b,c)	    \BITX_($26,a,b,c)        
0355+  0000             #define	BITINVP2_(a,b,c,d)		\BITX_($26,a,b,c,d)      
0356+  0000             #define	BITINVP2_(a,b,c,d,e)	\BITX_($26,a,b,c,d,e)    
0357+  0000             #define	BITINVP2_(a,b,c,d,e,f)  \BITX_($26,a,b,c,d,e,f)  
0358+  0000             #define	BITINVP2_(a,b,c,d,e,f,g) \BITX_($26,a,b,c,d,e,f,g)
0359+  0000             
0360+  0000             #define	BITFLP2_(a)		      	\BITX_($27,a)            
0361+  0000             #define	BITFLP2_(a,b)			\BITX_($27,a,b)          
0362+  0000             #define	BITFLP2_(a,b,c)	      	\BITX_($27,a,b,c)        
0363+  0000             #define	BITFLP2_(a,b,c,d)	    \BITX_($27,a,b,c,d)      
0364+  0000             #define	BITFLP2_(a,b,c,d,e)		\BITX_($27,a,b,c,d,e)    
0365+  0000             #define	BITFLP2_(a,b,c,d,e,f)   \BITX_($27,a,b,c,d,e,f)  
0366+  0000             #define	BITFLP2_(a,b,c,d,e,f,g) \BITX_($27,a,b,c,d,e,f,g)
0367+  0000             
0368+  0000             ;************************
0369+  0000             ;* Lamp/Bit Effects
0370+  0000             ;************************
0371+  0000             #define	RSET1_(a)		      \BITX_($28,a)            
0372+  0000             #define	RSET1_(a,b)			\BITX_($28,a,b)          
0373+  0000             #define	RSET1_(a,b,c)	      \BITX_($28,a,b,c)        
0374+  0000             #define	RSET1_(a,b,c,d)	      \BITX_($28,a,b,c,d)      
0375+  0000             #define	RSET1_(a,b,c,d,e)		\BITX_($28,a,b,c,d,e)    
0376+  0000             #define	RSET1_(a,b,c,d,e,f)   	\BITX_($28,a,b,c,d,e,f)  
0377+  0000             #define	RSET1_(a,b,c,d,e,f,g) 	\BITX_($28,a,b,c,d,e,f,g)
0378+  0000             
0379+  0000             #define	RCLR1_(a)		      \BITX_($29,a)            
0380+  0000             #define	RCLR1_(a,b)			\BITX_($29,a,b)          
0381+  0000             #define	RCLR1_(a,b,c)	      \BITX_($29,a,b,c)        
0382+  0000             #define	RCLR1_(a,b,c,d)	      \BITX_($29,a,b,c,d)      
0383+  0000             #define	RCLR1_(a,b,c,d,e)		\BITX_($29,a,b,c,d,e)    
0384+  0000             #define	RCLR1_(a,b,c,d,e,f)   	\BITX_($29,a,b,c,d,e,f)  
0385+  0000             #define	RCLR1_(a,b,c,d,e,f,g) 	\BITX_($29,a,b,c,d,e,f,g)
0386+  0000             
0387+  0000             #define	RSET1R1_(a)		      \BITX_($2A,a)            
0388+  0000             #define	RSET1R1_(a,b)		\BITX_($2A,a,b)          
0389+  0000             #define	RSET1R1_(a,b,c)	      \BITX_($2A,a,b,c)        
0390+  0000             #define	RSET1R1_(a,b,c,d)	      \BITX_($2A,a,b,c,d)      
0391+  0000             #define	RSET1R1_(a,b,c,d,e)	\BITX_($2A,a,b,c,d,e)    
0392+  0000             #define	RSET1R1_(a,b,c,d,e,f)   \BITX_($2A,a,b,c,d,e,f)  
0393+  0000             #define	RSET1R1_(a,b,c,d,e,f,g) \BITX_($2A,a,b,c,d,e,f,g)
0394+  0000             
0395+  0000             #define	RSET1RC1_(a)		\BITX_($2B,a)            
0396+  0000             #define	RSET1RC1_(a,b)		\BITX_($2B,a,b)          
0397+  0000             #define	RSET1RC1_(a,b,c)	      \BITX_($2B,a,b,c)        
0398+  0000             #define	RSET1RC1_(a,b,c,d)	\BITX_($2B,a,b,c,d)      
0399+  0000             #define	RSET1RC1_(a,b,c,d,e)	\BITX_($2B,a,b,c,d,e)    
0400+  0000             #define	RSET1RC1_(a,b,c,d,e,f)  \BITX_($2B,a,b,c,d,e,f)  
0401+  0000             #define	RSET1RC1_(a,b,c,d,e,f,g) \BITX_($2B,a,b,c,d,e,f,g)
0402+  0000             
0403+  0000             #define	RCLR1L1_(a)		      \BITX_($2C,a)            
0404+  0000             #define	RCLR1L1_(a,b)		\BITX_($2C,a,b)          
0405+  0000             #define	RCLR1L1_(a,b,c)	      \BITX_($2C,a,b,c)        
0406+  0000             #define	RCLR1L1_(a,b,c,d)	      \BITX_($2C,a,b,c,d)      
0407+  0000             #define	RCLR1L1_(a,b,c,d,e)	\BITX_($2C,a,b,c,d,e)    
0408+  0000             #define	RCLR1L1_(a,b,c,d,e,f)   \BITX_($2C,a,b,c,d,e,f)  
0409+  0000             #define	RCLR1L1_(a,b,c,d,e,f,g) \BITX_($2C,a,b,c,d,e,f,g)
0410+  0000             
0411+  0000             #define	RROL1_(a)		      \BITX_($2D,a)            
0412+  0000             #define	RROL1_(a,b)			\BITX_($2D,a,b)          
0413+  0000             #define	RROL1_(a,b,c)	      \BITX_($2D,a,b,c)        
0414+  0000             #define	RROL1_(a,b,c,d)	      \BITX_($2D,a,b,c,d)      
0415+  0000             #define	RROL1_(a,b,c,d,e)		\BITX_($2D,a,b,c,d,e)    
0416+  0000             #define	RROL1_(a,b,c,d,e,f)   	\BITX_($2D,a,b,c,d,e,f)  
0417+  0000             #define	RROL1_(a,b,c,d,e,f,g) 	\BITX_($2D,a,b,c,d,e,f,g)
0418+  0000             
0419+  0000             #define	RROR1_(a)		      \BITX_($2E,a)            
0420+  0000             #define	RROR1_(a,b)			\BITX_($2E,a,b)          
0421+  0000             #define	RROR1_(a,b,c)	      \BITX_($2E,a,b,c)        
0422+  0000             #define	RROR1_(a,b,c,d)	      \BITX_($2E,a,b,c,d)      
0423+  0000             #define	RROR1_(a,b,c,d,e)		\BITX_($2E,a,b,c,d,e)    
0424+  0000             #define	RROR1_(a,b,c,d,e,f)   	\BITX_($2E,a,b,c,d,e,f)  
0425+  0000             #define	RROR1_(a,b,c,d,e,f,g) 	\BITX_($2E,a,b,c,d,e,f,g)
0426+  0000             
0427+  0000             #define	RINV1_(a)		      \BITX_($2F,a)            
0428+  0000             #define	RINV1_(a,b)			\BITX_($2F,a,b)          
0429+  0000             #define	RINV1_(a,b,c)	      \BITX_($2F,a,b,c)        
0430+  0000             #define	RINV1_(a,b,c,d)	      \BITX_($2F,a,b,c,d)      
0431+  0000             #define	RINV1_(a,b,c,d,e)		\BITX_($2F,a,b,c,d,e)    
0432+  0000             #define	RINV1_(a,b,c,d,e,f)   	\BITX_($2F,a,b,c,d,e,f)  
0433+  0000             #define	RINV1_(a,b,c,d,e,f,g) 	\BITX_($2F,a,b,c,d,e,f,g)
0434+  0000             
0435+  0000             
0436+  0000             ;********************************************************
0437+  0000             ;* Solenoid Macro Definition: Up to 15 Solenoids are Supported
0438+  0000             ;* 
0439+  0000             ;* The macro takes a coded value of the solenoid number 
0440+  0000             ;* and the number of IRQ's to leave the solenoid on.
0441+  0000             ;* You can define the solenoid number plus the time by using
0442+  0000             ;* the equates following this macro definition...
0443+  0000             ;* 
0444+  0000             ;* Example #1:  Turn on Solenoid #1 for 4 IRQ cycles
0445+  0000             ;*
0446+  0000             ;*          sol_1_on    .equ  $00+SOLENOID_ON_4_CYCLES
0447+  0000             ;*          sol_1_off   .equ  $00+SOLENOID_OFF
0448+  0000             ;* 
0449+  0000             ;* Then use the SOL_ macro...
0450+  0000             ;*
0451+  0000             ;*    Turn it on:       SOL_(sol_1_on)
0452+  0000             ;*    Turn it off:      SOL_(sol_1_off)
0453+  0000             ;*
0454+  0000             ;* Example #2:  Turn on Solenoid #15 indefinitely, and Solenoid #6 for 2 IRQ cycles
0455+  0000             ;*
0456+  0000             ;*          sol_15_on   .equ  $0E+SOLENOID_ON_LATCH
0457+  0000             ;*          sol_15_off  .equ  $0E+SOLENOID_OFF
0458+  0000             ;*
0459+  0000             ;*          sol_2_on    .equ  $01+SOLENOID_ON_2_CYCLES
0460+  0000             ;*          sol_2_off   .equ  $01+SOLENOID_OFF
0461+  0000             ;* 
0462+  0000             ;* Then use the SOL_ macro...
0463+  0000             ;*
0464+  0000             ;*    Turn them on:       SOL_(sol_15_on,sol_2_on)
0465+  0000             ;*    Turn them off:      SOL_(sol_15_off,sol_2_off)
0466+  0000             ;********************************************************
0467+  0000             #define	SOL_(a)		                        \.db $31,a
0468+  0000             #define	SOL_(a,b)		                    \.db $32,a,b
0469+  0000             #define SOL_(a,b,c)		                    \.db $33,a,b,c
0470+  0000             #define	SOL_(a,b,c,d)	                    \.db $34,a,b,c,d
0471+  0000             #define	SOL_(a,b,c,d,e)	                    \.db $35,a,b,c,d,e
0472+  0000             #define	SOL_(a,b,c,d,e,f)	                \.db $36,a,b,c,d,e,f
0473+  0000             #define	SOL_(a,b,c,d,e,f,g)	                \.db $37,a,b,c,d,e,f,g
0474+  0000             #define	SOL_(a,b,c,d,e,f,g,h)	            \.db $38,a,b,c,d,e,f,g,h
0475+  0000             #define	SOL_(a,b,c,d,e,f,g,h,i)	            \.db $39,a,b,c,d,e,f,g,h,i
0476+  0000             #define	SOL_(a,b,c,d,e,f,g,h,i,j)	        \.db $3A,a,b,c,d,e,f,g,h,i,j
0477+  0000             #define	SOL_(a,b,c,d,e,f,g,h,i,j,k)	        \.db $3B,a,b,c,d,e,f,g,h,i,j,k
0478+  0000             #define	SOL_(a,b,c,d,e,f,g,h,i,j,k,l)	    \.db $3C,a,b,c,d,e,f,g,h,i,j,k,l
0479+  0000             #define	SOL_(a,b,c,d,e,f,g,h,i,j,k,l,m)	    \.db $3D,a,b,c,d,e,f,g,h,i,j,k,l,m
0480+  0000             #define	SOL_(a,b,c,d,e,f,g,h,i,j,k,l,m,n)	\.db $3E,a,b,c,d,e,f,g,h,i,j,k,l,m,n
0481+  0000             #define	SOL_(a,b,c,d,e,f,g,h,i,j,k,l,m,n,o)	\.db $3F,a,b,c,d,e,f,g,h,i,j,k,l,m,n,o
0482+  0000             
0483+  0000             ;********************************************************
0484+  0000             ;* some additional solenoid defines for timing
0485+  0000             ;* Use these in the top of your game definition to specify 
0486+  0000             ;* static lables for each solenoid
0487+  0000             ;********************************************************
0488+  0000             SOLENOID_ON_1_CYCLES       .equ  $10
0489+  0000             SOLENOID_ON_2_CYCLES       .equ  $20
0490+  0000             SOLENOID_ON_3_CYCLES       .equ  $30
0491+  0000             SOLENOID_ON_4_CYCLES       .equ  $40
0492+  0000             SOLENOID_ON_5_CYCLES       .equ  $50
0493+  0000             SOLENOID_ON_6_CYCLES       .equ  $60
0494+  0000             SOLENOID_ON_LATCH          .equ  $F0
0495+  0000             SOLENOID_OFF               .equ  $00
0496+  0000             
0497+  0000             ;********************************************************
0498+  0000             ;* Macros 40-43: Static Length, easy
0499+  0000             ;********************************************************
0500+  0000             #define	PTSND_(snd,count,unit)	\.db $40,snd      \ ADDPOINTS_(count,unit)
0501+  0000             
0502+  0000             #define	PTCHIME_(count,unit)	\.db $41    \ ADDPOINTS_(count,unit)
0503+  0000             
0504+  0000             #define	POINTS_(count,unit)	\.db $42    \ ADDPOINTS_(count,unit)
0505+  0000             
0506+  0000             #define	PTSDIG_(count,unit)	\.db $43    \ ADDPOINTS_(count,unit)
0507+  0000             
0508+  0000             #define     ADDPOINTS_(count,unit)  \#if ((unit < 10) & (count <= 32))
0509+  0000             #defcont				      \	.error "Point unit must be multples of 10 and count must be less than 33"
0510+  0000             #defcont				      \#else
0511+  0000             #defcont					      \#if (unit == 10)
0512+  0000             #defcont					      \	.db (((count)<<3)&$F8)+1
0513+  0000             #defcont					      \#else 
0514+  0000             #defcont					      	\#if (unit == 100)
0515+  0000             #defcont						      \	.db (((count)<<3)&$F8)+2
0516+  0000             #defcont						      \#else 
0517+  0000             #defcont							      \#if (unit == 1000)
0518+  0000             #defcont							      \	.db (((count)<<3)&$F8)+3
0519+  0000             #defcont							      \#else 
0520+  0000             #defcont								      \#if (unit == 10000)
0521+  0000             #defcont								      \	.db (((count)<<3)&$F8)+4
0522+  0000             #defcont								      \#else 
0523+  0000             #defcont									      \#if (unit == 100000)
0524+  0000             #defcont									      \	.db (((count)<<3)&$F8)+5
0525+  0000             #defcont									      \#else 
0526+  0000             #defcont									      \	.error "Macros only support points under 1,000,000 points"
0527+  0000             #defcont									      \#endif
0528+  0000             #defcont								      \#endif
0529+  0000             #defcont							      \#endif
0530+  0000             #defcont						      \#endif
0531+  0000             #defcont					      \#endif
0532+  0000             #defcont				      \#endif
0533+  0000             
0534+  0000             ;********************************************************
0535+  0000             ;* Macros 44-4F: Define temporary execution of CPU code.
0536+  0000             ;*               The length of bytes to execute is in 
0537+  0000             ;*               the lower nibble and must be between
0538+  0000             ;*               4-f. Therefore, number of bytes to 
0539+  0000             ;*               execute must be between 2 and 13.
0540+  0000             :*
0541+  0000             ;* There are two macros defined here, the first is the
0542+  0000             ;* new style macro where it will automatically calculate
0543+  0000             ;* the number of opcode bytes that are executed. This 
0544+  0000             ;* style requires and end tag for the macro called EXEEND_
0545+  0000             ;* that marks where execution returns to WML7.
0546+  0000             ;*
0547+  0000             ;* The old style macro does not require an end tag but
0548+  0000             ;* does require you to calcuate the number of bytes that
0549+  0000             ;* will be executed as native 680X code. This is obviously
0550+  0000             ;* more tedious but I left it here for some reason. 
0551+  0000             ;********************************************************
0552+  0000             #define     EXE_              \.push *,FLAG_WML_EXE
0553+  0000             #defcont                      \.db $44
0554+  0000             
0555+  0000             #define     EXEEND_           \wml4_ .set *
0556+  0000             #defcont                      \.pop wml1_,wml2_
0557+  0000             #defcont                      \#if wml1_ == FLAG_WML_EXE
0558+  0000             #defcont                            \wml3_ .set wml4_-wml2_
0559+  0000             #defcont                            \#if (wml3_>14)|(wml3_<3)
0560+  0000             #defcont                            \     .error "Macro EXE_: Number of executed bytes must be between 2 and 15"
0561+  0000             #defcont                            \#else
0562+  0000             #defcont                            \     .org wml2_
0563+  0000             #defcont                            \     .db $44+wml3_-3
0564+  0000             #defcont                            \#endif
0565+  0000             #defcont                            \.org wml4_
0566+  0000             #defcont                      \#else
0567+  0000             #defcont                            \.error "EXEEND_ did not have a starting EXE_ code"
0568+  0000             #defcont                      \#endif
0569+  0000             #define	EXE_(a)		\#if (a>13)|(a<2)
0570+  0000             #defcont				\    .error "Macro EXE_: Number of bytes to execute must be between 2-15"
0571+  0000             #defcont				\#else
0572+  0000             #defcont				\    .db ($44+a-2)
0573+  0000             #defcont				\#endif
0574+  0000             
0575+  0000             ;********************************************************
0576+  0000             ;* Macros 50-57:
0577+  0000             ;********************************************************
0578+  0000             #define	RAMADD_(a,b)	\#if (a<16)&(a>=0)&(b<16)&(b>=0)
0579+  0000             #defcont				\	.db $50,((a*16)+b) 
0580+  0000             #defcont				\#else
0581+  0000             #defcont				\	.error "Macro RAMADD_: Parameters out of range"
0582+  0000             #defcont				\#endif
0583+  0000             
0584+  0000             #define	RAMCPY_(a,b)	\#if (a<16)&(a>=0)&(b<16)&(b>=0)
0585+  0000             #defcont				\	.db $51,((a*16)+b) 
0586+  0000             #defcont				\#else
0587+  0000             #defcont				\	.error "Macro RAMCPY_: Parameters out of range"
0588+  0000             #defcont				\#endif
0589+  0000             
0590+  0000             #define	PRI_(a)		\.db $52,a
0591+  0000             
0592+  0000             #define	SLEEP_(a)		\#if (a<16)
0593+  0000             #defcont				\	.db ($70+a)
0594+  0000             #defcont				\#else
0595+  0000             #defcont				\	.db $53,a
0596+  0000             #defcont				\#endif
0597+  0000             
0598+  0000             #define	REMTHREAD_(a,b)	\.db $54,a,b
0599+  0000             
0600+  0000             #define  	REMTHREADS_(a,b)	\.db $55,a,b
0601+  0000             
0602+  0000             #define 	JSR_(a)		\.db $56 \.dw a
0603+  0000             #define	JSRD_(a)		\.db $57 \.dw a
0604+  0000             
0605+  0000             ;*******************************************************************
0606+  0000             ;* Branch Macros: 58-5B
0607+  0000             ;*******************************************************************
0608+  0000             #define     IFLOC_(type,vars)    \ .push  *, vars, type        
0609+  0000             
0610+  0000             ;*******************************************************************
0611+  0000             ;* Begin: The start marker for logical loops, must terminate with  *
0612+  0000             ;*        an 'XXEND_' statement.                                    *
0613+  0000             ;******************************************************************* 
0614+  0000             #define     BEGIN_	      IFLOC_(FLAG_WML_BEGIN,0)
0615+  0000             
0616+  0000             ;*******************************************************************
0617+  0000             ;* Logic End: This is the end macro for the 'begin' statement. It  *
0618+  0000             ;*            pulls the pc location of the beginning of the loop   *
0619+  0000             ;*            and verifies that the 'type' is correct.             *
0620+  0000             ;*******************************************************************
0621+  0000             #define 	LOGIC_LOOPEND_(vars)	\ .pop wml1_, wml2_, wml3_
0622+  0000             #defcont						\wml2_ .set vars
0623+  0000             #defcont						\wml4_ .set *
0624+  0000             #defcont						\#if (wml1_ & FLAG_WML_BEGIN)
0625+  0000             #defcont							\#if ((wml4_-wml3_) <= 127)
0626+  0000             #defcont								\ .org wml4_-1
0627+  0000             #defcont								\ .db wml3_-wml4_
0628+  0000             #defcont								\ .org wml4_
0629+  0000             #defcont							\#else
0630+  0000             #defcont								\ .error "Loop Branch out of Range."
0631+  0000             #defcont							\#endif
0632+  0000             #defcont						\#else
0633+  0000             #defcont							\ .error "Inappropriate End for BEGIN Loop."
0634+  0000             #defcont						\#endif
0635+  0000             
0636+  0000             ;*******************************************************************
0637+  0000             ;* Basic Loop
0638+  0000             ;*******************************************************************
0639+  0000             #define	LOOP_		\ .pop wml1_, wml2_, wml3_ \ JMPR_(wml3_)
0640+  0000             
0641+  0000             ;*******************************************************************
0642+  0000             ;* Conditional Looping
0643+  0000             ;*******************************************************************
0644+  0000             #define	EQEND_(z)						BNER_(z,*+3) \ LOGIC_LOOPEND_(1)		
0645+  0000             #define	EQEND_(z,y)						BNER_(z,y,*+3) \ LOGIC_LOOPEND_(2)
0646+  0000             #define	EQEND_(z,y,x)					BNER_(z,y,x,*+3) \ LOGIC_LOOPEND_(3)
0647+  0000             #define	EQEND_(z,y,x,w)					BNER_(z,y,x,w,*+3) \ LOGIC_LOOPEND_(4)
0648+  0000             #define	EQEND_(z,y,x,w,v)					BNER_(z,y,x,w,v,*+3) \ LOGIC_LOOPEND_(5)
0649+  0000             #define     EQEND_(z,y,x,w,v,u)				BNER_(z,y,x,w,v,u,*+3) \ LOGIC_LOOPEND_(6)
0650+  0000             #define     EQEND_(z,y,x,w,v,u,t)			     	BNER_(z,y,x,w,v,u,t,*+3) \ LOGIC_LOOPEND_(7)
0651+  0000             #define     EQEND_(z,y,x,w,v,u,t,s)     			BNER_(z,y,x,w,v,u,t,s,*+3) \ LOGIC_LOOPEND_(8)
0652+  0000             #define     EQEND_(z,y,x,w,v,u,t,s,r)     		BNER_(z,y,x,w,v,u,t,s,r,*+3) \ LOGIC_LOOPEND_(9)
0653+  0000             #define     EQEND_(z,y,x,w,v,u,t,s,r,q)     		BNER_(z,y,x,w,v,u,t,s,r,q,*+3) \ LOGIC_LOOPEND_(10)
0654+  0000             #define     EQEND_(z,y,x,w,v,u,t,s,r,q,p)     		BNER_(z,y,x,w,v,u,t,s,r,q,p,*+3) \ LOGIC_LOOPEND_(11)
0655+  0000             #define     EQEND_(z,y,x,w,v,u,t,s,r,q,p,o)    		BNER_(z,y,x,w,v,u,t,s,r,q,p,o,*+3) \ LOGIC_LOOPEND_(12)
0656+  0000             #define     EQEND_(z,y,x,w,v,u,t,s,r,q,p,o,n)     	BNER_(z,y,x,w,v,u,t,s,r,q,p,o,n,*+3) \ LOGIC_LOOPEND_(13)
0657+  0000             #define     EQEND_(z,y,x,w,v,u,t,s,r,q,p,o,n,m)     	BNER_(z,y,x,w,v,u,t,s,r,q,p,o,n,m,*+3) \ LOGIC_LOOPEND_(14)
0658+  0000             #define     EQEND_(z,y,x,w,v,u,t,s,r,q,p,o,n,m,l)     BNER_(z,y,x,w,v,u,t,s,r,q,p,o,n,m,l,*+3) \ LOGIC_LOOPEND_(15)
0659+  0000             
0660+  0000             #define	NEEND_(z)						BEQR_(z,*+3) \ LOGIC_LOOPEND_(1)		
0661+  0000             #define	NEEND_(z,y)						BEQR_(z,y,*+3) \ LOGIC_LOOPEND_(2)
0662+  0000             #define	NEEND_(z,y,x)					BEQR_(z,y,x,*+3) \ LOGIC_LOOPEND_(3)
0663+  0000             #define	NEEND_(z,y,x,w)					BEQR_(z,y,x,w,*+3) \ LOGIC_LOOPEND_(4)
0664+  0000             #define	NEEND_(z,y,x,w,v)					BEQR_(z,y,x,w,v,*+3) \ LOGIC_LOOPEND_(5)
0665+  0000             #define     NEEND_(z,y,x,w,v,u)				BEQR_(z,y,x,w,v,u,*+3) \ LOGIC_LOOPEND_(6)
0666+  0000             #define     NEEND_(z,y,x,w,v,u,t)			     	BEQR_(z,y,x,w,v,u,t,*+3) \ LOGIC_LOOPEND_(7)
0667+  0000             #define     NEEND_(z,y,x,w,v,u,t,s)     			BEQR_(z,y,x,w,v,u,t,s,*+3) \ LOGIC_LOOPEND_(8)
0668+  0000             #define     NEEND_(z,y,x,w,v,u,t,s,r)     		BEQR_(z,y,x,w,v,u,t,s,r,*+3) \ LOGIC_LOOPEND_(9)
0669+  0000             #define     NEEND_(z,y,x,w,v,u,t,s,r,q)     		BEQR_(z,y,x,w,v,u,t,s,r,q,*+3) \ LOGIC_LOOPEND_(10)
0670+  0000             #define     NEEND_(z,y,x,w,v,u,t,s,r,q,p)     		BEQR_(z,y,x,w,v,u,t,s,r,q,p,*+3) \ LOGIC_LOOPEND_(11)
0671+  0000             #define     NEEND_(z,y,x,w,v,u,t,s,r,q,p,o)    		BEQR_(z,y,x,w,v,u,t,s,r,q,p,o,*+3) \ LOGIC_LOOPEND_(12)
0672+  0000             #define     NEEND_(z,y,x,w,v,u,t,s,r,q,p,o,n)     	BEQR_(z,y,x,w,v,u,t,s,r,q,p,o,n,*+3) \ LOGIC_LOOPEND_(13)
0673+  0000             #define     NEEND_(z,y,x,w,v,u,t,s,r,q,p,o,n,m)     	BEQR_(z,y,x,w,v,u,t,s,r,q,p,o,n,m,*+3) \ LOGIC_LOOPEND_(14)
0674+  0000             #define     NEEND_(z,y,x,w,v,u,t,s,r,q,p,o,n,m,l)     BEQR_(z,y,x,w,v,u,t,s,r,q,p,o,n,m,l,*+3) \ LOGIC_LOOPEND_(15)
0675+  0000             ;*******************************************************************
0676+  0000             ;* IFxxx: These are the standard 'if' statements, they will always  
0677+  0000             ;*        be of type FLAG_WML_IF                                           
0678+  0000             ;*******************************************************************
0679+  0000             #define     IFEQR_(z)                                 IFLOC_(FLAG_WML_IF,1)  \ BNER_(z,*+3)     
0680+  0000             #define     IFEQR_(z,y)                               IFLOC_(FLAG_WML_IF,2)  \ BNER_(z,y,*+3)   
0681+  0000             #define     IFEQR_(z,y,x)                             IFLOC_(FLAG_WML_IF,3)  \ BNER_(z,y,x,*+3) 
0682+  0000             #define     IFEQR_(z,y,x,w)                           IFLOC_(FLAG_WML_IF,4)  \ BNER_(z,y,x,w,*+3)   
0683+  0000             #define     IFEQR_(z,y,x,w,v)                         IFLOC_(FLAG_WML_IF,5)  \ BNER_(z,y,x,w,v,*+3) 
0684+  0000             #define     IFEQR_(z,y,x,w,v,u)                       IFLOC_(FLAG_WML_IF,6)  \ BNER_(z,y,x,w,v,u,*+3) 
0685+  0000             #define     IFEQR_(z,y,x,w,v,u,t)                     IFLOC_(FLAG_WML_IF,7)  \ BNER_(z,y,x,w,v,u,t,*+3) 
0686+  0000             #define     IFEQR_(z,y,x,w,v,u,t,s)                   IFLOC_(FLAG_WML_IF,8)  \ BNER_(z,y,x,w,v,u,t,s,*+3) 
0687+  0000             #define     IFEQR_(z,y,x,w,v,u,t,s,r)                 IFLOC_(FLAG_WML_IF,9)  \ BNER_(z,y,x,w,v,u,t,s,r,*+3)
0688+  0000             #define     IFEQR_(z,y,x,w,v,u,t,s,r,q)               IFLOC_(FLAG_WML_IF,10) \ BNER_(z,y,x,w,v,u,t,s,r,q,*+3)
0689+  0000             #define     IFEQR_(z,y,x,w,v,u,t,s,r,q,p)             IFLOC_(FLAG_WML_IF,11) \ BNER_(z,y,x,w,v,u,t,s,r,q,p,*+3)
0690+  0000             #define     IFEQR_(z,y,x,w,v,u,t,s,r,q,p,o)           IFLOC_(FLAG_WML_IF,12) \ BNER_(z,y,x,w,v,u,t,s,r,q,p,o,*+3)
0691+  0000             #define     IFEQR_(z,y,x,w,v,u,t,s,r,q,p,o,n)         IFLOC_(FLAG_WML_IF,13) \ BNER_(z,y,x,w,v,u,t,s,r,q,p,o,n,*+3)
0692+  0000             #define     IFEQR_(z,y,x,w,v,u,t,s,r,q,p,o,n,m)       IFLOC_(FLAG_WML_IF,14) \ BNER_(z,y,x,w,v,u,t,s,r,q,p,o,n,m,*+3)
0693+  0000             #define     IFEQR_(z,y,x,w,v,u,t,s,r,q,p,o,n,m,l)     IFLOC_(FLAG_WML_IF,15) \ BNER_(z,y,x,w,v,u,t,s,r,q,p,o,n,m,l,*+3)
0694+  0000             
0695+  0000             #define     IFNER_(z)                                 IFLOC_(FLAG_WML_IF,1)  \ BEQR_(z,*+3)     
0696+  0000             #define     IFNER_(z,y)                               IFLOC_(FLAG_WML_IF,2)  \ BEQR_(z,y,*+3)   
0697+  0000             #define     IFNER_(z,y,x)                             IFLOC_(FLAG_WML_IF,3)  \ BEQR_(z,y,x,*+3) 
0698+  0000             #define     IFNER_(z,y,x,w)                           IFLOC_(FLAG_WML_IF,4)  \ BEQR_(z,y,x,w,*+3) 
0699+  0000             #define     IFNER_(z,y,x,w,v)                         IFLOC_(FLAG_WML_IF,5)  \ BEQR_(z,y,x,w,v,*+3) 
0700+  0000             #define     IFNER_(z,y,x,w,v,u)                       IFLOC_(FLAG_WML_IF,6)  \ BEQR_(z,y,x,w,v,u,*+3) 
0701+  0000             #define     IFNER_(z,y,x,w,v,u,t)                     IFLOC_(FLAG_WML_IF,7)  \ BEQR_(z,y,x,w,v,u,t,*+3) 
0702+  0000             #define     IFNER_(z,y,x,w,v,u,t,s)                   IFLOC_(FLAG_WML_IF,8)  \ BEQR_(z,y,x,w,v,u,t,s,*+3) 
0703+  0000             #define     IFNER_(z,y,x,w,v,u,t,s,r)                 IFLOC_(FLAG_WML_IF,9)  \ BEQR_(z,y,x,w,v,u,t,s,r,*+3)
0704+  0000             #define     IFNER_(z,y,x,w,v,u,t,s,r,q)               IFLOC_(FLAG_WML_IF,10) \ BEQR_(z,y,x,w,v,u,t,s,r,q,*+3)
0705+  0000             #define     IFNER_(z,y,x,w,v,u,t,s,r,q,p)             IFLOC_(FLAG_WML_IF,11) \ BEQR_(z,y,x,w,v,u,t,s,r,q,p,*+3)
0706+  0000             #define     IFNER_(z,y,x,w,v,u,t,s,r,q,p,o)           IFLOC_(FLAG_WML_IF,12) \ BEQR_(z,y,x,w,v,u,t,s,r,q,p,o,*+3)
0707+  0000             #define     IFNER_(z,y,x,w,v,u,t,s,r,q,p,o,n)         IFLOC_(FLAG_WML_IF,13) \ BEQR_(z,y,x,w,v,u,t,s,r,q,p,o,n,*+3)
0708+  0000             #define     IFNER_(z,y,x,w,v,u,t,s,r,q,p,o,n,m)       IFLOC_(FLAG_WML_IF,14) \ BEQR_(z,y,x,w,v,u,t,s,r,q,p,o,n,m,*+3)
0709+  0000             #define     IFNER_(z,y,x,w,v,u,t,s,r,q,p,o,n,m,l)     IFLOC_(FLAG_WML_IF,15) \ BEQR_(z,y,x,w,v,u,t,s,r,q,p,o,n,m,l,*+3)
0710+  0000             
0711+  0000             #define     ENDIF_ \wml1_ .set *
0712+  0000             #defcont		 \ .pop wml3_, wml5_, wml4_
0713+  0000             #defcont		 \#if (wml3_ & FLAG_WML_BEGIN)==0
0714+  0000             #defcont			\#if (wml3_ & FLAG_WML_ELSE)==0
0715+  0000             #defcont  			      \wml2_ .set wml1_-wml4_-wml5_-2
0716+  0000             #defcont			      \#if wml2_+127 < 0
0717+  0000             #defcont				      \ .error "Branch Range < -127"
0718+  0000             #defcont			      \#else
0719+  0000             #defcont				      \#if wml2_-128 > 0
0720+  0000             #defcont					      \ .error "Branch Range > 128"
0721+  0000             #defcont				      \#else
0722+  0000             #defcont    				      \ .org wml4_+wml5_+1
0723+  0000             #defcont					      \ .byte wml2_
0724+  0000             #defcont				      \#endif
0725+  0000             #defcont			      \#endif
0726+  0000             #defcont                \#else
0727+  0000             #defcont                      \ .org  wml4_-2	
0728+  0000             #defcont				\ JMP_(wml1_)
0729+  0000             #defcont                      \ .error "123: Not Tested"
0730+  0000             #defcont                \#endif
0731+  0000             #defcont			\ .org	wml1_
0732+  0000             #defcont		 \#else
0733+  0000             #defcont			\.error "Wrong Endtype for IFXXR_ block"
0734+  0000             #defcont		 \#endif
0735+  0000             
0736+  0000             #define	ELSE_	\wml1_ .set $
0737+  0000             #defcont		\ .pop wml3_, wml5_, wml4_
0738+  0000             #defcont		\#if (wml3_ & FLAG_WML_BEGIN)==0
0739+  0000             #defcont			\#if (wml3_ & FLAG_WML_ELSE)==0
0740+  0000             #defcont				\ .org wml4_+wml5_+1
0741+  0000             #defcont				\wml2_ .set wml1_-wml4_
0742+  0000             #defcont					\#if wml2_+127 < 0
0743+  0000             #defcont						\ .org wml1_
0744+  0000             #defcont						\.push wml1_+3, wml5_, FLAG_WML_ELSE
0745+  0000             #defcont						\ JMP_($)
0746+  0000             #defcont                                  \ .error "(124)ELSE_: Not Tested with long JMP"
0747+  0000             #defcont					\#else
0748+  0000             #defcont						\#if wml2_-128>0
0749+  0000             #defcont							\ .org wml1_
0750+  0000             #defcont							\.push wml1_+3, wml5_, FLAG_WML_ELSE
0751+  0000             #defcont							\ JMP_($)
0752+  0000             #defcont                                  \ .error "(125)ELSE_: Not Tested with long JMP"
0753+  0000             #defcont						\#else
0754+  0000             #defcont							\.push wml1_-wml5_, wml5_, FLAG_WML_IF
0755+  0000             #defcont							\ .byte wml2_-wml5_
0756+  0000             #defcont							\ .org wml1_
0757+  0000             #defcont							\ JMPR_($+1)
0758+  0000             #defcont							\ .org wml1_+2
0759+  0000             #defcont						\#endif
0760+  0000             #defcont					\#endif
0761+  0000             #defcont			\#else
0762+  0000             #defcont				\.error "Duplicate ELSE Statement"
0763+  0000             #defcont			\#endif
0764+  0000             #defcont		\#else
0765+  0000             #defcont			\ .error "Misplaced Else"
0766+  0000             #defcont		\#endif
0767+  0000             
0768+  0000             #define     BEQR_(p1__,ba__)     \#if $+3-ba__ < 128
0769+  0000             #defcont                                 \.db $5A,p1__,ba__-$-3
0770+  0000             #defcont				\#else
0771+  0000             #defcont					\#if ba__-$+3 < 127
0772+  0000             #defcont                                 \.db $5A,p1__,$+3-ba__
0773+  0000             #defcont					\#else
0774+  0000             #defcont    					 \ .error "WML7: Branch Macro Out Of Range."
0775+  0000             #defcont					\#endif
0776+  0000             #defcont				\#endif
0777+  0000             
0778+  0000             #define     BEQR_(p1__,p2__,ba__)     \#if $+4-ba__ < 128
0779+  0000             #defcont                                 \.db $5A,p1__,p2__,ba__-$-4
0780+  0000             #defcont				\#else
0781+  0000             #defcont					\#if ba__-$+4 < 127
0782+  0000             #defcont                                 \.db $5A,p1__,p2__,$+4-ba__
0783+  0000             #defcont					\#else
0784+  0000             #defcont    					 \ .error "WML7: Branch Macro Out Of Range."
0785+  0000             #defcont					\#endif
0786+  0000             #defcont				\#endif
0787+  0000             
0788+  0000             #define     BEQR_(p1__,p2__,p3__,ba__)     \#if $+5-ba__ < 128
0789+  0000             #defcont                                 \.db $5A,p1__,p2__,p3__,ba__-$-5
0790+  0000             #defcont				\#else
0791+  0000             #defcont					\#if ba__-$+5 < 127
0792+  0000             #defcont                                 \.db $5A,p1__,p2__,p3__,$+5-ba__
0793+  0000             #defcont					\#else
0794+  0000             #defcont    					 \ .error "WML7: Branch Macro Out Of Range."
0795+  0000             #defcont					\#endif
0796+  0000             #defcont				\#endif
0797+  0000             
0798+  0000             #define     BEQR_(p1__,p2__,p3__,p4__,ba__)     \#if $+6-ba__ < 128
0799+  0000             #defcont                                 \.db $5A,p1__,p2__,p3__,p4__,ba__-$-6
0800+  0000             #defcont				\#else
0801+  0000             #defcont					\#if ba__-$+6 < 127
0802+  0000             #defcont                                 \.db $5A,p1__,p2__,p3__,p4__,$+6-ba__
0803+  0000             #defcont					\#else
0804+  0000             #defcont    					 \ .error "WML7: Branch Macro Out Of Range."
0805+  0000             #defcont					\#endif
0806+  0000             #defcont				\#endif
0807+  0000             
0808+  0000             #define     BEQR_(p1__,p2__,p3__,p4__,p5__,ba__)     \#if $+7-ba__ < 128
0809+  0000             #defcont                                 \.db $5A,p1__,p2__,p3__,p4__,p5__,ba__-$-7
0810+  0000             #defcont				\#else
0811+  0000             #defcont					\#if ba__-$+7 < 127
0812+  0000             #defcont                                 \.db $5A,p1__,p2__,p3__,p4__,p5__,$+7-ba__
0813+  0000             #defcont					\#else
0814+  0000             #defcont    					 \ .error "WML7: Branch Macro Out Of Range."
0815+  0000             #defcont					\#endif
0816+  0000             #defcont				\#endif
0817+  0000             
0818+  0000             #define     BEQR_(p1__,p2__,p3__,p4__,p5__,p6__,ba__)     \#if $+8-ba__ < 128
0819+  0000             #defcont                                 \.db $5A,p1__,p2__,p3__,p4__,p5__,p6__,ba__-$-8
0820+  0000             #defcont				\#else
0821+  0000             #defcont					\#if ba__-$+8 < 127
0822+  0000             #defcont                                 \.db $5A,p1__,p2__,p3__,p4__,p5__,p6__,$+8-ba__
0823+  0000             #defcont					\#else
0824+  0000             #defcont    					 \ .error "WML7: Branch Macro Out Of Range."
0825+  0000             #defcont					\#endif
0826+  0000             #defcont				\#endif
0827+  0000             
0828+  0000             #define     BEQR_(p1__,p2__,p3__,p4__,p5__,p6__,p7__,ba__)     \#if $+9-ba__ < 128
0829+  0000             #defcont                                 \.db $5A,p1__,p2__,p3__,p4__,p5__,p6__,p7__,ba__-$-9
0830+  0000             #defcont				\#else
0831+  0000             #defcont					\#if ba__-$+9 < 127
0832+  0000             #defcont                                 \.db $5A,p1__,p2__,p3__,p4__,p5__,p6__,p7__,$+9-ba__
0833+  0000             #defcont					\#else
0834+  0000             #defcont    					 \ .error "WML7: Branch Macro Out Of Range."
0835+  0000             #defcont					\#endif
0836+  0000             #defcont				\#endif
0837+  0000             
0838+  0000             #define     BEQR_(p1__,p2__,p3__,p4__,p5__,p6__,p7__,p8__,ba__)     \#if $+10-ba__ < 128
0839+  0000             #defcont                                 \.db $5A,p1__,p2__,p3__,p4__,p5__,p6__,p7__,p8__,ba__-$-10
0840+  0000             #defcont				\#else
0841+  0000             #defcont					\#if ba__-$+10 < 127
0842+  0000             #defcont                                 \.db $5A,p1__,p2__,p3__,p4__,p5__,p6__,p7__,p8__,$+10-ba__
0843+  0000             #defcont					\#else
0844+  0000             #defcont    					 \ .error "WML7: Branch Macro Out Of Range."
0845+  0000             #defcont					\#endif
0846+  0000             #defcont				\#endif
0847+  0000             
0848+  0000             #define     BEQR_(p1__,p2__,p3__,p4__,p5__,p6__,p7__,p8__,p9__,ba__)     \#if $+11-ba__ < 128
0849+  0000             #defcont                                 \.db $5A,p1__,p2__,p3__,p4__,p5__,p6__,p7__,p8__,p9__,ba__-$-11
0850+  0000             #defcont				\#else
0851+  0000             #defcont					\#if ba__-$+11 < 127
0852+  0000             #defcont                                 \.db $5A,p1__,p2__,p3__,p4__,p5__,p6__,p7__,p8__,p9__,$+11-ba__
0853+  0000             #defcont					\#else
0854+  0000             #defcont    					 \ .error "WML7: Branch Macro Out Of Range."
0855+  0000             #defcont					\#endif
0856+  0000             #defcont				\#endif
0857+  0000             
0858+  0000             #define     BEQR_(p1__,p2__,p3__,p4__,p5__,p6__,p7__,p8__,p9__,p10__,ba__)     \#if $+12-ba__ < 128
0859+  0000             #defcont                                 \.db $5A,p1__,p2__,p3__,p4__,p5__,p6__,p7__,p8__,p9__,p10__,ba__-$-12
0860+  0000             #defcont				\#else
0861+  0000             #defcont					\#if ba__-$+12 < 127
0862+  0000             #defcont                                 \.db $5A,p1__,p2__,p3__,p4__,p5__,p6__,p7__,p8__,p9__,p10__,$+12-ba__
0863+  0000             #defcont					\#else
0864+  0000             #defcont    					 \ .error "WML7: Branch Macro Out Of Range."
0865+  0000             #defcont					\#endif
0866+  0000             #defcont				\#endif
0867+  0000             
0868+  0000             #define     BEQR_(p1__,p2__,p3__,p4__,p5__,p6__,p7__,p8__,p9__,p10__,p11__,ba__)     \#if $+13-ba__ < 128
0869+  0000             #defcont                                 \.db $5A,p1__,p2__,p3__,p4__,p5__,p6__,p7__,p8__,p9__,p10__,p11__,ba__-$-13
0870+  0000             #defcont				\#else
0871+  0000             #defcont					\#if ba__-$+13 < 127
0872+  0000             #defcont                                 \.db $5A,p1__,p2__,p3__,p4__,p5__,p6__,p7__,p8__,p9__,p10__,p11__,$+13-ba__
0873+  0000             #defcont					\#else
0874+  0000             #defcont    					 \ .error "WML7: Branch Macro Out Of Range."
0875+  0000             #defcont					\#endif
0876+  0000             #defcont				\#endif
0877+  0000             
0878+  0000             #define     BEQR_(p1__,p2__,p3__,p4__,p5__,p6__,p7__,p8__,p9__,p10__,p11__,p12__,ba__)     \#if $+14-ba__ < 128
0879+  0000             #defcont                                 \.db $5A,p1__,p2__,p3__,p4__,p5__,p6__,p7__,p8__,p9__,p10__,p11__,p12__,ba__-$-14
0880+  0000             #defcont				\#else
0881+  0000             #defcont					\#if ba__-$+14 < 127
0882+  0000             #defcont                                 \.db $5A,p1__,p2__,p3__,p4__,p5__,p6__,p7__,p8__,p9__,p10__,p11__,p12__,$+14-ba__
0883+  0000             #defcont					\#else
0884+  0000             #defcont    					 \ .error "WML7: Branch Macro Out Of Range."
0885+  0000             #defcont					\#endif
0886+  0000             #defcont				\#endif
0887+  0000             
0888+  0000             #define     BEQR_(p1__,p2__,p3__,p4__,p5__,p6__,p7__,p8__,p9__,p10__,p11__,p12__,p13__,ba__)     \#if $+15-ba__ < 128
0889+  0000             #defcont                                 \.db $5A,p1__,p2__,p3__,p4__,p5__,p6__,p7__,p8__,p9__,p10__,p11__,p12__,p13__,ba__-$-15
0890+  0000             #defcont				\#else
0891+  0000             #defcont					\#if ba__-$+15 < 127
0892+  0000             #defcont                                 \.db $5A,p1__,p2__,p3__,p4__,p5__,p6__,p7__,p8__,p9__,p10__,p11__,p12__,p13__,$+15-ba__
0893+  0000             #defcont					\#else
0894+  0000             #defcont    					 \ .error "WML7: Branch Macro Out Of Range."
0895+  0000             #defcont					\#endif
0896+  0000             #defcont				\#endif
0897+  0000             
0898+  0000             #define     BEQR_(p1__,p2__,p3__,p4__,p5__,p6__,p7__,p8__,p9__,p10__,p11__,p12__,p13__,p14__,ba__)     \#if $+16-ba__ < 128
0899+  0000             #defcont                                 \.db $5A,p1__,p2__,p3__,p4__,p5__,p6__,p7__,p8__,p9__,p10__,p11__,p12__,p13__,p14__,ba__-$-16
0900+  0000             #defcont				\#else
0901+  0000             #defcont					\#if ba__-$+16 < 127
0902+  0000             #defcont                                 \.db $5A,p1__,p2__,p3__,p4__,p5__,p6__,p7__,p8__,p9__,p10__,p11__,p12__,p13__,p14__,$+16-ba__
0903+  0000             #defcont					\#else
0904+  0000             #defcont    					 \ .error "WML7: Branch Macro Out Of Range."
0905+  0000             #defcont					\#endif
0906+  0000             #defcont				\#endif
0907+  0000             
0908+  0000             #define     BEQR_(p1__,p2__,p3__,p4__,p5__,p6__,p7__,p8__,p9__,p10__,p11__,p12__,p13__,p14__,p15__,ba__)     \#if $+17-ba__ < 128
0909+  0000             #defcont                                 \.db $5A,p1__,p2__,p3__,p4__,p5__,p6__,p7__,p8__,p9__,p10__,p11__,p12__,p13__,p14__,p15__,ba__-$-17
0910+  0000             #defcont				\#else
0911+  0000             #defcont					\#if ba__-$+17 < 127
0912+  0000             #defcont                                 \.db $5A,p1__,p2__,p3__,p4__,p5__,p6__,p7__,p8__,p9__,p10__,p11__,p12__,p13__,p14__,p15__,$+17-ba__
0913+  0000             #defcont					\#else
0914+  0000             #defcont    					 \ .error "WML7: Branch Macro Out Of Range."
0915+  0000             #defcont					\#endif
0916+  0000             #defcont				\#endif
0917+  0000             
0918+  0000             #define     BEQR_(p1__,p2__,p3__,p4__,p5__,p6__,p7__,p8__,p9__,p10__,p11__,p12__,p13__,p14__,p15__,p16__,ba__)     \#if $+18-ba__ < 128
0919+  0000             #defcont                                 \.db $5A,p1__,p2__,p3__,p4__,p5__,p6__,p7__,p8__,p9__,p10__,p11__,p12__,p13__,p14__,p15__,p16__,ba__-$-18
0920+  0000             #defcont				\#else
0921+  0000             #defcont					\#if ba__-$+18 < 127
0922+  0000             #defcont                                 \.db $5A,p1__,p2__,p3__,p4__,p5__,p6__,p7__,p8__,p9__,p10__,p11__,p12__,p13__,p14__,p15__,p16__,$+18-ba__
0923+  0000             #defcont					\#else
0924+  0000             #defcont    					 \ .error "WML7: Branch Macro Out Of Range."
0925+  0000             #defcont					\#endif
0926+  0000             #defcont				\#endif
0927+  0000             
0928+  0000             #define     BEQR_(p1__,p2__,p3__,p4__,p5__,p6__,p7__,p8__,p9__,p10__,p11__,p12__,p13__,p14__,p15__,p16__,p17__,ba__)     \#if $+19-ba__ < 128
0929+  0000             #defcont                                 \.db $5A,p1__,p2__,p3__,p4__,p5__,p6__,p7__,p8__,p9__,p10__,p11__,p12__,p13__,p14__,p15__,p16__,p17__,ba__-$-19
0930+  0000             #defcont				\#else
0931+  0000             #defcont					\#if ba__-$+19 < 127
0932+  0000             #defcont                                 \.db $5A,p1__,p2__,p3__,p4__,p5__,p6__,p7__,p8__,p9__,p10__,p11__,p12__,p13__,p14__,p15__,p16__,p17__,$+19-ba__
0933+  0000             #defcont					\#else
0934+  0000             #defcont    					 \ .error "WML7: Branch Macro Out Of Range."
0935+  0000             #defcont					\#endif
0936+  0000             #defcont				\#endif
0937+  0000             
0938+  0000             #define     BEQA_(p1__,ba__)     \.db $58,p1__ \.dw ba__
0939+  0000             #define     BEQA_(p1__,p2__,ba__)     \.db $58,p1__,p2__ \.dw ba__
0940+  0000             #define     BEQA_(p1__,p2__,p3__,ba__)     \.db $58,p1__,p2__,p3__ \.dw ba__
0941+  0000             #define     BEQA_(p1__,p2__,p3__,p4__,ba__)     \.db $58,p1__,p2__,p3__,p4__ \.dw ba__
0942+  0000             #define     BEQA_(p1__,p2__,p3__,p4__,p5__,ba__)     \.db $58,p1__,p2__,p3__,p4__,p5__ \.dw ba__
0943+  0000             #define     BEQA_(p1__,p2__,p3__,p4__,p5__,p6__,ba__)     \.db $58,p1__,p2__,p3__,p4__,p5__,p6__ \.dw ba__
0944+  0000             #define     BEQA_(p1__,p2__,p3__,p4__,p5__,p6__,p7__,ba__)     \.db $58,p1__,p2__,p3__,p4__,p5__,p6__,p7__ \.dw ba__
0945+  0000             #define     BEQA_(p1__,p2__,p3__,p4__,p5__,p6__,p7__,p8__,ba__)     \.db $58,p1__,p2__,p3__,p4__,p5__,p6__,p7__,p8__ \.dw ba__
0946+  0000             #define     BEQA_(p1__,p2__,p3__,p4__,p5__,p6__,p7__,p8__,p9__,ba__)     \.db $58,p1__,p2__,p3__,p4__,p5__,p6__,p7__,p8__,p9__ \.dw ba__
0947+  0000             #define     BEQA_(p1__,p2__,p3__,p4__,p5__,p6__,p7__,p8__,p9__,p10__,ba__)     \.db $58,p1__,p2__,p3__,p4__,p5__,p6__,p7__,p8__,p9__,p10__ \.dw ba__
0948+  0000             #define     BEQA_(p1__,p2__,p3__,p4__,p5__,p6__,p7__,p8__,p9__,p10__,p11__,ba__)     \.db $58,p1__,p2__,p3__,p4__,p5__,p6__,p7__,p8__,p9__,p10__,p11__ \.dw ba__
0949+  0000             #define     BEQA_(p1__,p2__,p3__,p4__,p5__,p6__,p7__,p8__,p9__,p10__,p11__,p12__,ba__)     \.db $58,p1__,p2__,p3__,p4__,p5__,p6__,p7__,p8__,p9__,p10__,p11__,p12__ \.dw ba__
0950+  0000             
0951+  0000             #define     BNER_(p1__,ba__)     \#if $+3-ba__ < 128
0952+  0000             #defcont                                 \.db $5B,p1__,ba__-$-3
0953+  0000             #defcont				\#else
0954+  0000             #defcont					\#if ba__-$+3 < 127
0955+  0000             #defcont                                 \.db $5B,p1__,$+3-ba__
0956+  0000             #defcont					\#else
0957+  0000             #defcont    					 \ .error "WML7: Branch Macro Out Of Range."
0958+  0000             #defcont					\#endif
0959+  0000             #defcont				\#endif
0960+  0000             
0961+  0000             #define     BNER_(p1__,p2__,ba__)     \#if $+4-ba__ < 128
0962+  0000             #defcont                                 \.db $5B,p1__,p2__,ba__-$-4
0963+  0000             #defcont				\#else
0964+  0000             #defcont					\#if ba__-$+4 < 127
0965+  0000             #defcont                                 \.db $5B,p1__,p2__,$+4-ba__
0966+  0000             #defcont					\#else
0967+  0000             #defcont    					 \ .error "WML7: Branch Macro Out Of Range."
0968+  0000             #defcont					\#endif
0969+  0000             #defcont				\#endif
0970+  0000             
0971+  0000             #define     BNER_(p1__,p2__,p3__,ba__)     \#if $+5-ba__ < 128
0972+  0000             #defcont                                 \.db $5B,p1__,p2__,p3__,ba__-$-5
0973+  0000             #defcont				\#else
0974+  0000             #defcont					\#if ba__-$+5 < 127
0975+  0000             #defcont                                 \.db $5B,p1__,p2__,p3__,$+5-ba__
0976+  0000             #defcont					\#else
0977+  0000             #defcont    					 \ .error "WML7: Branch Macro Out Of Range."
0978+  0000             #defcont					\#endif
0979+  0000             #defcont				\#endif
0980+  0000             
0981+  0000             #define     BNER_(p1__,p2__,p3__,p4__,ba__)     \#if $+6-ba__ < 128
0982+  0000             #defcont                                 \.db $5B,p1__,p2__,p3__,p4__,ba__-$-6
0983+  0000             #defcont				\#else
0984+  0000             #defcont					\#if ba__-$+6 < 127
0985+  0000             #defcont                                 \.db $5B,p1__,p2__,p3__,p4__,$+6-ba__
0986+  0000             #defcont					\#else
0987+  0000             #defcont    					 \ .error "WML7: Branch Macro Out Of Range."
0988+  0000             #defcont					\#endif
0989+  0000             #defcont				\#endif
0990+  0000             
0991+  0000             #define     BNER_(p1__,p2__,p3__,p4__,p5__,ba__)     \#if $+7-ba__ < 128
0992+  0000             #defcont                                 \.db $5B,p1__,p2__,p3__,p4__,p5__,ba__-$-7
0993+  0000             #defcont				\#else
0994+  0000             #defcont					\#if ba__-$+7 < 127
0995+  0000             #defcont                                 \.db $5B,p1__,p2__,p3__,p4__,p5__,$+7-ba__
0996+  0000             #defcont					\#else
0997+  0000             #defcont    					 \ .error "WML7: Branch Macro Out Of Range."
0998+  0000             #defcont					\#endif
0999+  0000             #defcont				\#endif
1000+  0000             
1001+  0000             #define     BNER_(p1__,p2__,p3__,p4__,p5__,p6__,ba__)     \#if $+8-ba__ < 128
1002+  0000             #defcont                                 \.db $5B,p1__,p2__,p3__,p4__,p5__,p6__,ba__-$-8
1003+  0000             #defcont				\#else
1004+  0000             #defcont					\#if ba__-$+8 < 127
1005+  0000             #defcont                                 \.db $5B,p1__,p2__,p3__,p4__,p5__,p6__,$+8-ba__
1006+  0000             #defcont					\#else
1007+  0000             #defcont    					 \ .error "WML7: Branch Macro Out Of Range."
1008+  0000             #defcont					\#endif
1009+  0000             #defcont				\#endif
1010+  0000             
1011+  0000             #define     BNER_(p1__,p2__,p3__,p4__,p5__,p6__,p7__,ba__)     \#if $+9-ba__ < 128
1012+  0000             #defcont                                 \.db $5B,p1__,p2__,p3__,p4__,p5__,p6__,p7__,ba__-$-9
1013+  0000             #defcont				\#else
1014+  0000             #defcont					\#if ba__-$+9 < 127
1015+  0000             #defcont                                 \.db $5B,p1__,p2__,p3__,p4__,p5__,p6__,p7__,$+9-ba__
1016+  0000             #defcont					\#else
1017+  0000             #defcont    					 \ .error "WML7: Branch Macro Out Of Range."
1018+  0000             #defcont					\#endif
1019+  0000             #defcont				\#endif
1020+  0000             
1021+  0000             #define     BNER_(p1__,p2__,p3__,p4__,p5__,p6__,p7__,p8__,ba__)     \#if $+10-ba__ < 128
1022+  0000             #defcont                                 \.db $5B,p1__,p2__,p3__,p4__,p5__,p6__,p7__,p8__,ba__-$-10
1023+  0000             #defcont				\#else
1024+  0000             #defcont					\#if ba__-$+10 < 127
1025+  0000             #defcont                                 \.db $5B,p1__,p2__,p3__,p4__,p5__,p6__,p7__,p8__,$+10-ba__
1026+  0000             #defcont					\#else
1027+  0000             #defcont    					 \ .error "WML7: Branch Macro Out Of Range."
1028+  0000             #defcont					\#endif
1029+  0000             #defcont				\#endif
1030+  0000             
1031+  0000             #define     BNER_(p1__,p2__,p3__,p4__,p5__,p6__,p7__,p8__,p9__,ba__)     \#if $+11-ba__ < 128
1032+  0000             #defcont                                 \.db $5B,p1__,p2__,p3__,p4__,p5__,p6__,p7__,p8__,p9__,ba__-$-11
1033+  0000             #defcont				\#else
1034+  0000             #defcont					\#if ba__-$+11 < 127
1035+  0000             #defcont                                 \.db $5B,p1__,p2__,p3__,p4__,p5__,p6__,p7__,p8__,p9__,$+11-ba__
1036+  0000             #defcont					\#else
1037+  0000             #defcont    					 \ .error "WML7: Branch Macro Out Of Range."
1038+  0000             #defcont					\#endif
1039+  0000             #defcont				\#endif
1040+  0000             
1041+  0000             #define     BNER_(p1__,p2__,p3__,p4__,p5__,p6__,p7__,p8__,p9__,p10__,ba__)     \#if $+12-ba__ < 128
1042+  0000             #defcont                                 \.db $5B,p1__,p2__,p3__,p4__,p5__,p6__,p7__,p8__,p9__,p10__,ba__-$-12
1043+  0000             #defcont				\#else
1044+  0000             #defcont					\#if ba__-$+12 < 127
1045+  0000             #defcont                                 \.db $5B,p1__,p2__,p3__,p4__,p5__,p6__,p7__,p8__,p9__,p10__,$+12-ba__
1046+  0000             #defcont					\#else
1047+  0000             #defcont    					 \ .error "WML7: Branch Macro Out Of Range."
1048+  0000             #defcont					\#endif
1049+  0000             #defcont				\#endif
1050+  0000             
1051+  0000             #define     BNER_(p1__,p2__,p3__,p4__,p5__,p6__,p7__,p8__,p9__,p10__,p11__,ba__)     \#if $+13-ba__ < 128
1052+  0000             #defcont                                 \.db $5B,p1__,p2__,p3__,p4__,p5__,p6__,p7__,p8__,p9__,p10__,p11__,ba__-$-13
1053+  0000             #defcont				\#else
1054+  0000             #defcont					\#if ba__-$+13 < 127
1055+  0000             #defcont                                 \.db $5B,p1__,p2__,p3__,p4__,p5__,p6__,p7__,p8__,p9__,p10__,p11__,$+13-ba__
1056+  0000             #defcont					\#else
1057+  0000             #defcont    					 \ .error "WML7: Branch Macro Out Of Range."
1058+  0000             #defcont					\#endif
1059+  0000             #defcont				\#endif
1060+  0000             
1061+  0000             #define     BNER_(p1__,p2__,p3__,p4__,p5__,p6__,p7__,p8__,p9__,p10__,p11__,p12__,ba__)     \#if $+14-ba__ < 128
1062+  0000             #defcont                                 \.db $5B,p1__,p2__,p3__,p4__,p5__,p6__,p7__,p8__,p9__,p10__,p11__,p12__,ba__-$-14
1063+  0000             #defcont				\#else
1064+  0000             #defcont					\#if ba__-$+14 < 127
1065+  0000             #defcont                                 \.db $5B,p1__,p2__,p3__,p4__,p5__,p6__,p7__,p8__,p9__,p10__,p11__,p12__,$+14-ba__
1066+  0000             #defcont					\#else
1067+  0000             #defcont    					 \ .error "WML7: Branch Macro Out Of Range."
1068+  0000             #defcont					\#endif
1069+  0000             #defcont				\#endif
1070+  0000             
1071+  0000             #define     BNER_(p1__,p2__,p3__,p4__,p5__,p6__,p7__,p8__,p9__,p10__,p11__,p12__,p13__,ba__)     \#if $+15-ba__ < 128
1072+  0000             #defcont                                 \.db $5B,p1__,p2__,p3__,p4__,p5__,p6__,p7__,p8__,p9__,p10__,p11__,p12__,p13__,ba__-$-15
1073+  0000             #defcont				\#else
1074+  0000             #defcont					\#if ba__-$+15 < 127
1075+  0000             #defcont                                 \.db $5B,p1__,p2__,p3__,p4__,p5__,p6__,p7__,p8__,p9__,p10__,p11__,p12__,p13__,$+15-ba__
1076+  0000             #defcont					\#else
1077+  0000             #defcont    					 \ .error "WML7: Branch Macro Out Of Range."
1078+  0000             #defcont					\#endif
1079+  0000             #defcont				\#endif
1080+  0000             
1081+  0000             #define     BNER_(p1__,p2__,p3__,p4__,p5__,p6__,p7__,p8__,p9__,p10__,p11__,p12__,p13__,p14__,ba__)     \#if $+16-ba__ < 128
1082+  0000             #defcont                                 \.db $5B,p1__,p2__,p3__,p4__,p5__,p6__,p7__,p8__,p9__,p10__,p11__,p12__,p13__,p14__,ba__-$-16
1083+  0000             #defcont				\#else
1084+  0000             #defcont					\#if ba__-$+16 < 127
1085+  0000             #defcont                                 \.db $5B,p1__,p2__,p3__,p4__,p5__,p6__,p7__,p8__,p9__,p10__,p11__,p12__,p13__,p14__,$+16-ba__
1086+  0000             #defcont					\#else
1087+  0000             #defcont    					 \ .error "WML7: Branch Macro Out Of Range."
1088+  0000             #defcont					\#endif
1089+  0000             #defcont				\#endif
1090+  0000             
1091+  0000             #define     BNER_(p1__,p2__,p3__,p4__,p5__,p6__,p7__,p8__,p9__,p10__,p11__,p12__,p13__,p14__,p15__,ba__)     \#if $+17-ba__ < 128
1092+  0000             #defcont                                 \.db $5B,p1__,p2__,p3__,p4__,p5__,p6__,p7__,p8__,p9__,p10__,p11__,p12__,p13__,p14__,p15__,ba__-$-17
1093+  0000             #defcont				\#else
1094+  0000             #defcont					\#if ba__-$+17 < 127
1095+  0000             #defcont                                 \.db $5B,p1__,p2__,p3__,p4__,p5__,p6__,p7__,p8__,p9__,p10__,p11__,p12__,p13__,p14__,p15__,$+17-ba__
1096+  0000             #defcont					\#else
1097+  0000             #defcont    					 \ .error "WML7: Branch Macro Out Of Range."
1098+  0000             #defcont					\#endif
1099+  0000             #defcont				\#endif
1100+  0000             
1101+  0000             #define     BNER_(p1__,p2__,p3__,p4__,p5__,p6__,p7__,p8__,p9__,p10__,p11__,p12__,p13__,p14__,p15__,p16__,ba__)     \#if $+18-ba__ < 128
1102+  0000             #defcont                                 \.db $5B,p1__,p2__,p3__,p4__,p5__,p6__,p7__,p8__,p9__,p10__,p11__,p12__,p13__,p14__,p15__,p16__,ba__-$-18
1103+  0000             #defcont				\#else
1104+  0000             #defcont					\#if ba__-$+18 < 127
1105+  0000             #defcont                                 \.db $5B,p1__,p2__,p3__,p4__,p5__,p6__,p7__,p8__,p9__,p10__,p11__,p12__,p13__,p14__,p15__,p16__,$+18-ba__
1106+  0000             #defcont					\#else
1107+  0000             #defcont    					 \ .error "WML7: Branch Macro Out Of Range."
1108+  0000             #defcont					\#endif
1109+  0000             #defcont				\#endif
1110+  0000             
1111+  0000             #define     BEQR_(p1__,p2__,p3__,p4__,p5__,p6__,p7__,p8__,p9__,p10__,p11__,p12__,p13__,p14__,p15__,p16__,p17__,ba__)     \#if $+19-ba__ < 128
1112+  0000             #defcont                                 \.db $5B,p1__,p2__,p3__,p4__,p5__,p6__,p7__,p8__,p9__,p10__,p11__,p12__,p13__,p14__,p15__,p16__,p17__,ba__-$-19
1113+  0000             #defcont				\#else
1114+  0000             #defcont					\#if ba__-$+19 < 127
1115+  0000             #defcont                                 \.db $5B,p1__,p2__,p3__,p4__,p5__,p6__,p7__,p8__,p9__,p10__,p11__,p12__,p13__,p14__,p15__,p16__,p17__,$+19-ba__
1116+  0000             #defcont					\#else
1117+  0000             #defcont    					 \ .error "WML7: Branch Macro Out Of Range."
1118+  0000             #defcont					\#endif
1119+  0000             #defcont				\#endif
1120+  0000             
1121+  0000             #define     BNEA_(p1__,ba__)     \.db $59,p1__ \.dw ba__
1122+  0000             #define     BNEA_(p1__,p2__,ba__)     \.db $59,p1__,p2__ \.dw ba__
1123+  0000             #define     BNEA_(p1__,p2__,p3__,ba__)     \.db $59,p1__,p2__,p3__ \.dw ba__
1124+  0000             #define     BNEA_(p1__,p2__,p3__,p4__,ba__)     \.db $59,p1__,p2__,p3__,p4__ \.dw ba__
1125+  0000             #define     BNEA_(p1__,p2__,p3__,p4__,p5__,ba__)     \.db $59,p1__,p2__,p3__,p4__,p5__ \.dw ba__
1126+  0000             #define     BNEA_(p1__,p2__,p3__,p4__,p5__,p6__,ba__)     \.db $59,p1__,p2__,p3__,p4__,p5__,p6__ \.dw ba__
1127+  0000             #define     BNEA_(p1__,p2__,p3__,p4__,p5__,p6__,p7__,ba__)     \.db $59,p1__,p2__,p3__,p4__,p5__,p6__,p7__ \.dw ba__
1128+  0000             #define     BNEA_(p1__,p2__,p3__,p4__,p5__,p6__,p7__,p8__,ba__)     \.db $59,p1__,p2__,p3__,p4__,p5__,p6__,p7__,p8__ \.dw ba__
1129+  0000             #define     BNEA_(p1__,p2__,p3__,p4__,p5__,p6__,p7__,p8__,p9__,ba__)     \.db $59,p1__,p2__,p3__,p4__,p5__,p6__,p7__,p8__,p9__ \.dw ba__
1130+  0000             #define     BNEA_(p1__,p2__,p3__,p4__,p5__,p6__,p7__,p8__,p9__,p10__,ba__)     \.db $59,p1__,p2__,p3__,p4__,p5__,p6__,p7__,p8__,p9__,p10__ \.dw ba__
1131+  0000             #define     BNEA_(p1__,p2__,p3__,p4__,p5__,p6__,p7__,p8__,p9__,p10__,p11__,ba__)     \.db $59,p1__,p2__,p3__,p4__,p5__,p6__,p7__,p8__,p9__,p10__,p11__ \.dw ba__
1132+  0000             #define     BNEA_(p1__,p2__,p3__,p4__,p5__,p6__,p7__,p8__,p9__,p10__,p11__,p12__,ba__)     \.db $59,p1__,p2__,p3__,p4__,p5__,p6__,p7__,p8__,p9__,p10__,p11__,p12__ \.dw ba__
1133+  0000             
1134+  0000             ;**********************************************************
1135+  0000             ;* Macros 5C-5F
1136+  0000             ;**********************************************************
1137+  0000             #define	JMPD_(a)		.db $5c \.dw a
1138+  0000             
1139+  0000             #define	SWSET_(a)		.db $5d,a
1140+  0000             #define	SWSET_(a,b)		.db $5d,a,b
1141+  0000             #define	SWSET_(a,b,c)	.db $5d,a,b,c
1142+  0000             #define	SWSET_(a,b,c,d)	.db $5d,a,b,c,d
1143+  0000             
1144+  0000             #define	SWCLR_(a)		.db $5e,a
1145+  0000             #define	SWCLR_(a,b)		.db $5e,a,b
1146+  0000             #define	SWCLR_(a,b,c)	.db $5e,a,b,c
1147+  0000             #define	SWCLR_(a,b,c,d)	.db $5e,a,b,c,d
1148+  0000             
1149+  0000             #define	JMP_(a)		.db $5f \.dw a
1150+  0000             
1151+  0000             ;**********************************************************
1152+  0000             ;* Macro 6X:
1153+  0000             ;**********************************************************
1154+  0000             #define	SLEEPI_(a)		.db ($60+(a&$0f))
1155+  0000             
1156+  0000             ;**********************************************************
1157+  0000             ;* Macro 7X: 
1158+  0000             ;**********************************************************
1159+  0000             ;See SLEEP macro previous (53)...
1160+  0000             
1161+  0000             ;**********************************************************
1162+  0000             ;* Macro 8X:
1163+  0000             ;**********************************************************
1164+  0000             #define 	JMPR_(a)		\#if a-$ > $7ff
1165+  0000             #defcont				\	.error "Macro JMPR_: Relative branch exceedes limit. Use JMP_ instead."
1166+  0000             #defcont				\#else
1167+  0000             #defcont				\	#if $-a > $7ff
1168+  0000             #defcont				\		.error "Macro JMPR_: Relative branch exceedes limit. Use JMP_ instead."
1169+  0000             #defcont				\	#endif
1170+  0000             #defcont				\#endif
1171+  0000             #defcont				\	.db ($80+(((a-($+2))>>8)&$0f)) \.db ((a-($+1))&$ff)
1172+  0000             
1173+  0000             ;**********************************************************
1174+  0000             ;* Macro 9X:
1175+  0000             ;**********************************************************
1176+  0000             #define 	JSRR_(a)		\#if a-$ > $7ff
1177+  0000             #defcont				\	.error "Macro JSRR_: Relative branch exceedes limit. Use JSR_ instead."
1178+  0000             #defcont				\#else
1179+  0000             #defcont				\	#if $-a > $7ff
1180+  0000             #defcont				\		.error "Macro JSRR_: Relative branch exceedes limit. Use JSR_ instead."
1181+  0000             #defcont				\	#endif
1182+  0000             #defcont				\#endif
1183+  0000             #defcont				\	.db ($90+(((a-($+2))>>8)&$0f)) \.db ((a-($+1))&$ff)
1184+  0000             ;**********************************************************
1185+  0000             ;* Macro AX:
1186+  0000             ;**********************************************************
1187+  0000             #define 	JSRDR_(a)		\#if a-$ > $7ff
1188+  0000             #defcont				\	.error "Macro JSRDR_: Relative branch exceedes limit. Use JSRD_ instead."
1189+  0000             #defcont				\#else
1190+  0000             #defcont				\	#if $-a > $7ff
1191+  0000             #defcont				\		.error "Macro JSRDR_: Relative branch exceedes limit. Use JSRD_ instead."
1192+  0000             #defcont				\	#endif
1193+  0000             #defcont				\#endif
1194+  0000             #defcont				\	.db ($a0+(((a-($+2))>>8)&$0f)) \.db ((a-($+1))&$ff)
1195+  0000             
1196+  0000             
1197+  0000             ;**********************************************************
1198+  0000             ;* Macro BX: Add NextByte to RAM LSD(command) 
1199+  0000             ;**********************************************************
1200+  0000             #define 	ADDRAM_(ramloc,data)	.db ($b0+ramloc),data
1201+  0000             
1202+  0000             ;**********************************************************
1203+  0000             ;* Macro CX: Set NextByte to RAM LSD(command) 
1204+  0000             ;**********************************************************
1205+  0000             #define 	SETRAM_(ramloc,data)	.db ($c0+ramloc),data
1206+  0000             
1207+  0000             ;**********************************************************
1208+  0000             ;* Macro DX: Lamp Range Effects for extended lamp matrix
1209+  0000             ;**********************************************************
1210+  0000             #define	BITON3_(a)		\.db $d0,a
1211+  0000             #define	BITON3_(a,b)	\.db $d0,(a+$80),b
1212+  0000             #define	BITON3_(a,b,c)	\.db $d0,(a+$80),(b+$80),c
1213+  0000             #define	BITON3_(a,b,c,d)	\.db $d0,(a+$80),(b+$80),(c+$80),d
1214+  0000             
1215+  0000             #define	BITOFF3_(a)		\.db $d1,a
1216+  0000             #define	BITOFF3_(a,b)	\.db $d1,(a+$80),b
1217+  0000             #define	BITOFF3_(a,b,c)	\.db $d1,(a+$80),(b+$80),c
1218+  0000             #define	BITOFF3_(a,b,c,d)	\.db $d1,(a+$80),(b+$80),(c+$80),d
1219+  0000             
1220+  0000             #define	BITINV3_(a)		\.db $d2,a
1221+  0000             #define	BITINV3_(a,b)	\.db $d2,(a+$80),b
1222+  0000             #define	BITINV3_(a,b,c)	\.db $d2,(a+$80),(b+$80),c
1223+  0000             #define	BITINV3_(a,b,c,d)	\.db $d2,(a+$80),(b+$80),(c+$80),d
1224+  0000             
1225+  0000             #define	BITON3a_(a)		\.db $d4,a
1226+  0000             #define	BITON3a_(a,b)	\.db $d4,(a+$80),b
1227+  0000             #define	BITON3a_(a,b,c)	\.db $d4,(a+$80),(b+$80),c
1228+  0000             #define	BITON3a_(a,b,c,d)	\.db $d4,(a+$80),(b+$80),(c+$80),d
1229+  0000             
1230+  0000             #define	BITOFF3a_(a)	\.db $d5,a
1231+  0000             #define	BITOFF3a_(a,b)	\.db $d5,(a+$80),b
1232+  0000             #define	BITOFF3a_(a,b,c)	\.db $d5,(a+$80),(b+$80),c
1233+  0000             #define	BITOFF3a_(a,b,c,d) \.db $d5,(a+$80),(b+$80),(c+$80),d
1234+  0000             
1235+  0000             #define	BITINV3a_(a)	\.db $d6,a
1236+  0000             #define	BITINV3a_(a,b)	\.db $d6,(a+$80),b
1237+  0000             #define	BITINV3a_(a,b,c)	\.db $d6,(a+$80),(b+$80),c
1238+  0000             #define	BITINV3a_(a,b,c,d) \.db $d6,(a+$80),(b+$80),(c+$80),d
1239+  0000             
1240+  0000             #define	BITON4_(a)		\.db $d8,a
1241+  0000             #define	BITON4_(a,b)	\.db $d8,(a+$80),b
1242+  0000             #define	BITON4_(a,b,c)	\.db $d8,(a+$80),(b+$80),c
1243+  0000             #define	BITON4_(a,b,c,d)	\.db $d8,(a+$80),(b+$80),(c+$80),d
1244+  0000             
1245+  0000             #define	BITOFF4_(a)		\.db $d9,a
1246+  0000             #define	BITOFF4_(a,b)	\.db $d9,(a+$80),b
1247+  0000             #define	BITOFF4_(a,b,c)	\.db $d9,(a+$80),(b+$80),c
1248+  0000             #define	BITOFF4_(a,b,c,d)	\.db $d9,(a+$80),(b+$80),(c+$80),d
1249+  0000             
1250+  0000             #define	BITINV4_(a)		\.db $da,a
1251+  0000             #define	BITINV4_(a,b)	\.db $da,(a+$80),b
1252+  0000             #define	BITINV4_(a,b,c)	\.db $da,(a+$80),(b+$80),c
1253+  0000             #define	BITINV4_(a,b,c,d)	\.db $da,(a+$80),(b+$80),(c+$80),d
1254+  0000             
1255+  0000             #define	BITON4a_(a)		\.db $dc,a
1256+  0000             #define	BITON4a_(a,b)	\.db $dc,(a+$80),b
1257+  0000             #define	BITON4a_(a,b,c)	\.db $dc,(a+$80),(b+$80),c
1258+  0000             #define	BITON4a_(a,b,c,d)	\.db $dc,(a+$80),(b+$80),(c+$80),d
1259+  0000             
1260+  0000             #define	BITOFF4a_(a)	\.db $dd,a
1261+  0000             #define	BITOFF4a_(a,b)	\.db $dd,(a+$80),b
1262+  0000             #define	BITOFF4a_(a,b,c)	\.db $dd,(a+$80),(b+$80),c
1263+  0000             #define	BITOFF4a_(a,b,c,d) \.db $dd,(a+$80),(b+$80),(c+$80),d
1264+  0000             
1265+  0000             #define	BITINV4a_(a)	\.db $de,a
1266+  0000             #define	BITINV4a_(a,b)	\.db $de,(a+$80),b
1267+  0000             #define	BITINV4a_(a,b,c)	\.db $de,(a+$80),(b+$80),c
1268+  0000             #define	BITINV4a_(a,b,c,d) \.db $de,(a+$80),(b+$80),(c+$80),d
1269+  0000             
1270+  0000             ;**********************************************************
1271+  0000             ;* Macro EX,FX: Play Index Sound Once 
1272+  0000             ;**********************************************************
1273+  0000             #define	SND_(a)			.db $e0+a
0010   0000             #include  "sb_hard.asm"     ;Hardware Definitions       
0001+  0000             ;***********************************************************
0002+  0000             ;* Hyperball/Spellbinder Hardware Definitions                          
0003+  0000             ;* 1999-2001 Jess M. Askey (jess@askey.org)                
0004+  0000             ;***********************************************************
0005+  0000             ;* This file defines the RAM structure and the actual      
0006+  0000             ;* hardware contained on Hyperball.                        
0007+  0000             ;***********************************************************
0008+  0000             	.org $0000
0009+  0000             
0010+  0000             ram_base	
0011+  0000             vm_reg_a			.block	1		;Virtual Machine Register A
0012+  0001             vm_reg_b			.block	1		;Virtual Machine Register B
0013+  0002             game_ram_2			.block	1
0014+  0003             game_ram_3			.block	1
0015+  0004             game_ram_4			.block	1
0016+  0005             game_ram_5			.block	1
0017+  0006             game_ram_6			.block	1
0018+  0007             game_ram_7			.block	1
0019+  0008             game_ram_8			.block	1
0020+  0009             game_ram_9			.block	1
0021+  000A             game_ram_a			.block	1
0022+  000B             game_ram_b			.block	1
0023+  000C             game_ram_c			.block	1
0024+  000D             reflx_tmr_btr		.block	1		;Reflex wave thread timer and Baiter data to
0025+  000E             reflx_cur_hits		.block	1		;Reflex wave current hit counter 
0026+  000F             reflx_cur_pts		.block	1		;Reflex wave current point value
0027+  0010             
0028+  0010             
0029+  0010             
0030+  0010             ;NOTE these next 12 bytes are saved between player switches to restore on resume
0031+  0010             lampbuffer0			.block	12d		;Lamp Buffer 0
0032+  001C             ;specific bitflags
0033+  001C             bitflags			.block	12d		;Game Flags
0034+  0028                                                 ;80 - Sparkle Enabled
0035+  0028                                                 ;40 -
0036+  0028                                                 ;20 - 
0037+  0028                                                 ;10 - 
0038+  0028                                                 ;08 - 
0039+  0028                                                 ;04 - 
0040+  0028                                                 ;02 - 
0041+  0028                                                 ;01 - 
0042+  0028             lampbufferselect	.block	12d		;Lamp Buffer Selection Bit
0043+  0034             lampbuffer1			.block	12d		;Lamp Buffer 1 + Extension
0044+  0040             lampflashflag		.block	12d		;Lamp Flashing Bits + Extension	
0045+  004C             
0046+  004C             score_p1_b0			.block	4
0047+  0050             score_p2_b0			.block	4
0048+  0054             score_p1_b1			.block	4
0049+  0058             score_p2_b1			.block	4
0050+  005C             p1_dispwiz			.block	1
0051+  005D             p2_dispwiz			.block	1
0052+  005E             p1_dispalt			.block	1	
0053+  005F             p2_dispalt			.block	1
0054+  0060             alpha_b0			.block	12
0055+  006C             alpha_b1			.block	12
0056+  0078             
0057+  0078             dmask_p1			.block	1
0058+  0079             dmask_p2			.block	1
0059+  007A             dmask_alpha			.block	2       ;Two bytes for the Alpha Display
0060+  007C             comma_flags			.block	1
0061+  007D             switch_debounced	.block	8
0062+  0085             switch_masked		.block	8
0063+  008D             switch_pending		.block	8
0064+  0095             switch_aux			.block	8
0065+  009D             switch_b4			.block	8
0066+  00A5             irq_counter			.block	1       ;IRQ Counter is the main driver for the Display Digit
0067+  00A6                                                 ;Strobes. It cycles from 01-10 and then repeats, skipping 00
0068+  00A6                                                 
0069+  00A6             lamp_index_word		.block	1		;Rotating bit for lamp columns
0070+  00A7             lamp_index_wordx	.block	1		;Rotating bit for extended lamp colulmns
0071+  00A8             cur_lampstrobe		.block	1		;
0072+  00A9             comma_data_temp		.block	1
0073+  00AA             
0074+  00AA             credp1p2_bufferselect	.block	1
0075+  00AB             alpha_bufferselect	.block	1
0076+  00AC             swap_player_displays	.block	1
0077+  00AD             alpha_digit_cur		.block	2
0078+  00AF             solenoid_address	.block	2
0079+  00B1             solenoid_bitpos		.block	1
0080+  00B2             solenoid_counter	.block	1
0081+  00B3             irqcount16			.block	1
0082+  00B4             switch_queue_pointer	.block	2		;switch_queue_pointer
0083+  00B6             solenoid_queue_pointer	.block	2		;solenoid_queue_pointer
0084+  00B8             temp1				.block	2
0085+  00BA             temp2				.block	2
0086+  00BC             temp3				.block	2		;$00BC
0087+  00BE             sys_temp1			.block	1
0088+  00BF             sys_temp2			.block	1
0089+  00C0             sys_temp3			.block	1
0090+  00C1             sys_temp4			.block	1
0091+  00C2             sys_temp5			.block	1
0092+  00C3             
0093+  00C3             sw_encoded			.block	1
0094+  00C4             sys_temp_w2			.block	2
0095+  00C6             sys_temp_w3			.block	2
0096+  00C8             thread_priority		.block	1
0097+  00C9             unused_ram1			.block	1		;$00
0098+  00CA             irqcount			.block	1
0099+  00CB             vm_base			    .block	2
0100+  00CD             vm_nextslot			.block	2
0101+  00CF             current_thread		.block	2
0102+  00D1             vm_tail_thread		.block	2
0103+  00D3             lamp_flash_rate		.block	1		;lamp_flash_rate
0104+  00D4             lamp_flash_count    .block	1
0105+  00D5             thread_timer_byte	.block	1
0106+  00D6             soundcount			.block	1
0107+  00D7             lastsound			.block	1
0108+  00D8             cur_sndflags		.block	1		;$00
0109+  00D9             soundptr			.block	2
0110+  00DB             soundirqcount		.block	2
0111+  00DD             soundindex_com		.block	2
0112+  00DF             sys_soundflags		.block	1		;$00DF
0113+  00E0                     ;SOUND BITFLAGS
0114+  00E0                     ; 80 - complex sound being played
0115+  00E0                     ; 40 - simple sound being played
0116+  00E0                     ; 20 -
0117+  00E0                     ; 10
0118+  00E0             soundindex			.block	1		;$00E0
0119+  00E1             csound_timer		.block	2		;$00E1
0120+  00E3             next_sndflags		.block	1		;$00E3
0121+  00E4             next_sndcnt		    .block	1		;$00E4
0122+  00E5             next_sndcmd		    .block	1		;$00E5
0123+  00E6             
0124+  00E6             flag_tilt			.block	1
0125+  00E7             flag_gameover		.block	1
0126+  00E8             random_bool			.block	1
0127+  00E9             flags_selftest		.block	1
0128+  00EA             num_players			.block	1
0129+  00EB             player_up			.block	1
0130+  00EC             pscore_buf			.block	2
0131+  00EE             					.block	1		;unknown?
0132+  00EF             vm_pc				.block	2		
0133+  00F1             num_tilt			.block	1
0134+  00F2             minutetimer			.block	2
0135+  00F4             flag_timer_bip		.block	1		;$00F4
0136+  00F5             randomseed			.block	1
0137+  00F6             x_temp_1			.block	2		;$00
0138+  00F8             eb_x_temp			.block	2		;$00
0139+  00FA             credit_x_temp		.block	2		;$00
0140+  00FC             x_temp_2			.block	2
0141+  00FE             character_ptr		.block	2
0142+  0100             
0143+  0100             ;***************************************************************
0144+  0100             ;* CMOS RAM - The cmos RAM data bus is only 4-bits wide, so
0145+  0100             ;*            each byte of data takes two consecutive address
0146+  0100             ;*            locations. The lower address is the most 
0147+  0100             ;*            significant nibble in the byte.
0148+  0100             ;***************************************************************
0149+  0100             	.org $0100
0150+  0100             
0151+  0100             cmos_base
0152+  0100             cmos_csum			.block	2
0153+  0102             
0154+  0102             ;* First section is game audits
0155+  0102             aud_base
0156+  0102             aud_leftcoins		.block	4	;0102-0105	"Coins, Left Chute"
0157+  0106             aud_centercoins		.block	4	;0106-0109	"Coins, Center Chute"
0158+  010A             aud_rightcoins		.block	4	;010A-010D	"Coins, Right Chute"
0159+  010E             aud_paidcredits		.block	4	;010E-0111	Total Paid Credits
0160+  0112             aud_specialcredits	.block	4	;0112-0115	Special Credits
0161+  0116             aud_replaycredits	.block	4	;0116-0119	Replay Score Credits
0162+  011A             aud_matchcredits	.block	4	;011A-011D	Match Credits
0163+  011E             aud_totalcredits	.block	4	;011E-0121	Total Credits
0164+  0122             aud_extraballs		.block	4	;0122-0125	Total Extra Balls *NOT USED IN HYPERBALL*
0165+  0126             aud_avgballtime		.block	4	;0126-0129	Ball Time in Minutes
0166+  012A             aud_totalballs		.block	4	;012A-012D	Total Balls Played
0167+  012E             
0168+  012E             aud_game1			.block	4	;012E-0131	Game Specific Audit#1
0169+  0132             aud_game2			.block	4	;0132-0135	Game Specific Audit#2
0170+  0136             aud_game3			.block	4	;0136-0139	Game Specific Audit#3
0171+  013A             aud_game4			.block	4	;013A-013D	Game Specific Audit#4
0172+  013E             aud_game5			.block	4	;013E-0141	Game Specific Audit#5
0173+  0142             aud_game6			.block	4	;0142-0145	Game Specific Audit#6
0174+  0146             aud_game7			.block	4	;0146-0149	Game Specific Audit#7
0175+  014A             
0176+  014A             aud_autocycles		.block	4	;014A-014D	Number of Auto Cycles Completed
0177+  014E             aud_hstdcredits		.block	2	;014E-014F	2 -HSTD Credits Awarded
0178+  0150             aud_replay1times	.block	4	;0150-0153	2 -Times Exceeded
0179+  0154             aud_replay2times	.block	4	;0154-0157	2 -Times Exceeded
0180+  0158             aud_replay3times	.block	4	;0158-015B	2 -Times Exceeded
0181+  015C             aud_replay4times	.block	4	;015C-015F	2 -Times Exceeded
0182+  0160                                 .block	2	;0160-0161	Unknown
0183+  0162             cmos_bonusunits		.block	2	;0162-1063	Hold Over Bonus Coin Units
0184+  0164             cmos_coinunits		.block	2	;0164-0165	Hold Over Total Coin Units
0185+  0166             aud_reset_end					;Defines upper bound of RAM to clear on reset	
0186+  0166             				
0187+  0166             aud_currenthstd		.block	8	;0166-016D	Current HSTD
0188+  016E             aud_currentcredits	.block	2	;016D-016F  Current Credits			
0189+  0170             aud_command			.block	2	;0170-0171	Command Entry
0190+  0172             
0191+  0172                                 .block	11
0192+  017D             
0193+  017D             
0194+  017D             
0195+  017D             
0196+  017D             ;* Then adjustments
0197+  017D             adj_base
0198+  017D             adj_cmoscsum			.block	4	;017D-0180	"Game #, ROM Revision"                                     
0199+  0181             adj_backuphstd			.block	2     ;0181-0182	Backup HSTD                                                
0200+  0183             adj_replay1				.block	2     ;0183-0184	Replay 1 Score                                             
0201+  0185             adj_replay2				.block	2     ;0185-0186	Replay 2 Score                                             
0202+  0187             adj_replay3				.block	2     ;0187-0188	Replay 3 Score                                             
0203+  0189             adj_replay4				.block	2     ;0189-018A	Replay 4 Score                                             
0204+  018B             adj_matchenable			.block	2     ;018B-018C	Match: 00=On 01=OFF                                        
0205+  018D             adj_specialaward		.block	2     ;018D-018E	Special:00=Awards Credit 01=Extra Ball 02=Awards Points    
0206+  018F             adj_replayaward			.block	2     ;018F-0190	Replay Scores: 00=Awards Credit 01=Extra Ball              
0207+  0191             adj_maxplumbbobtilts	.block	2     ;0191-0192	Max Plumb Bob Tilts                            
0208+  0193             adj_wizardspergame		.block	2     ;0193-0194	Number of Wizards per game                                 
0209+  0195             
0210+  0195             adj_gamebase  			;start of game specific adjustments here
0211+  0195             adj_energyextended		.block	2     ;0195-0196	Number of Energy Bases to start in extended play                                 
0212+  0197             adj_reflex_diff			.block	2     ;0197-0198	Game Specific Adjustment#2 (adj_gameadjust2)                            
0213+  0199             adj_ec_award_level		.block	2     ;0199-019A	Game Specific Adjustment#3 (adj_gameadjust3)                             
0214+  019B             adj_bolt_speed			.block	2     ;019B-019C	Game Specific Adjustment#4 (adj_gameadjust4)                           
0215+  019D             adj_bolt_feed			.block	2     ;019D-019E	Game Specific Adjustment#5 (adj_gameadjust5)                             
0216+  019F             adj_baiter_speed		.block	2     ;019F-01A0	Game Specific Adjustment#6 (adj_gameadjust6)                                 
0217+  01A1             adj_gameadjust7			.block	2     ;01A1-01A2	Game Specific Adjustment#7                                 
0218+  01A3             adj_gameadjust8			.block	2     ;01A3-01A4	Game Specific Adjustment#8                                 
0219+  01A5             adj_gameadjust9			.block	2     ;01A5-01A6	Game Specific Adjustment#9   
0220+  01A7             
0221+  01A7                                           
0222+  01A7             adj_hstdcredits			.block	2     ;01A7-01A8	High Score Credit Award                                    
0223+  01A9             adj_max_extraballs		.block	2     ;01A9-019A	Maximum Extra Balls 00=No Extra Balls                      
0224+  01AB             adj_max_credits			.block	2     ;01AB-01AC	Maximum Credits                                            
0225+  01AD             adj_pricecontrol		.block	2     ;01AD-01AE	Standard/Custom Pricing Control   
0226+  01AF             
0227+  01AF             cmos_pricingbase                         
0228+  01AF             cmos_leftcoinmult		.block	2     ;01AF-01B0	Left Coin Slot Multiplier                                  
0229+  01B1             cmos_centercoinmult		.block	2     ;01B1-01B2	Center Coin Slot Multiplier    
0230+  01B3             cmos_rightcoinmult		.block	2     ;01B3-01B4	Right Coin Slot Multiplier     
0231+  01B5             cmos_coinsforcredit		.block	2     ;01B5-01B6	Coin Units Required for Credit 
0232+  01B7             cmos_bonuscoins			.block	2     ;01B7-01B8	Coin Units Bonus Point         
0233+  01B9             cmos_minimumcoins		.block	2     ;01B9-01BA	Minimum Coin Units             
0234+  01BB             
0235+  01BB             
0236+  01BB             
0237+  01BB             ;***************************************************************
0238+  01BB             ;* Extended RAM area. This RAM space was added in Level 7 games
0239+  01BB             ;* for extended flexibility. The HYPERBALL space is a little
0240+  01BB             ;* different than regular Level 7 games in that the solenoid
0241+  01BB             ;* space is only 8 bytes (instead of 16)
0242+  01BB             ;***************************************************************
0243+  1100             	.org $1100
0244+  1100             
0245+  1100             switch_queue		    .block	$18
0246+  1118             switch_queue_end
0247+  1118             
0248+  1118             sol_queue			    .block	$10
0249+  1128             sol_queue_end
0250+  1128             
0251+  1128             score_queue			    .block	8
0252+  1130             score_queue_end
0253+  1130             
0254+  1130             	.org $1130
0255+  1130             exe_buffer			    .block	$10		;Temp code buffer for exe macro
0256+  1140             
0257+  1140             ;define the size of each player data block first
0258+  1140             gamedata_size		.equ		$24
0259+  1140             ;then apply it to all players
0260+  1140             p1_gamedata			    .block	gamedata_size
0261+  1164             p2_gamedata			    .block	gamedata_size
0262+  1188             
0263+  1188             game_var_0			    .block 	2
0264+  118A             game_var_1			    .block 	2
0265+  118C             game_var_2			    .block 	2
0266+  118E             game_var_3			    .block 	2
0267+  1190             game_var_4			    .block 	2
0268+  1192             game_var_5			    .block 	2
0269+  1194             game_var_6			    .block 	2
0270+  1196             cur_spell_ltr		    .block 	2		
0271+  1198             cur_spell_pos		    .block	1
0272+  1199             cur_spell_word		    .block	1
0273+  119A             				
0274+  119A             current_credits		    .block	2
0275+  119C             
0276+  119C             threadpool_base		    .block	1
0277+  119D             
0278+  119D              
0279+  1396              	.org $1396
0280+  1396             hy_unknown_1		    .block	2
0281+  1398             hy_unknown_2		    .block	2
0282+  139A             ;p2_wizards			    .block 	1
0283+  139A             ;p1_wizards			    .block	1
0284+  139A             last_sw_lamp		    .block	1
0285+  139B             hy_unknown_4		    .block	1
0286+  139C             spell_award			    .block	1	;00=not active, 01=ZB , 10=EU ,11=ZB 
0287+  139D             sparkle_rate		    .block	1
0288+  139E             hy_unknown_7		    .block	7
0289+  13A5             hy_unknown_8		    .block	2	;13A7
0290+  13A7             hy_unknown_9		    .block	1     ;13A9
0291+  13A8             hy_unknown_a		    .block	1	;13AA
0292+  13A9             hy_unknown_b		    .block	2	;13AB
0293+  13AB             dynamic_disp_buf		.block	12	;13AD
0294+  13B7             
0295+  13B7             
0296+  13B7             
0297+  13B7             
0298+  13B7             	
0299+  13B7             
0300+  13B7             ;***************************************************************
0301+  13B7             ;* PIA Input/Output hardware
0302+  13B7             ;***************************************************************
0303+  13B7             ;* Some equates for indexing
0304+  13B7             pia_pir			        .equ		0
0305+  13B7             pia_control			    .equ		1
0306+  13B7             pia_pir_a			    .equ		0
0307+  13B7             pia_control_a		    .equ		1
0308+  13B7             pia_pir_b			    .equ		2
0309+  13B7             pia_control_b		    .equ		3
0310+  13B7             
0311+  13B7             pia_sound_data		    .equ		$2100
0312+  13B7             pia_sound_ctrl		    .equ		$2101
0313+  13B7             pia_comma_data		    .equ		$2102
0314+  13B7             pia_comma_ctrl		    .equ		$2103
0315+  13B7             
0316+  13B7             pia_sol_low_data		.equ		$2200
0317+  13B7             pia_sol_low_ctrl		.equ		$2201
0318+  13B7             pia_sol_high_data		.equ		$2202
0319+  13B7             pia_sol_high_ctrl		.equ		$2203
0320+  13B7             
0321+  13B7             pia_lamp_row_data		.equ		$2400
0322+  13B7             pia_lamp_row_ctrl		.equ		$2401
0323+  13B7             pia_lamp_col_data		.equ		$2402
0324+  13B7             pia_lamp_col_ctrl		.equ		$2403
0325+  13B7             
0326+  13B7             pia_disp_digit_data	    .equ		$2800
0327+  13B7             pia_disp_digit_ctrl	    .equ		$2801
0328+  13B7             pia_disp_seg_data		.equ		$2802
0329+  13B7             pia_disp_seg_ctrl		.equ		$2803
0330+  13B7             
0331+  13B7             pia_switch_return_data	.equ		$3000
0332+  13B7             pia_switch_return_ctrl	.equ		$3001
0333+  13B7             pia_switch_strobe_data	.equ		$3002
0334+  13B7             pia_switch_strobe_ctrl	.equ		$3003
0335+  13B7             
0336+  13B7             ;*******************************************
0337+  13B7             ;* Special PIA for Hyperball Driver Boards *
0338+  13B7             ;* Controls the Alpha-Numeric Display      *
0339+  13B7             ;*******************************************
0340+  13B7             pia_alphanum_segl_data	.equ		$4000
0341+  13B7             pia_alphanum_segl_ctrl	.equ		$4001
0342+  13B7             pia_alphanum_segh_data	.equ		$4002
0343+  13B7             pia_alphanum_segh_ctrl	.equ		$4003
0344+  13B7             
0345+  13B7             
0346+  13B7             ;*******************************************
0347+  13B7             ;* Solenoid Data                           *
0348+  13B7             ;*******************************************
0349+  13B7             BB_LEFT_FLASH		.equ		0
0350+  13B7             BB_RIGHT_FLASH		.equ		1
0351+  13B7             PF_TOP_FLASH		.equ		2
0352+  13B7             PF_BOT_FLASH		.equ		3
0353+  13B7             PF_CENTER_FLASH		.equ		4
0354+  13B7             COIN_LOCKOUT		.equ		5
0355+  13B7             GI_RELAY_PF			.equ		6
0356+  13B7             GI_RELAY_BB			.equ		7
0357+  13B7             BALL_SHOOTER		.equ		8
0358+  13B7             BALL_LIFT			.equ		9
0359+  13B7             
0360+  13B7             
0361+  13B7             BB_LEFT_FLASH_OFF	.equ		SOLENOID_OFF+BB_LEFT_FLASH
0362+  13B7             BB_RIGHT_FLASH_OFF	.equ		SOLENOID_OFF+BB_RIGHT_FLASH
0363+  13B7             PF_TOP_FLASH_OFF	.equ		SOLENOID_OFF+PF_TOP_FLASH
0364+  13B7             PF_BOT_FLASH_OFF	.equ		SOLENOID_OFF+PF_BOT_FLASH
0365+  13B7             COIN_LOCK_OFF		.equ		SOLENOID_OFF+PF_CENTER_FLASH
0366+  13B7             PF_CENTER_FLASH_OFF	.equ		SOLENOID_OFF+COIN_LOCKOUT
0367+  13B7             GI_RELAY_PF_OFF		.equ		SOLENOID_OFF+GI_RELAY_PF
0368+  13B7             GI_RELAY_BB_OFF		.equ		SOLENOID_OFF+GI_RELAY_BB
0369+  13B7             BALL_SHOOT_OFF		.equ		SOLENOID_OFF+BALL_SHOOTER
0370+  13B7             BALL_LIFT_OFF		.equ		SOLENOID_OFF+BALL_LIFT
0371+  13B7             
0372+  13B7             BB_LEFT_FLASH_ON	.equ		SOLENOID_ON_LATCH+BB_LEFT_FLASH
0373+  13B7             BB_RIGHT_FLASH_ON	.equ		SOLENOID_ON_LATCH+BB_RIGHT_FLASH
0374+  13B7             PF_TOP_FLASH_ON		.equ		SOLENOID_ON_LATCH+PF_TOP_FLASH
0375+  13B7             PF_BOT_FLASH_ON		.equ		SOLENOID_ON_LATCH+PF_BOT_FLASH
0376+  13B7             COIN_LOCK_ON		.equ		SOLENOID_ON_LATCH+PF_CENTER_FLASH
0377+  13B7             PF_CENTER_FLASH_ON	.equ		SOLENOID_ON_LATCH+COIN_LOCKOUT
0378+  13B7             GI_RELAY_PF_ON		.equ		SOLENOID_ON_LATCH+GI_RELAY_PF
0379+  13B7             GI_RELAY_BB_ON		.equ		SOLENOID_ON_LATCH+GI_RELAY_BB
0380+  13B7             BALL_SHOOT_ON		.equ		SOLENOID_ON_LATCH+BALL_SHOOTER
0381+  13B7             BALL_LIFT_ON		.equ		SOLENOID_ON_LATCH+BALL_LIFT
0382+  13B7             
0383+  13B7             BB_LEFT_FLASH_ON4	.equ		SOLENOID_ON_4_CYCLES+BB_LEFT_FLASH
0384+  13B7             BB_RIGHT_FLASH_ON4	.equ		SOLENOID_ON_4_CYCLES+BB_RIGHT_FLASH
0385+  13B7             PF_TOP_FLASH_ON4	.equ		SOLENOID_ON_4_CYCLES+PF_TOP_FLASH
0386+  13B7             PF_BOT_FLASH_ON4	.equ		SOLENOID_ON_4_CYCLES+PF_BOT_FLASH
0387+  13B7             COIN_LOCK_ON4		.equ		SOLENOID_ON_4_CYCLES+PF_CENTER_FLASH
0388+  13B7             PF_CENTER_FLASH_ON4	.equ		SOLENOID_ON_4_CYCLES+COIN_LOCKOUT
0389+  13B7             GI_RELAY_PF_ON4		.equ		SOLENOID_ON_4_CYCLES+GI_RELAY_PF
0390+  13B7             GI_RELAY_BB_ON4		.equ		SOLENOID_ON_4_CYCLES+GI_RELAY_BB
0391+  13B7             
0392+  13B7             
0393+  13B7             
0011   13B7             #include  "splbnsnd.exp"    ;Sound Commands         
0001+  13B7             .module logic
0002+  13B7             
0003+  13B7             sndcmd_blank     .EQU  $003f
0004+  13B7             sndcmd_tilt      .EQU  $003e
0005+  13B7             sndcmd_melt      .EQU  $003d
0006+  13B7             sndcmd_youaresb  .EQU  $003c
0007+  13B7             sndcmd_trump     .EQU  $003b
0008+  13B7             sndcmd_tfcred    .EQU  $003a
0009+  13B7             sndcmd_dtmiss    .EQU  $0039
0010+  13B7             sndcmd_thud      .EQU  $0038
0011+  13B7             sndcmd_gameover  .EQU  $0037
0012+  13B7             sndcmd_boncnt    .EQU  $0036
0013+  13B7             sndcmd_dtrando   .EQU  $0035
0014+  13B7             sndcmd_tfloopf   .EQU  $0034
0015+  13B7             sndcmd_jlcred    .EQU  $0033
0016+  13B7             sndcmd_tfcomp    .EQU  $0032
0017+  13B7             sndcmd_fightt    .EQU  $0031
0018+  13B7             sndcmd_stampede  .EQU  $0030
0019+  13B7             sndcmd_pbthud    .EQU  $002f
0020+  13B7             sndcmd_youjl     .EQU  $002e
0021+  13B7             sndcmd_funkyrep  .EQU  $002d
0022+  13B7             sndcmd_bgkill    .EQU  $002c
0023+  13B7             sndcmd_lngexp    .EQU  $002b
0024+  13B7             sndcmd_spookybg  .EQU  $002a
0025+  13B7             sndcmd_mejl      .EQU  $0029
0026+  13B7             sndcmd_explode   .EQU  $0028
0027+  13B7             sndcmd_youwinf   .EQU  $0027
0028+  13B7             sndcmd_fightjt   .EQU  $0026
0029+  13B7             sndcmd_elecgo    .EQU  $0025
0030+  13B7             sndcmd_stwarp    .EQU  $0024
0031+  13B7             sndcmd_highscore .EQU  $0023
0032+  13B7             sndcmd_match     .EQU  $0022
0033+  13B7             sndcmd_trump2    .EQU  $0021
0034+  13B7             sndcmd_na        .EQU  $0020
0035+  13B7             sndcmd_tigern    .EQU  $001f
0036+  13B7             sndcmd_tigers    .EQU  $001e
0037+  13B7             sndcmd_tigerss   .EQU  $001d
0038+  13B7             sndcmd_tigerd    .EQU  $001c
0039+  13B7             sndcmd_tigerb    .EQU  $001b
0040+  13B7             sndcmd_tigerg1   .EQU  $001a
0041+  13B7             sndcmd_tigerg2   .EQU  $0019
0042+  13B7             sndcmd_tigerg3   .EQU  $0018
0043+  13B7             sndcmd_chirp     .EQU  $0017
0044+  13B7             sndcmd_shriek1   .EQU  $0016
0045+  13B7             sndcmd_shriek2   .EQU  $0015
0046+  13B7             sndcmd_shriek3   .EQU  $0014
0047+  13B7             sndcmd_shriek4   .EQU  $0013
0048+  13B7             sndcmd_shriek5   .EQU  $0012
0049+  13B7             sndcmd_monkeyt   .EQU  $0011
0050+  13B7             sndcmd_monkeyo1  .EQU  $0010
0051+  13B7             sndcmd_monkeyo2  .EQU  $000f
0052+  13B7             sndcmd_monkey03  .EQU  $000e
0053+  13B7             sndcmd_monkey04  .EQU  $000d
0054+  13B7             sndcmd_monkey05  .EQU  $000c
0055+  13B7             sndcmd_monkeyo6  .EQU  $000b
0056+  13B7             sndcmd_laugh     .EQU  $000a
0057+  13B7             sndcmd_trumps    .EQU  $0009
0058+  13B7             sndcmd_fightjl   .EQU  $0008
0059+  13B7             sndcmd_fighta    .EQU  $0007
0060+  13B7             sndcmd_none      .EQU  $0006
0061+  13B7             sndcmd_mejl2     .EQU  $0005
0062+  13B7             sndcmd_drumbg    .EQU  $0004
0063+  13B7             sndcmd_other1    .EQU  $0003
0064+  13B7             sndcmd_other2    .EQU  $0002
0065+  13B7             sndcmd_startw    .EQU  $0001
0066+  13B7             sndcmd_altbon    .EQU  $0000
0012   13B7             
0013   13B7             
0014   13B7             ;--------------------------------------------------------------------------
0015   13B7             ; Lamp Definitions for Spellbinder 
0016   13B7             ;--------------------------------------------------------------------------
0017   13B7             
0018   13B7             lamp_wiz1       .equ    $00 ;01
0019   13B7             lamp_wiz2       .equ    $01 ;02
0020   13B7             lamp_wiz3       .equ    $02 ;03
0021   13B7             lamp_wiz4       .equ    $03 ;04
0022   13B7             lamp_wiz5       .equ    $04 ;05
0023   13B7             lamp_2xl        .equ    $05 ;06
0024   13B7             lamp_3xl        .equ    $06 ;07
0025   13B7             lamp_5xl        .equ    $07 ;08
0026   13B7             lamp_troll1     .equ    $08 ;09
0027   13B7             lamp_09         .equ    $09 ;10 - Not Used
0028   13B7             lamp_gargll     .equ    $0a ;11
0029   13B7             lamp_warlokl    .equ    $0b ;12
0030   13B7             lamp_bkl        .equ    $0c ;13
0031   13B7             lamp_ekl        .equ    $0d ;14
0032   13B7             lamp_gargtl     .equ    $0e ;15
0033   13B7             lamp_demon1     .equ    $0f ;16
0034   13B7             
0035   13B7             lamp_troll2     .equ    $10 ;17
0036   13B7             lamp_demon2     .equ    $11 ;18
0037   13B7             lamp_troll3     .equ    $12 ;19
0038   13B7             lamp_demon3     .equ    $13 ;20
0039   13B7             lamp_troll4     .equ    $14 ;21
0040   13B7             lamp_demon4     .equ    $15 ;22
0041   13B7             lamp_troll5     .equ    $16 ;23
0042   13B7             lamp_demon5     .equ    $17 ;24
0043   13B7             lamp_troll6     .equ    $18 ;25
0044   13B7             lamp_gargtr     .equ    $19 ;26
0045   13B7             lamp_warlokr    .equ    $1a ;27
0046   13B7             lamp_bkr        .equ    $1b ;28
0047   13B7             lamp_ekr        .equ    $1c ;29
0048   13B7             lamp_gargbr     .equ    $1d ;30
0049   13B7             lamp_1e         .equ    $1e ;31 - Not Used
0050   13B7             lamp_demon6     .equ    $1f ;32
0051   13B7             
0052   13B7             lamp_gargtla    .equ    $20 ;33
0053   13B7             lamp_demon1a    .equ    $21 ;34
0054   13B7             lamp_troll2a    .equ    $22 ;35
0055   13B7             lamp_demon2a    .equ    $23 ;36
0056   13B7             lamp_troll3a    .equ    $24 ;37
0057   13B7             lamp_demon3a    .equ    $25 ;38
0058   13B7             lamp_troll4a    .equ    $26 ;39
0059   13B7             lamp_demon4a    .equ    $27 ;40
0060   13B7             lamp_troll5a    .equ    $28 ;41
0061   13B7             lamp_demon5a    .equ    $29 ;42
0062   13B7             lamp_troll6a    .equ    $2a ;43
0063   13B7             lamp_gargtra    .equ    $2b ;44
0064   13B7             lamp_gargtlb    .equ    $2c ;45
0065   13B7             lamp_demon1b    .equ    $2d ;46
0066   13B7             lamp_troll2b    .equ    $2e ;47
0067   13B7             lamp_demon2b    .equ    $2f ;48
0068   13B7             
0069   13B7             lamp_troll3b    .equ    $30 ;49
0070   13B7             lamp_demon3b    .equ    $31 ;50
0071   13B7             lamp_troll4b    .equ    $32 ;51
0072   13B7             lamp_demon4b    .equ    $33 ;52
0073   13B7             lamp_troll5b    .equ    $34 ;53
0074   13B7             lamp_demon5b    .equ    $35 ;54
0075   13B7             lamp_troll6b    .equ    $36 ;55
0076   13B7             lamp_gargtrb    .equ    $37 ;56
0077   13B7             lamp_500        .equ    $38 ;57
0078   13B7             lamp_1k         .equ    $39 ;58
0079   13B7             lamp_2k         .equ    $3a ;59
0080   13B7             lamp_4k         .equ    $3b ;60
0081   13B7             lamp_8k         .equ    $3c ;61
0082   13B7             lamp_16k        .equ    $3d ;62
0083   13B7             lamp_32k        .equ    $3e ;63
0084   13B7             lamp_2xu        .equ    $3f ;64
0085   13B7             
0086   13B7             lamp_3xu        .equ    $40 ;65
0087   13B7             lamp_5xu        .equ    $41 ;66
0088   13B7             lamp_extrawiz   .equ    $42 ;67
0089   13B7             lamp_red1       .equ    $43 ;68
0090   13B7             
0091   13B7             lamp_red2       .equ    $44 ;69
0092   13B7             lamp_red3       .equ    $45 ;70
0093   13B7             lamp_red4       .equ    $46 ;71
0094   13B7             lamp_red5       .equ    $47 ;72
0095   13B7             
0096   13B7             lamp_red6       .equ    $48 ;73
0097   13B7             lamp_red7       .equ    $49 ;74
0098   13B7             lamp_red8       .equ    $4a ;75
0099   13B7             lamp_red9       .equ    $4b ;76
0100   13B7             
0101   13B7             lamp_axe1       .equ    $4c ;77
0102   13B7             lamp_axe2       .equ    $4d ;78
0103   13B7             lamp_axe3       .equ    $4e ;79
0104   13B7             lamp_axe4       .equ    $4f ;80
0105   13B7             
0106   13B7             lamp_axe5       .equ    $50 ;81
0107   13B7             lamp_axe6       .equ    $51 ;82
0108   13B7             lamp_axe7       .equ    $52 ;83
0109   13B7             lamp_axe8       .equ    $53 ;84
0110   13B7             
0111   13B7             lamp_axe9       .equ    $54 ;85
0112   13B7             lamp_hand1      .equ    $55 ;86
0113   13B7             lamp_hand2      .equ    $56 ;87
0114   13B7             
0115   13B7             
0116   13B7             
0117   13B7             
0118   13B7             ;--------------------------------------------------------------------------
0119   13B7             ; Bitflag Definitions for Spellbinder 
0120   13B7             ;--------------------------------------------------------------------------
0121   13B7             
0122   13B7             bf_dispspkl     .equ    $00 ;Alpha Display Sparkle Flag, if TRUE, display will sparkle
0123   13B7             
0124   13B7             
0125   13B7             
0126   13B7             
0127   13B7             
0128   13B7             
0129   13B7             
0130   13B7                 .msfirst    
0131   D000                 .org $d000
0132   D000             
0133   D000             ;---------------------------------------------------------------------------
0134   D000             ;  Default game data and basic system tables start at $d000, these can not  
0135   D000             ;  ever be moved
0136   D000             ;---------------------------------------------------------------------------
0137   D000             
0138   D000 35 13       gr_gamenumber       .dw $3513
0139   D002 F1          gr_romrevision      .db $F1
0140   D003 B2 A5       gr_cmoscsum         .db $B2,$A5
0141   D005 12          gr_backuphstd       .db $12
0142   D006 00          gr_replay1          .db $00
0143   D007 00          gr_replay2          .db $00
0144   D008 00          gr_replay3          .db $00
0145   D009 00          gr_replay4          .db $00
0146   D00A 01          gr_matchenable      .db $01
0147   D00B 01          gr_specialaward     .db $01
0148   D00C 00          gr_replayaward      .db $00
0149   D00D 03          gr_maxplumbbobtilts .db $03
0150   D00E 04          gr_numberofballs    .db $04 ;number of wizards
0151   D00F 03          gr_gameadjust1      .db $03
0152   D010 05          gr_gameadjust2      .db $05
0153   D011 04          gr_gameadjust3      .db $04
0154   D012 12          gr_gameadjust4      .db $12
0155   D013 05          gr_gameadjust5      .db $05
0156   D014 05          gr_gameadjust6      .db $05
0157   D015 05          gr_gameadjust7      .db $05
0158   D016 00          gr_gameadjust8      .db $00
0159   D017 00          gr_gameadjust9      .db $00
0160   D018 00          gr_hstdcredits      .db $00
0161   D019 00          gr_max_extraballs   .db $00
0162   D01A 30          gr_max_credits      .db $30
0163   D01B             ;---------------
0164   D01B             ;Pricing Data  |
0165   D01B             ;---------------
0166   D01B             
0167   D01B 01          gr_pricingdata  .db $01 ;Left Coin Mult
0168   D01C 04                          .db $04 ;Center Coin Mult
0169   D01D 01                          .db $01 ;Right Coin Mult
0170   D01E 01                          .db $01 ;Coin Units Required
0171   D01F 00                          .db $00 ;Bonus Coins
0172   D020 00                          .db $00 ;Minimum Coin Units
0173   D021             
0174   D021 09                          .db $09 ;Left Coin Mult
0175   D022 45                          .db $45 ;Center Coin Mult
0176   D023 18                          .db $18 ;Right Coin Mult
0177   D024 05                          .db $05 ;Coin Units Required
0178   D025 45                          .db $45 ;Bonus Coins
0179   D026 00                          .db $00 ;Minimum Coin Units
0180   D027             
0181   D027 01                          .db $01 ;Left Coin Mult
0182   D028 04                          .db $04 ;Center Coin Mult
0183   D029 01                          .db $01 ;Right Coin Mult
0184   D02A 02                          .db $02 ;Coin Units Required
0185   D02B 04                          .db $04 ;Bonus Coins
0186   D02C 00                          .db $00 ;Minimum Coin Units
0187   D02D             
0188   D02D 01                          .db $01 ;Left Coin Mult
0189   D02E 16                          .db $16 ;Center Coin Mult
0190   D02F 06                          .db $06 ;Right Coin Mult
0191   D030 02                          .db $02 ;Coin Units Required
0192   D031 00                          .db $00 ;Bonus Coins
0193   D032 00                          .db $00 ;Minimum Coin Units
0194   D033             
0195   D033 03                          .db $03 ;Left Coin Mult
0196   D034 15                          .db $15 ;Center Coin Mult
0197   D035 03                          .db $03 ;Right Coin Mult
0198   D036 04                          .db $04 ;Coin Units Required
0199   D037 15                          .db $15 ;Bonus Coins
0200   D038 00                          .db $00 ;Minimum Coin Units
0201   D039             
0202   D039 01                          .db $01 ;Left Coin Mult
0203   D03A 00                          .db $00 ;Center Coin Mult
0204   D03B 04                          .db $04 ;Right Coin Mult
0205   D03C 01                          .db $01 ;Coin Units Required
0206   D03D 00                          .db $00 ;Bonus Coins
0207   D03E 00                          .db $00 ;Minimum Coin Units
0208   D03F             
0209   D03F 01                          .db $01 ;Left Coin Mult
0210   D040 00                          .db $00 ;Center Coin Mult
0211   D041 02                          .db $02 ;Right Coin Mult
0212   D042 01                          .db $01 ;Coin Units Required
0213   D043 00                          .db $00 ;Bonus Coins
0214   D044 00                          .db $00 ;Minimum Coin Units
0215   D045             
0216   D045 01                          .db $01 ;Left Coin Mult
0217   D046 00                          .db $00 ;Center Coin Mult
0218   D047 02                          .db $02 ;Right Coin Mult
0219   D048 02                          .db $02 ;Coin Units Required
0220   D049 00                          .db $00 ;Bonus Coins
0221   D04A 00                          .db $00 ;Minimum Coin Units
0222   D04B             
0223   D04B             ;--------------
0224   D04B             ;System Data  |
0225   D04B             ;--------------
0226   D04B             
0227   D04B 1C          gr_maxthreads           .db $1C
0228   D04C 03          gr_extendedromtest      .db $03
0229   D04D 22          gr_lastswitch           .db (switchtable_end-switchtable)/3
0230   D04E 01          gr_numplayers           .db $01
0231   D04F             
0232   D04F D7 45       gr_lamptable_ptr        .dw lamptable
0233   D051 D6 DF       gr_switchtable_ptr      .dw switchtable
0234   D053 D7 6D       gr_soundtable_ptr       .dw soundtable
0235   D055             
0236   D055 05          gr_lampflashrate        .db $05
0237   D056             
0238   D056 0D          gr_specialawardsound    .db $0D ;Special Sound
0239   D057 03          gr_p1_startsound        .db $03
0240   D058 03          gr_p2_startsound        .db $03
0241   D059 1A          gr_unknownvar1          .db $1A
0242   D05A 11          gr_hssound              .db $11
0243   D05B 18          gr_gameoversound        .db $18
0244   D05C 00          gr_creditsound          .db $00
0245   D05D             
0246   D05D 5F          gr_gameover_lamp        .db $5F
0247   D05E 5F          gr_tilt_lamp            .db $5F
0248   D05F             
0249   D05F D3 72       gr_gameoverthread_ptr   .dw gameover_entry
0250   D061 D7 DF       gr_character_defs_ptr   .dw character_defs
0251   D063 05          gr_coinlockout          .db $05
0252   D064 D3 52       gr_highscore_ptr        .dw high_score
0253   D066             
0254   D066 00 02       gr_switchtypetable      .db $00,$02
0255   D068 00 09                               .db $00,$09
0256   D06A 00 04                               .db $00,$04
0257   D06C 00 01                               .db $00,$01
0258   D06E 02 05                               .db $02,$05
0259   D070 08 05                               .db $08,$05
0260   D072 00 00                               .db $00,$00
0261   D074 00 00                               .db $00,$00
0262   D076             
0263   D076 000000000000gr_playerstartdata  .db $00,$00,$00,$00,$00,$00,$00,$00
0263   D07C 0000
0264   D07E 000000000000                    .db $00,$00,$00,$00,$00,$00,$00,$00
0264   D084 0000
0265   D086 000000000000                    .db $00,$00,$00,$00,$00,$00,$00,$00
0265   D08C 0000
0266   D08E 000000000000                    .db $00,$00,$00,$00,$00,$00
0267   D094             
0268   D094 000000000000gr_playerresetdata  .db $00,$00,$00,$00,$00,$00,$00,$00
0268   D09A 0000
0269   D09C 0000FF030000                    .db $00,$00,$FF,$03,$00,$00,$00,$00
0269   D0A2 0000
0270   D0A4 000000000000                    .db $00,$00,$00,$00,$00,$00,$00,$00
0270   D0AA 0000
0271   D0AC 000000000000                    .db $00,$00,$00,$00,$00,$00
0272   D0B2             
0273   D0B2             
0274   D0B2             
0275   D0B2 20 1E       gr_switch_event     bra empty_event ;(Switch Event)
0276   D0B4 20 1C       gr_sound_event      bra empty_event ;(Sound Event )
0277   D0B6 20 1A       gr_score_event      bra empty_event ;(Score Event)
0278   D0B8 20 18       gr_eb_event         bra empty_event ;(Extra Ball Event)
0279   D0BA 20 16       gr_special_event    bra empty_event ;(Special Event)
0280   D0BC 20 14       gr_macro_event      bra empty_event ;(Start Macro Event)
0281   D0BE 20 12       gr_ballstart_event  bra empty_event ;(Ball Start Event)
0282   D0C0 20 10       gr_addplayer_event  bra empty_event ;(Add Player Event)
0283   D0C2 20 0E       gr_gameover_event   bra empty_event ;(Game Over Event)
0284   D0C4 20 0C       gr_hstdtoggle_event bra empty_event ;(HSTD Toggle Event)
0285   D0C6             
0286   D0C6 D1 A2       gr_reset_ptr        .dw hook_reset      ;Reset
0287   D0C8 D1 B8       gr_mainloop_ptr     .dw hook_mainloop       ;Main Loop Begin
0288   D0CA D1 BA       gr_coin_ptr         .dw hook_coin       ;Coin Accepted
0289   D0CC D1 B9       gr_gamestart_ptr    .dw hook_gamestart  ;New Game Start
0290   D0CE D1 6F       gr_playerinit_ptr   .dw hook_playerinit ;Init New Player
0291   D0D0 D0 DF       gr_outhole_ptr      .dw hook_outhole        ;Outhole
0292   D0D2             
0293   D0D2             ;------------------------ end system data ---------------------------
0294   D0D2             
0295   D0D2 39          empty_event         rts
0296   D0D3             
0297   D0D3             ;******************************************
0298   D0D3             ;* Nothing special to do in Hyperball for
0299   D0D3             ;* the IRQ, just go to system
0300   D0D3             ;******************************************
0301   D0D3 7E E1 1C    gr_irq_entry        jmp sys_irq_entry
0302   D0D6             
0303   D0D6             ;******************************************
0304   D0D6             ;* SWI - This is a cheap way to start 
0305   D0D6             ;* macros in order to save some ROM space
0306   D0D6             ;******************************************
0307   D0D6 0E          gr_swi_entry    cli 
0308   D0D7 31                          ins 
0309   D0D8 31                          ins 
0310   D0D9 31                          ins 
0311   D0DA 31                          ins 
0312   D0DB 31                          ins 
0313   D0DC 7E E6 36                    jmp macro_start
0314   D0DF             
0315   D0DF             
0316   D0DF             
0317   D0DF             ;*************************************************
0318   D0DF             ;* Hooks... end with RTS
0319   D0DF             ;*************************************************
0320   D0DF             
0321   D0DF             ;*****************************************************
0322   D0DF             ;* Outhole in Spellbinder is when the players 
0323   D0DF             ;* Wizard is killed
0324   D0DF             ;*****************************************************
0325   D0DF 86 78       hook_outhole    ldaa    #$78
0326   D0E1 8D 52                       bsr     killthreads_ff          ;kill any game running threads
0327   D0E3 7C 00 E6                    inc     flag_tilt               ;turn off the shooters 
0328   D0E6 8D 42                       bsr     get_pwizards
0329   D0E8                             ifeq
0329   D0E8             
0329   D0E8 26 FE       
0330   D0EA BD D3 20                        jsr     clr_alpha_set_b0
0331   D0ED CE D8 70                        ldx     #msg_gameover
0332   D0F0 BD D2 E2                        jsr     copy_msg_full
0333   D0F3                                 SLEEP($60)
0333   D0F3 BD DB 66    
0333   D0F6 60          
0334   D0F7 BD D1 5B                        jsr     showplayer
0335   D0FA 86 37                           ldaa    #sndcmd_gameover                   ;Game Over Sound
0336   D0FC BD DE 21                        jsr     isnd_once
0337   D0FF                                 SLEEP($60)
0337   D0FF BD DB 66    
0337   D102 60          
0338   D103                             else
0338   D103             
0338   D103             
0338   D103             
0338   D103             
0338   D0E9             
0338   D0E9             
0338   D0E9             
0338   D0E9~                            else
0338   D0E9~                            else
0338   D0E9~                            else
0338   D0E9~                            else
0338   D0E9             
0338   D0E9~                            else
0338   D0E9~                            else
0338   D0E9~                            else
0338   D0E9~                            else
0338   D0E9             
0338   D0E9             
0338   D0E9 1B          
0338   D103             
0338   D103 20 FE       
0338   D105             
0338   D105             
0338   D105             
0338   D105~                            else
0338   D105~                            else
0338   D105~                            else
0338   D105~                            else
0338   D105~                            else
0338   D105             
0338   D105~                            else
0338   D105~                            else
0338   D105             
0338   D105~                            else
0338   D105~                            else
0338   D105             
0339   D105 BD D3 20                        jsr     clr_alpha_set_b0
0340   D108 3F                              swi
0341   D109                                 BITON4_(bf_dispspkl)
0341   D109 D8 00       
0342   D10B                                 CPUX_
0342   D10B 04          
0343   D10C 86 F0                           ldaa    #$f0
0344   D10E B7 13 9D                        staa    sparkle_rate                  
0345   D111 96 F5                           ldaa    randomseed
0346   D113 84 03                           anda    #$03
0347   D115 48                              asla
0348   D116 CE D9 0C                        ldx     #deathtbl           ;Death Messages
0349   D119 BD E0 24                        jsr     xplusa             ;X = X + A
0350   D11C EE 00                           ldx     $0,X
0351   D11E                                 ;ldx     #msg_death1
0352   D11E BD D2 E2                        jsr     copy_msg_full
0353   D121                                 SLEEP($C0)
0353   D121 BD DB 66    
0353   D124 C0          
0354   D125 3F                              swi
0355   D126                                 BITON4_(bf_dispspkl)
0355   D126 D8 00       
0356   D128                                 CPUX_
0356   D128 04          
0357   D129                             endif             
0357   D129             
0357   D129             
0357   D129             
0357   D129             
0357   D129             
0357   D129~                            endif             
0357   D129~                            endif             
0357   D129             
0357   D129~                            endif             
0357   D129~                            endif             
0357   D129             
0357   D104             
0357   D104 24          
0357   D105             
0357   D105             
0357   D105~                            endif             
0357   D105~                            endif             
0357   D105~                            endif             
0357   D105             
0357   D129             
0357   D129~                            endif             
0357   D129~                            endif             
0357   D129             
0358   D129 39          goto_sme        rts
0359   D12A             
0360   D12A             
0361   D12A D6 EB       get_pwizards    ldab    player_up
0362   D12C                             ifeq
0362   D12C             
0362   D12C 26 FE       
0363   D12E 96 5C                           ldaa    p1_dispwiz
0364   D130                             else
0364   D130             
0364   D130             
0364   D130             
0364   D130             
0364   D12D             
0364   D12D             
0364   D12D             
0364   D12D~                            else
0364   D12D~                            else
0364   D12D~                            else
0364   D12D~                            else
0364   D12D             
0364   D12D~                            else
0364   D12D~                            else
0364   D12D~                            else
0364   D12D~                            else
0364   D12D             
0364   D12D             
0364   D12D 04          
0364   D130             
0364   D130 20 FE       
0364   D132             
0364   D132             
0364   D132             
0364   D132~                            else
0364   D132~                            else
0364   D132~                            else
0364   D132~                            else
0364   D132~                            else
0364   D132             
0364   D132~                            else
0364   D132~                            else
0364   D132             
0364   D132~                            else
0364   D132~                            else
0364   D132             
0365   D132 96 5D                           ldaa    p2_dispwiz
0366   D134                             endif
0366   D134             
0366   D134             
0366   D134             
0366   D134             
0366   D134             
0366   D134~                            endif
0366   D134~                            endif
0366   D134             
0366   D134~                            endif
0366   D134~                            endif
0366   D134             
0366   D131             
0366   D131 02          
0366   D132             
0366   D132             
0366   D132~                            endif
0366   D132~                            endif
0366   D132~                            endif
0366   D132             
0366   D134             
0366   D134~                            endif
0366   D134~                            endif
0366   D134             
0367   D134 39                          rts
0368   D135                         
0369   D135 C6 FF       killthreads_ff  ldab    #$FF
0370   D137 7E DC 45                    jmp kill_threads
0371   D13A             
0372   D13A BD D3 20    showplayerx     jsr     clr_alpha_set_b0
0373   D13D CE D8 CA                    ldx     #msg_prepare
0374   D140 BD D2 E2                    jsr     copy_msg_full
0375   D143                             SLEEP($45)
0375   D143 BD DB 66    
0375   D146 45          
0376   D147 CE D8 D2                    ldx     #msg_to
0377   D14A BD D2 E2                    jsr     copy_msg_full
0378   D14D                             SLEEP($45)
0378   D14D BD DB 66    
0378   D150 45          
0379   D151 CE D8 D5                    ldx     #msg_battle
0380   D154 BD D2 E2                    jsr     copy_msg_full
0381   D157                             SLEEP($45)
0381   D157 BD DB 66    
0381   D15A 45          
0382   D15B CE D8 7B    showplayer      ldx     #msg_player
0383   D15E BD D2 E2                    jsr     copy_msg_full
0384   D161                             ;ldx    current_thread
0385   D161                             ;stab   $0D,X
0386   D161 96 EB                       ldaa    player_up
0387   D163 8B 1C                       adda    #$1C
0388   D165 DE B8                       ldx     temp1
0389   D167 A7 02                       staa    $02,X
0390   D169                             ;jsr    copy_msg_full
0391   D169 BD D3 23                    jsr     clr_alpha_set_b1
0392   D16C 7E D1 FC                    jmp     ani_starslide
0393   D16F             
0394   D16F             ; Player Init:
0395   D16F 7C 00 E6    hook_playerinit inc     flag_tilt           ;turn off the shooters 
0396   D172 BD D1 3A                    jsr     showplayerx
0397   D175 3F                          swi
0398   D176                             SOL_(GI_RELAY_PF_OFF)       ;Sol#6:gi_relay_pf
0398   D176 31 06       
0399   D178 E7                          SND_($07)                   ;Sound #07
0400   D179                             EXE_
0400   D179             
0400   D179 44          
0401   D17A BD D1 2A                        jsr get_pwizards
0402   D17D 97 02                           staa    game_ram_2
0403   D17F                             EXEEND_
0403   D17F             
0403   D17F             
0403   D17F             
0403   D17F             
0403   D17F~                            EXEEND_
0403   D17F~                            EXEEND_
0403   D17F             
0403   D179             
0403   D179 47          
0403   D17A             
0403   D17F             
0403   D17F~                            EXEEND_
0403   D17F~                            EXEEND_
0403   D17F             
0404   D17F                             ;A and game_ram_2 contains the current number of wizards for the user...
0405   D17F                             RCLR0_(grp_wizard)
0405   D17F             
0405   D17F 19 01       
0406   D181                             IFNER_(game_ram_2)
0406   D181             
0406   D181             
0406   D181             
0406   D181 5A 02 00    
0406   D184~                            IFNER_(game_ram_2)
0406   D184~                            IFNER_(game_ram_2)
0406   D184~                            IFNER_(game_ram_2)
0406   D184~                            IFNER_(game_ram_2)
0406   D184~                            IFNER_(game_ram_2)
0406   D184~                            IFNER_(game_ram_2)
0406   D184             
0407   D184                                 BEGIN_
0407   D184             
0408   D184                                     RSET1R0_(grp_wizard)
0408   D184             
0408   D184 1A 01       
0409   D186                                     SLEEP_(2)
0409   D186             
0409   D186 72          
0409   D187~                                    SLEEP_(2)
0409   D187~                                    SLEEP_(2)
0409   D187             
0410   D187 B2 FF                               ADDRAM_($02,$ff)            ;RAM$02-=1
0411   D189                                 EQEND_($FC,$E2,$00)
0411   D189             
0411   D189 5BFCE200FE  
0411   D18E~                                EQEND_($FC,$E2,$00)
0411   D18E~                                EQEND_($FC,$E2,$00)
0411   D18E~                                EQEND_($FC,$E2,$00)
0411   D18E~                                EQEND_($FC,$E2,$00)
0411   D18E~                                EQEND_($FC,$E2,$00)
0411   D18E~                                EQEND_($FC,$E2,$00)
0411   D18E             
0411   D18E             
0411   D18E             
0411   D18E             
0411   D18E             
0411   D18E             
0411   D18E             
0411   D18D             
0411   D18D F6          
0411   D18E             
0411   D18E~                                EQEND_($FC,$E2,$00)
0411   D18E~                                EQEND_($FC,$E2,$00)
0411   D18E             
0411   D18E~                                EQEND_($FC,$E2,$00)
0411   D18E~                                EQEND_($FC,$E2,$00)
0411   D18E             
0412   D18E                             ENDIF_
0412   D18E             
0412   D18E             
0412   D18E             
0412   D18E             
0412   D18E             
0412   D18E~                            ENDIF_
0412   D18E~                            ENDIF_
0412   D18E             
0412   D18E~                            ENDIF_
0412   D18E~                            ENDIF_
0412   D18E             
0412   D183             
0412   D183 0A          
0412   D184             
0412   D184             
0412   D184~                            ENDIF_
0412   D184~                            ENDIF_
0412   D184~                            ENDIF_
0412   D184~                            ENDIF_
0412   D184~                            ENDIF_
0412   D184             
0412   D18E             
0412   D18E~                            ENDIF_
0412   D18E~                            ENDIF_
0412   D18E             
0413   D18E                             SLEEP_(10)
0413   D18E             
0413   D18E 7A          
0413   D18F~                            SLEEP_(10)
0413   D18F~                            SLEEP_(10)
0413   D18F             
0414   D18F                             SOL_(BALL_LIFT_ON)          ; Sol#9:ball_lift
0414   D18F 31 F9       
0415   D191                             SLEEP_(64)
0415   D191~                            SLEEP_(64)
0415   D191~                            SLEEP_(64)
0415   D191             
0415   D191 53 40       
0415   D193             
0416   D193                             REMTHREADS_($FF,$48)        ;Remove Multiple Threads Based on Priority
0416   D193 55 FF 48    
0417   D196                             CPUX_
0417   D196 04          
0418   D197 BD D3 23                    jsr     clr_alpha_set_b1
0419   D19A 4F                          clra    
0420   D19B 97 E6                       staa    flag_tilt           ;turn ON the shooters 
0421   D19D CE D6 3F                    ldx     #start_play
0422   D1A0 20 2F       to_addthr_noa   bra     addthread_clra
0423   D1A2                             ;rts
0424   D1A2             
0425   D1A2 CE 01 2E    hook_reset      ldx     #aud_game1
0426   D1A5 DF B8                       stx     temp1
0427   D1A7 CE D8 B4                    ldx     #msg_defhs
0428   D1AA E6 00                       ldab    $00,X
0429   D1AC C4 0F                       andb    #$0F
0430   D1AE 08                          inx 
0431   D1AF 7E E1 09                    jmp     copyblock2
0432   D1B2             
0433   D1B2 BD E0 C2    sw_hstd_res     jsr     restore_hstd
0434   D1B5 7E DB AE    to_kill         jmp     killthread
0435   D1B8             
0436   D1B8             
0437   D1B8 39          hook_mainloop   rts
0438   D1B9 39          hook_gamestart  rts
0439   D1BA             
0440   D1BA             ; Coin Routine, jumps to Credits display if game is not being played
0441   D1BA 3F          hook_coin       swi
0442   D1BB E6                          SND_($06)               ;Sound #06
0443   D1BC                             BEQR_($FB,$FB,$F0,$D0,$30,$F3,$F1,$F3) ;BEQ_((!GAME) || (BIT2#30 || TILT)) to gj_1F
0443   D1BC~                            BEQR_($FB,$FB,$F0,$D0,$30,$F3,$F1,$F3) ;BEQ_((!GAME) || (BIT2#30 || TILT)) to gj_1F
0443   D1BC~                            BEQR_($FB,$FB,$F0,$D0,$30,$F3,$F1,$F3) ;BEQ_((!GAME) || (BIT2#30 || TILT)) to gj_1F
0443   D1BC             
0443   D1BC             
0443   D1BC 5AFBFBF0D030
0443   D1C2 F3F1D2
0443   D1C5~                            BEQR_($FB,$FB,$F0,$D0,$30,$F3,$F1,$F3) ;BEQ_((!GAME) || (BIT2#30 || TILT)) to gj_1F
0443   D1C5~                            BEQR_($FB,$FB,$F0,$D0,$30,$F3,$F1,$F3) ;BEQ_((!GAME) || (BIT2#30 || TILT)) to gj_1F
0443   D1C5             
0443   D1C5             
0444   D1C5                             REMTHREADS_($FF,$10)        ;Remove Multiple Threads Based on Priority
0444   D1C5 55 FF 10    
0445   D1C8                             CPUX_                   ;Resume CPU Execution
0445   D1C8 04          
0446   D1C9 86 10                       ldaa    #$10
0447   D1CB CE D4 26                    ldx     #show_cred
0448   D1CE 7E D1 D2                    jmp     newthreadp
0449   D1D1                         
0450   D1D1 4F          addthread_clra  clra    
0451   D1D2 97 C8       newthreadp      staa    thread_priority
0452   D1D4 7E DB C2                    jmp     newthread_sp
0453   D1D7             ;****************************************************
0454   D1D7             ;* Game Start - sets appropriate startup, A will have
0455   D1D7             ;* 01 for 1 player game, and 02 for 2 player game.
0456   D1D7             ;****************************************************
0457   D1D7 4F          sw_1p_start     clra    
0458   D1D8 4C          sw_2p_start     inca        
0459   D1D9 16                          tab
0460   D1DA CE 01 AB                    ldx #adj_max_credits        ;free play?
0461   D1DD 8D 17                       bsr jmp_cmosa
0462   D1DF                             ifne                    ;no, check for actual credits
0462   D1DF             
0462   D1DF 27 FE       
0463   D1E1 CE 01 6E                        ldx #aud_currentcredits
0464   D1E4 8D 10                           bsr jmp_cmosa
0465   D1E6 11                              cba 
0466   D1E7 25 CC                           bcs to_kill     ;not enough, kill
0467   D1E9                             endif
0467   D1E9             
0467   D1E9             
0467   D1E9             
0467   D1E9             
0467   D1E9             
0467   D1E9~                            endif
0467   D1E9~                            endif
0467   D1E9             
0467   D1E9~                            endif
0467   D1E9~                            endif
0467   D1E9             
0467   D1E0             
0467   D1E0 08          
0467   D1E1             
0467   D1E1             
0467   D1E1~                            endif
0467   D1E1~                            endif
0467   D1E1~                            endif
0467   D1E1             
0467   D1E9             
0467   D1E9~                            endif
0467   D1E9~                            endif
0467   D1E9             
0468   D1E9                             begin
0468   D1E9             
0469   D1E9 86 08                           ldaa    #$08
0470   D1EB CE ED 93                        ldx #credit_button
0471   D1EE BD D1 D2                        jsr newthreadp
0472   D1F1 5A                              decb    
0473   D1F2                             eqend
0473   D1F2             
0473   D1F2             
0473   D1F2~                            eqend
0473   D1F2~                            eqend
0473   D1F2~                            eqend
0473   D1F2             
0473   D1F2 26 F5       
0473   D1F4             
0473   D1F4~                            eqend
0473   D1F4~                            eqend
0473   D1F4             
0474   D1F4 20 BF                       bra to_kill
0475   D1F6             
0476   D1F6 7E EF B0    jmp_cmosa       jmp cmos_a
0477   D1F9             
0478   D1F9             
0479   D1F9             ;*****************************************************
0480   D1F9             ;* Slide Routines
0481   D1F9             ;*****************************************************
0482   D1F9             
0483   D1F9             ani_msg_starslide   
0484   D1F9 BD D2 E2                    jsr     copy_msg_full
0485   D1FC BD D3 23    ani_starslide   jsr     clr_alpha_set_b1
0486   D1FF 86 04                       ldaa    #$04
0487   D201 CE 00 6C                    ldx     #alpha_b1
0488   D204                             begin
0488   D204             
0489   D204 8D 1D                           bsr     gb_4F
0490   D206 BD DC CF                        jsr     hex2bitpos
0491   D209 53                              comb    
0492   D20A D4 7A                           andb    dmask_alpha
0493   D20C D7 7A                           stab    dmask_alpha
0494   D20E 08                              inx 
0495   D20F 4A                              deca    
0496   D210                             miend
0496   D210             
0496   D210             
0496   D210~                            miend
0496   D210~                            miend
0496   D210~                            miend
0496   D210             
0496   D210 2A F2       
0496   D212             
0496   D212~                            miend
0496   D212~                            miend
0496   D212             
0497   D212 86 06                       ldaa    #$06
0498   D214                             begin
0498   D214             
0499   D214 8D 0D                           bsr     gb_4F
0500   D216 BD DC CF                        jsr     hex2bitpos
0501   D219 53                              comb    
0502   D21A D4 7B                           andb    dmask_alpha+1
0503   D21C D7 7B                           stab    dmask_alpha+1
0504   D21E 08                              inx 
0505   D21F 4A                              deca    
0506   D220                             miend
0506   D220             
0506   D220             
0506   D220~                            miend
0506   D220~                            miend
0506   D220~                            miend
0506   D220             
0506   D220 2A F2       
0506   D222             
0506   D222~                            miend
0506   D222~                            miend
0506   D222             
0507   D222 39                          rts 
0508   D223                         
0509   D223 36          gb_4F           psha    
0510   D224 37                          pshb    
0511   D225 C6 01                       ldab    #$01
0512   D227                             begin
0512   D227             
0513   D227 86 2B                           ldaa    #$2B            ; Right Arrow Character
0514   D229 A7 00                           staa    $00,X
0515   D22B                                 SLEEP($02)
0515   D22B BD DB 66    
0515   D22E 02          
0516   D22F 86 2B                           ldaa    #$2B
0517   D231 A7 00                           staa    $00,X
0518   D233                                 SLEEP($02)
0518   D233 BD DB 66    
0518   D236 02          
0519   D237 5A                              decb    
0520   D238                             eqend
0520   D238             
0520   D238             
0520   D238~                            eqend
0520   D238~                            eqend
0520   D238~                            eqend
0520   D238             
0520   D238 26 ED       
0520   D23A             
0520   D23A~                            eqend
0520   D23A~                            eqend
0520   D23A             
0521   D23A 33                          pulb    
0522   D23B 32                          pula    
0523   D23C 39                          rts 
0524   D23D             
0525   D23D             
0526   D23D                         
0527   D23D A6 00       slide_r         ldaa    $00,X
0528   D23F 84 0F                       anda    #$0F
0529   D241 BD E0 24                    jsr xplusa
0530   D244                             begin
0530   D244             
0531   D244 E6 00                           ldab    $00,X
0532   D246 09                              dex 
0533   D247 8D 18       gb_0D               bsr step_r
0534   D249                             eqend
0534   D249             
0534   D249             
0534   D249~                            eqend
0534   D249~                            eqend
0534   D249~                            eqend
0534   D249             
0534   D249 26 F9       
0534   D24B             
0534   D24B~                            eqend
0534   D24B~                            eqend
0534   D24B             
0535   D24B 39                          rts 
0536   D24C             
0537   D24C A6 00       slide_l         ldaa    $00,X
0538   D24E 84 0F                       anda    #$0F
0539   D250                             begin
0539   D250             
0540   D250 08                              inx 
0541   D251 E6 00                           ldab    $00,X
0542   D253 8D 21       gb_0F               bsr step_l
0543   D255                             eqend
0543   D255             
0543   D255             
0543   D255~                            eqend
0543   D255~                            eqend
0543   D255~                            eqend
0543   D255             
0543   D255 26 F9       
0543   D257             
0543   D257~                            eqend
0543   D257~                            eqend
0543   D257             
0544   D257 39                          rts 
0545   D258             
0546   D258 8D 41       ani_msg_rlslide bsr gb_0E
0547   D25A 8D F0                       bsr slide_l
0548   D25C 5F                          clrb    
0549   D25D 86 01       gj_2E           ldaa    #$01
0550   D25F 20 F2                       bra gb_0F
0551   D261             
0552   D261 36          step_r          psha    
0553   D262 37                          pshb    
0554   D263 FF 11 8C                    stx game_var_2
0555   D266 CE 00 60                    ldx #alpha_b0
0556   D269                             begin
0556   D269             
0557   D269 17                              tba 
0558   D26A E6 00                           ldab    $00,X
0559   D26C A7 00                           staa    $00,X
0560   D26E 08                              inx 
0561   D26F BC 11 8E                        cpx game_var_3
0562   D272                             eqend
0562   D272             
0562   D272             
0562   D272~                            eqend
0562   D272~                            eqend
0562   D272~                            eqend
0562   D272             
0562   D272 26 F5       
0562   D274             
0562   D274~                            eqend
0562   D274~                            eqend
0562   D274             
0563   D274 20 13                       bra gb_61
0564   D276             
0565   D276             
0566   D276             ;**********************************************
0567   D276             ;* Shift Routines
0568   D276             ;**********************************************
0569   D276 36          step_l          psha    
0570   D277 37                          pshb    
0571   D278 FF 11 8C                    stx game_var_2
0572   D27B CE 00 6B                    ldx #alpha_b0+11
0573   D27E 17          gb_A0           tba 
0574   D27F E6 00                       ldab    $00,X
0575   D281 A7 00                       staa    $00,X
0576   D283 09                          dex 
0577   D284 BC 11 92                    cpx game_var_5
0578   D287 26 F5                       bne gb_A0
0579   D289 FE 11 8C    gb_61           ldx game_var_2
0580   D28C 33                          pulb    
0581   D28D 96 0A                       ldaa    game_ram_a
0582   D28F                             ifeq
0582   D28F             
0582   D28F 26 FE       
0583   D291 86 09                           ldaa    #$09
0584   D293                             endif
0584   D293             
0584   D293             
0584   D293             
0584   D293             
0584   D293             
0584   D293~                            endif
0584   D293~                            endif
0584   D293             
0584   D293~                            endif
0584   D293~                            endif
0584   D293             
0584   D290             
0584   D290 02          
0584   D291             
0584   D291             
0584   D291~                            endif
0584   D291~                            endif
0584   D291~                            endif
0584   D291             
0584   D293             
0584   D293~                            endif
0584   D293~                            endif
0584   D293             
0585   D293 97 D5                       staa    thread_timer_byte
0586   D295 32                          pula    
0587   D296 BD DB 5B                    jsr delaythread
0588   D299 4A                          deca    
0589   D29A 39                          rts 
0590   D29B             
0591   D29B FF 11 90    gb_0E           stx game_var_4
0592   D29E CE 00 5F                    ldx #alpha_b0-1
0593   D2A1 FF 11 92                    stx game_var_5
0594   D2A4 20 09                       bra gb_5E
0595   D2A6                         
0596   D2A6 FF 11 90    gb_0C           stx game_var_4
0597   D2A9 CE 00 6C                    ldx #alpha_b1
0598   D2AC FF 11 8E                    stx game_var_3
0599   D2AF FE 11 90    gb_5E           ldx game_var_4
0600   D2B2 39                          rts
0601   D2B3                         
0602   D2B3 8D E6       gj_20           bsr gb_0E
0603   D2B5 8D BF       gb_93           bsr step_l
0604   D2B7 26 FC                       bne gb_93
0605   D2B9 39                          rts     
0606   D2BA             
0607   D2BA 8D EA       gj_3D           bsr gb_0C
0608   D2BC 8D A3       gb_10           bsr step_r
0609   D2BE 26 FC                       bne gb_10
0610   D2C0 39                          rts 
0611   D2C1             
0612   D2C1             setup_msg_endptr    
0613   D2C1 36                          psha    
0614   D2C2 37                          pshb    
0615   D2C3 DF C2                       stx     sys_temp5
0616   D2C5 CE 00 60                    ldx     #alpha_b0
0617   D2C8 DF B8                       stx     temp1
0618   D2CA 8D 5F                       bsr     clr_next_12
0619   D2CC DE C2                       ldx     sys_temp5
0620   D2CE E6 00                       ldab    $00,X               ;Get first byte of string into B
0621   D2D0 DE B8                       ldx     temp1
0622   D2D2 BD DE 18                    jsr     split_ab
0623   D2D5 F7 11 88                    stab    game_var_0
0624   D2D8 BD E0 72                    jsr     xplusb
0625   D2DB DF B8                       stx     temp1
0626   D2DD DE C2                       ldx     sys_temp5
0627   D2DF 33          pulab_rts       pulb    
0628   D2E0 32                          pula    
0629   D2E1 39                          rts 
0630   D2E2             
0631   D2E2             
0632   D2E2             ;**************************************************
0633   D2E2             ;* Message Copy - Either copies the full message 
0634   D2E2             ;* into the the alpha buffer or copies a partial
0635   D2E2             ;* message into the buffer for more complex 
0636   D2E2             ;* rendering
0637   D2E2             ;**************************************************
0638   D2E2 8D DD       copy_msg_full   bsr     setup_msg_endptr
0639   D2E4 E6 00       copy_msg_part   ldab    $00,X
0640   D2E6 C4 0F                       andb    #$0F
0641   D2E8 08                          inx 
0642   D2E9 7E E0 E1                    jmp     copyblock
0643   D2EC             
0644   D2EC 8D D3       ani_msg_letters bsr     setup_msg_endptr
0645   D2EE A6 00                       ldaa    $00,X                   ;get first byte
0646   D2F0                                                             ;FLAGS + LENGTH
0647   D2F0 84 0F                       anda    #$0F
0648   D2F2                             begin
0648   D2F2             
0649   D2F2 C6 0C                           ldab    #$0C
0650   D2F4 36                              psha    
0651   D2F5 08                              inx 
0652   D2F6 FF 11 8A                        stx game_var_1
0653   D2F9 A6 00                           ldaa    $00,X
0654   D2FB 97 6C                           staa    alpha_b0+12
0655   D2FD CE 00 6B                        ldx #alpha_b0+11
0656   D300                                 begin
0656   D300             
0657   D300                                     SLEEP($01)
0657   D300 BD DB 66    
0657   D303 01          
0658   D304 A6 01                               ldaa    $01,X
0659   D306 A7 00                               staa    $00,X
0660   D308 4F                                  clra    
0661   D309 A7 01                               staa    $01,X
0662   D30B 09                                  dex 
0663   D30C 5A                                  decb    
0664   D30D F1 11 88                            cmpb    game_var_0
0665   D310                                 eqend
0665   D310             
0665   D310             
0665   D310~                                eqend
0665   D310~                                eqend
0665   D310~                                eqend
0665   D310             
0665   D310 26 EE       
0665   D312             
0665   D312~                                eqend
0665   D312~                                eqend
0665   D312             
0666   D312 FE 11 8A                        ldx game_var_1
0667   D315 7C 11 88                        inc game_var_0
0668   D318 32                              pula    
0669   D319 4A                              deca    
0670   D31A                             eqend
0670   D31A             
0670   D31A             
0670   D31A~                            eqend
0670   D31A~                            eqend
0670   D31A~                            eqend
0670   D31A             
0670   D31A 26 D6       
0670   D31C             
0670   D31C~                            eqend
0670   D31C~                            eqend
0670   D31C             
0671   D31C 39                          rts 
0672   D31D             
0673   D31D BD DC DE    gj_0D           jsr update_commas
0674   D320             clr_alpha_set_b0    
0675   D320 5F                          clrb    
0676   D321 20 02                       bra clr_alpha_set_bx
0677   D323             clr_alpha_set_b1    
0678   D323 C6 7F                       ldab    #$7F
0679   D325             clr_alpha_set_bx    
0680   D325 BD D3 36                    jsr     stab_all_alphmsk
0681   D328 CE 00 6C                    ldx     #alpha_b1
0682   D32B 4F          clr_next_12     clra    
0683   D32C C6 0C                       ldab    #$0C
0684   D32E 7E EA AD                    jmp     write_range
0685   D331             
0686   D331 D6 7A       invert_alphamsk ldab    dmask_alpha
0687   D333 53                          comb    
0688   D334 C4 7F                       andb    #$7F
0689   D336             stab_all_alphmsk    
0690   D336 D7 7A                       stab    dmask_alpha
0691   D338 D7 7B                       stab    dmask_alpha+1
0692   D33A 39                          rts
0693   D33B                     
0694   D33B 36          ani_spinner     psha    
0695   D33C 37                          pshb    
0696   D33D                             begin
0696   D33D             
0697   D33D 86 26                           ldaa    #$26
0698   D33F 5A                              decb    
0699   D340 27 9D                           beq     pulab_rts
0700   D342 A7 00       spin_rpt            staa    $00,X
0701   D344                                 SLEEP($02)
0701   D344 BD DB 66    
0701   D347 02          
0702   D348 4C                              inca    
0703   D349 81 2A                           cmpa    #$2A
0704   D34B                             neend
0704   D34B             
0704   D34B             
0704   D34B~                            neend
0704   D34B~                            neend
0704   D34B~                            neend
0704   D34B             
0704   D34B 27 F0       
0704   D34D             
0704   D34D~                            neend
0704   D34D~                            neend
0704   D34D             
0705   D34D 20 F3                       bra spin_rpt
0706   D34F                     
0707   D34F                                     
0708   D34F             
0709   D34F             
0710   D34F             
0711   D34F             
0712   D34F             
0713   D34F             
0714   D34F             
0715   D34F 7E DB AE    sw_notused_1    jmp killthread
0716   D352 39          high_score      rts     
0717   D353             
0718   D353             
0719   D353             sw_troll_1          
0720   D353             sw_gargoyle_bl  
0721   D353             sw_warlok_l     
0722   D353             sw_blknite_l        
0723   D353             sw_evilking_l   
0724   D353             sw_gargoyle_tl  
0725   D353             sw_demon_1      
0726   D353             sw_troll_2      
0727   D353             sw_demon_2      
0728   D353             sw_troll_3      
0729   D353             sw_demon_3      
0730   D353             sw_troll_4      
0731   D353             sw_demon_4      
0732   D353             sw_troll_5      
0733   D353             sw_demon_5      
0734   D353             sw_troll_6      
0735   D353             sw_demon_6      
0736   D353             sw_gargoyle_tr  
0737   D353             sw_warlok_r     
0738   D353             sw_blknight_r   
0739   D353             sw_evilking_r   
0740   D353             sw_gargoyle_br  KILL_
0740   D353 03          
0741   D354             
0742   D354             
0743   D354             sw_spell        
0744   D354             
0745   D354             KILL_
0745   D354 03          
0746   D355             
0747   D355             sw_l_shooter
0748   D355             sw_r_shooter	PRI_($B0)				;Priority=#B0
0748   D355 52 B0       
0749   D357 5BFBD030FEF2gj_0A			.db $5B,$FB,$D0,$30,$FE,$F2,$F0,$F2,$F0,$09;BNE_((#F0 P #F0) || BIT2#30) to gb_0A
0749   D35D F0F2F009
0750   D361 5AFEF2F0B00A			.db $5A,$FE,$F2,$F0,$B0,$0A	;BEQ_(BIT#70 P #F0) to gb_0B
0751   D367             			SLEEP_(1)
0751   D367             
0751   D367 71          
0751   D368~            			SLEEP_(1)
0751   D368~            			SLEEP_(1)
0751   D368             
0752   D368             			JMPR_(gj_0A)
0752   D368~            			JMPR_(gj_0A)
0752   D368~            			JMPR_(gj_0A)
0752   D368             
0752   D368~            			JMPR_(gj_0A)
0752   D368~            			JMPR_(gj_0A)
0752   D368             
0752   D368             
0752   D368 8F          
0752   D369 ED          
0753   D36A             			
0754   D36A             gb_0A		PRI_($F0)				;Priority=#F0
0754   D36A 52 F0       
0755   D36C E4          			SND_($04)				;Sound #04
0756   D36D             			JSRD_(solenoid_wait)		
0756   D36D 57          
0756   D36E F0 A1       
0757   D370             			SLEEP_(11)
0757   D370             
0757   D370 7B          
0757   D371~            			SLEEP_(11)
0757   D371~            			SLEEP_(11)
0757   D371             
0758   D371             gb_0B		KILL_					;Remove This Thread
0758   D371 03          
0759   D372             
0760   D372                 
0761   D372             
0762   D372 3F          gameover_entry  swi
0763   D373                             SOL_(BB_LEFT_FLASH_OFF,BB_RIGHT_FLASH_OFF,PF_TOP_FLASH_OFF,PF_BOT_FLASH_OFF,PF_CENTER_FLASH_OFF,GI_RELAY_PF_OFF,GI_RELAY_BB_OFF,BALL_LIFT_OFF)  
0763   D373 380001020305
0763   D379 060709
0764   D37C F8                          SND_($18)               ;Sound #18
0765   D37D             go_loop         RCLR0_(grp_alllamps)        ;All lamps off buffer 0
0765   D37D             
0765   D37D 19 00       
0766   D37F                             RCLR1_(grp_alllamps)        ;All lamps off buffer 1
0766   D37F             
0766   D37F 29 00       
0767   D381                             PRI_($10)               ;Priority=#10
0767   D381 52 10       
0768   D383                             CPUX_
0768   D383 04          
0769   D384 86 FF                       ldaa #$FF
0770   D386 97 5C                       staa   p1_dispwiz  
0771   D388 97 5D                       staa   p2_dispwiz
0772   D38A BD D4 80                    jsr start_attract
0773   D38D 7F 00 E6                    clr flag_tilt
0774   D390 86 01                       ldaa    #$01
0775   D392 97 0C                       staa    game_ram_c
0776   D394                             begin
0776   D394             
0777   D394 CE D8 3D                        ldx #msg_williams
0778   D397 BD D2 EC                        jsr ani_msg_letters
0779   D39A                                 SLEEP($90)
0779   D39A BD DB 66    
0779   D39D 90          
0780   D39E CE D8 46                        ldx #msg_electronics
0781   D3A1 BD D2 EC                        jsr ani_msg_letters
0782   D3A4                                 SLEEP($90)
0782   D3A4 BD DB 66    
0782   D3A7 90          
0783   D3A8 CE D8 52                        ldx #msg_presents
0784   D3AB BD D2 EC                        jsr ani_msg_letters
0785   D3AE                                 SLEEP($90)
0785   D3AE BD DB 66    
0785   D3B1 90          
0786   D3B2 CE D8 5B                        ldx #msg_spellbinder
0787   D3B5 BD D2 E2                        jsr copy_msg_full
0788   D3B8 3F                              swi
0789   D3B9                                 BITON4_(bf_dispspkl)
0789   D3B9 D8 00       
0790   D3BB                                 CPUX_
0790   D3BB 04          
0791   D3BC 86 10                           ldaa    #$10
0792   D3BE B7 13 9D                        staa    sparkle_rate
0793   D3C1                                 SLEEP($40)
0793   D3C1 BD DB 66    
0793   D3C4 40          
0794   D3C5 86 30                           ldaa    #$30
0795   D3C7 B7 13 9D                        staa    sparkle_rate
0796   D3CA                                 SLEEP($30)
0796   D3CA BD DB 66    
0796   D3CD 30          
0797   D3CE 86 70                           ldaa    #$70
0798   D3D0 B7 13 9D                        staa    sparkle_rate
0799   D3D3                                 SLEEP($30)
0799   D3D3 BD DB 66    
0799   D3D6 30          
0800   D3D7 86 F0                           ldaa    #$f0
0801   D3D9 B7 13 9D                        staa    sparkle_rate
0802   D3DC                                 SLEEP($20)
0802   D3DC BD DB 66    
0802   D3DF 20          
0803   D3E0 86 F8                           ldaa    #$f8
0804   D3E2 B7 13 9D                        staa    sparkle_rate
0805   D3E5                                 SLEEP($30)
0805   D3E5 BD DB 66    
0805   D3E8 30          
0806   D3E9 3F                              swi
0807   D3EA                                     BITOFF4_(bf_dispspkl)
0807   D3EA D9 00       
0808   D3EC                                 CPUX_
0808   D3EC 04          
0809   D3ED                                 SLEEP($30)
0809   D3ED BD DB 66    
0809   D3F0 30          
0810   D3F1 CE D8 70                        ldx #msg_gameover
0811   D3F4 BD D2 EC                        jsr ani_msg_letters
0812   D3F7                                 SLEEP($C0)
0812   D3F7 BD DB 66    
0812   D3FA C0          
0813   D3FB             
0814   D3FB CE D8 87                        ldx #msg_destroy
0815   D3FE BD D2 E2                        jsr copy_msg_full
0816   D401                                 SLEEP($80)
0816   D401 BD DB 66    
0816   D404 80          
0817   D405 CE D8 8F                        ldx #msg_enemies
0818   D408 BD D2 E2                        jsr copy_msg_full
0819   D40B                                 SLEEP($80)
0819   D40B BD DB 66    
0819   D40E 80          
0820   D40F CE D8 97                        ldx #msg_battlethe
0821   D412 BD D2 E2                        jsr copy_msg_full
0822   D415                                 SLEEP($80)
0822   D415 BD DB 66    
0822   D418 80          
0823   D419 CE D8 A2                        ldx #msg_dragon
0824   D41C BD D2 E2                        jsr copy_msg_full
0825   D41F                                 SLEEP($80)
0825   D41F BD DB 66    
0825   D422 80          
0826   D423 BD D5 9A                        jsr disp_hy_score
0827   D426 3F          show_cred           swi
0828   D427                                 BITOFF4_(bf_dispspkl)
0828   D427 D9 00       
0829   D429                                 CPUX_
0829   D429 04          
0830   D42A BD D2 C1                        jsr setup_msg_endptr
0831   D42D BD D3 20                        jsr clr_alpha_set_b0
0832   D430                                 SLEEP($80)
0832   D430 BD DB 66    
0832   D433 80          
0833   D434 CE D8 68                        ldx #msg_credit
0834   D437 BD D2 E2                        jsr copy_msg_full
0835   D43A B6 11 9A                        ldaa    current_credits
0836   D43D BD D4 6C                        jsr disp_num_a
0837   D440 7A 00 0C                        dec game_ram_c
0838   D443 27 09                           beq     go_attract
0839   D445                                 SLEEP($E0)
0839   D445 BD DB 66    
0839   D448 E0          
0840   D449                             loopend
0840   D449             
0840   D449             
0840   D449             
0840   D449 20 03       
0840   D44B 7E D3 94    
0840   D44E~                            loopend
0840   D44E~                            loopend
0840   D44E             
0840   D44E~                            loopend
0840   D44E~                            loopend
0840   D44E             
0841   D44E                             ;we are here for the timeout on the fancy attract
0842   D44E 3F          go_attract      swi
0843   D44F                             REMTHREADS_($FF,$43)        ;Remove Multiple Threads Based on Priority
0843   D44F 55 FF 43    
0844   D452                             SOL_(GI_RELAY_PF_ON,GI_RELAY_BB_ON) 
0844   D452 32 F6 F7    
0845   D455 EE                          SND_($0E)               ;Sound #19
0846   D456                             SLEEP_(4)
0846   D456             
0846   D456 74          
0846   D457~                            SLEEP_(4)
0846   D457~                            SLEEP_(4)
0846   D457             
0847   D457                             EXE_
0847   D457             
0847   D457 44          
0848   D458 BD D5 7C                        jsr gover_lamps
0849   D45B                             EXEEND_
0849   D45B             
0849   D45B             
0849   D45B             
0849   D45B             
0849   D45B~                            EXEEND_
0849   D45B~                            EXEEND_
0849   D45B             
0849   D457             
0849   D457 45          
0849   D458             
0849   D45B             
0849   D45B~                            EXEEND_
0849   D45B~                            EXEEND_
0849   D45B             
0850   D45B C0 00                       SETRAM_(rega,0)
0851   D45D                             BEGIN_
0851   D45D             
0852   D45D                                 SOL_(PF_CENTER_FLASH_ON4)
0852   D45D 31 45       
0853   D45F                                 SLEEP_(8)
0853   D45F             
0853   D45F 78          
0853   D460~                                SLEEP_(8)
0853   D460~                                SLEEP_(8)
0853   D460             
0854   D460 B0 01                           ADDRAM_(rega,1)
0855   D462                             EQEND_($FC,$E0,5)
0855   D462             
0855   D462 5BFCE005FE  
0855   D467~                            EQEND_($FC,$E0,5)
0855   D467~                            EQEND_($FC,$E0,5)
0855   D467~                            EQEND_($FC,$E0,5)
0855   D467~                            EQEND_($FC,$E0,5)
0855   D467~                            EQEND_($FC,$E0,5)
0855   D467~                            EQEND_($FC,$E0,5)
0855   D467             
0855   D467             
0855   D467             
0855   D467             
0855   D467             
0855   D467             
0855   D467             
0855   D466             
0855   D466 F6          
0855   D467             
0855   D467~                            EQEND_($FC,$E0,5)
0855   D467~                            EQEND_($FC,$E0,5)
0855   D467             
0855   D467~                            EQEND_($FC,$E0,5)
0855   D467~                            EQEND_($FC,$E0,5)
0855   D467             
0856   D467                             SOL_(GI_RELAY_PF_OFF,GI_RELAY_BB_OFF)
0856   D467 32 06 07    
0857   D46A                             JMPR_(go_loop)
0857   D46A~                            JMPR_(go_loop)
0857   D46A~                            JMPR_(go_loop)
0857   D46A             
0857   D46A~                            JMPR_(go_loop)
0857   D46A~                            JMPR_(go_loop)
0857   D46A             
0857   D46A             
0857   D46A 8F          
0857   D46B 11          
0858   D46C                         
0859   D46C                 
0860   D46C             ;disp_wave_num  ldaa    current_wave
0861   D46C 16          disp_num_a      tab 
0862   D46D 84 0F                       anda    #$0F
0863   D46F 8B 1B                       adda    #$1B
0864   D471 DE B8                       ldx temp1
0865   D473 A7 02                       staa    $02,X
0866   D475 BD DE 18                    jsr split_ab
0867   D478 5D                          tstb    
0868   D479                             ifne
0868   D479             
0868   D479 27 FE       
0869   D47B CB 1B                           addb    #$1B
0870   D47D                             endif
0870   D47D             
0870   D47D             
0870   D47D             
0870   D47D             
0870   D47D             
0870   D47D~                            endif
0870   D47D~                            endif
0870   D47D             
0870   D47D~                            endif
0870   D47D~                            endif
0870   D47D             
0870   D47A             
0870   D47A 02          
0870   D47B             
0870   D47B             
0870   D47B~                            endif
0870   D47B~                            endif
0870   D47B~                            endif
0870   D47B             
0870   D47D             
0870   D47D~                            endif
0870   D47D~                            endif
0870   D47D             
0871   D47D E7 01                       stab    $01,X
0872   D47F 39                          rts 
0873   D480             
0874   D480             start_attract   NEWTHREAD(attract_dragon)
0874   D480 CE D4 B0    
0874   D483 BD DC 0E    
0875   D486                             NEWTHREAD(attract_bonus)
0875   D486 CE D4 CD    
0875   D489 BD DC 0E    
0876   D48C                             NEWTHREAD(attract_sides)
0876   D48C CE D5 6E    
0876   D48F BD DC 0E    
0877   D492                             NEWTHREAD(attract_arrows)
0877   D492 CE D5 59    
0877   D495 BD DC 0E    
0878   D498                             NEWTHREAD(attract_mult)
0878   D498 CE D4 F4    
0878   D49B BD DC 0E    
0879   D49E                             NEWTHREAD(attract_axe)
0879   D49E CE D4 FF    
0879   D4A1 BD DC 0E    
0880   D4A4                             NEWTHREAD(attract_red)
0880   D4A4 CE D5 14    
0880   D4A7 BD DC 0E    
0881   D4AA                             NEWTHREAD_JMP(attract_wiz)
0881   D4AA CE D5 34    
0881   D4AD 7E DC 0E    
0882   D4B0                 
0883   D4B0             ;********************************************************
0884   D4B0             ;* Dragon Attract
0885   D4B0             ;********************************************************
0886   D4B0 3F          attract_dragon  swi
0887   D4B1                             PRI_($43)               ;Priority=#43
0887   D4B1 52 43       
0888   D4B3                             BITON_(lamp_gargtl)         ;Turn ON: lamp_500
0888   D4B3             
0888   D4B3 10 0E       
0889   D4B5                             BEGIN_
0889   D4B5             
0890   D4B5                                 BEGIN_
0890   D4B5             
0891   D4B5 B0 01                               ADDRAM_(rega,$01)           ;RAM$00+=$01
0892   D4B7             atd_loop                BEQR_($FC,$FF,$E0,$01,$00,atd_1)    ;BEQR_(LAMP#01(bip) & RAM$00)==#0 to at2_1
0892   D4B7             
0892   D4B7 5AFCFFE00100
0892   D4BD 07
0892   D4BE~            atd_loop                BEQR_($FC,$FF,$E0,$01,$00,atd_1)    ;BEQR_(LAMP#01(bip) & RAM$00)==#0 to at2_1
0892   D4BE~            atd_loop                BEQR_($FC,$FF,$E0,$01,$00,atd_1)    ;BEQR_(LAMP#01(bip) & RAM$00)==#0 to at2_1
0892   D4BE~            atd_loop                BEQR_($FC,$FF,$E0,$01,$00,atd_1)    ;BEQR_(LAMP#01(bip) & RAM$00)==#0 to at2_1
0892   D4BE~            atd_loop                BEQR_($FC,$FF,$E0,$01,$00,atd_1)    ;BEQR_(LAMP#01(bip) & RAM$00)==#0 to at2_1
0892   D4BE~            atd_loop                BEQR_($FC,$FF,$E0,$01,$00,atd_1)    ;BEQR_(LAMP#01(bip) & RAM$00)==#0 to at2_1
0892   D4BE~            atd_loop                BEQR_($FC,$FF,$E0,$01,$00,atd_1)    ;BEQR_(LAMP#01(bip) & RAM$00)==#0 to at2_1
0892   D4BE             
0893   D4BE                                 NEEND_(lamp_gargtl)         ;BEQR_BIT#26
0893   D4BE             
0893   D4BE 5A 0E 00    
0893   D4C1~                                NEEND_(lamp_gargtl)         ;BEQR_BIT#26
0893   D4C1~                                NEEND_(lamp_gargtl)         ;BEQR_BIT#26
0893   D4C1~                                NEEND_(lamp_gargtl)         ;BEQR_BIT#26
0893   D4C1~                                NEEND_(lamp_gargtl)         ;BEQR_BIT#26
0893   D4C1~                                NEEND_(lamp_gargtl)         ;BEQR_BIT#26
0893   D4C1~                                NEEND_(lamp_gargtl)         ;BEQR_BIT#26
0893   D4C1             
0893   D4C1             
0893   D4C1             
0893   D4C1             
0893   D4C1             
0893   D4C1             
0893   D4C1             
0893   D4C0             
0893   D4C0 F4          
0893   D4C1             
0893   D4C1~                                NEEND_(lamp_gargtl)         ;BEQR_BIT#26
0893   D4C1~                                NEEND_(lamp_gargtl)         ;BEQR_BIT#26
0893   D4C1             
0893   D4C1~                                NEEND_(lamp_gargtl)         ;BEQR_BIT#26
0893   D4C1~                                NEEND_(lamp_gargtl)         ;BEQR_BIT#26
0893   D4C1             
0894   D4C1                                 RROL0_(grp_dragons)         
0894   D4C1             
0894   D4C1 1D 08       
0895   D4C3                                 JMPR_(atd_2)            
0895   D4C3~                                JMPR_(atd_2)            
0895   D4C3~                                JMPR_(atd_2)            
0895   D4C3             
0895   D4C3~                                JMPR_(atd_2)            
0895   D4C3~                                JMPR_(atd_2)            
0895   D4C3             
0895   D4C3             
0895   D4C3 80          
0895   D4C4 05          
0896   D4C5             atd_1           NEEND_(lamp_gargtr)     ;BEQR_BIT#2A 
0896   D4C5             
0896   D4C5 5A 19 00    
0896   D4C8~            atd_1           NEEND_(lamp_gargtr)     ;BEQR_BIT#2A 
0896   D4C8~            atd_1           NEEND_(lamp_gargtr)     ;BEQR_BIT#2A 
0896   D4C8~            atd_1           NEEND_(lamp_gargtr)     ;BEQR_BIT#2A 
0896   D4C8~            atd_1           NEEND_(lamp_gargtr)     ;BEQR_BIT#2A 
0896   D4C8~            atd_1           NEEND_(lamp_gargtr)     ;BEQR_BIT#2A 
0896   D4C8~            atd_1           NEEND_(lamp_gargtr)     ;BEQR_BIT#2A 
0896   D4C8             
0896   D4C8             
0896   D4C8             
0896   D4C8             
0896   D4C8             
0896   D4C8             
0896   D4C8             
0896   D4C7             
0896   D4C7 ED          
0896   D4C8             
0896   D4C8~            atd_1           NEEND_(lamp_gargtr)     ;BEQR_BIT#2A 
0896   D4C8~            atd_1           NEEND_(lamp_gargtr)     ;BEQR_BIT#2A 
0896   D4C8             
0896   D4C8~            atd_1           NEEND_(lamp_gargtr)     ;BEQR_BIT#2A 
0896   D4C8~            atd_1           NEEND_(lamp_gargtr)     ;BEQR_BIT#2A 
0896   D4C8             
0897   D4C8                             RROR0_(grp_dragons)     ;Effect: Range #06 Range #05
0897   D4C8             
0897   D4C8 1E 08       
0898   D4CA             atd_2           SLEEP_(4)
0898   D4CA             
0898   D4CA 74          
0898   D4CB~            atd_2           SLEEP_(4)
0898   D4CB~            atd_2           SLEEP_(4)
0898   D4CB             
0899   D4CB                             JMPR_(atd_loop)
0899   D4CB~                            JMPR_(atd_loop)
0899   D4CB~                            JMPR_(atd_loop)
0899   D4CB             
0899   D4CB~                            JMPR_(atd_loop)
0899   D4CB~                            JMPR_(atd_loop)
0899   D4CB             
0899   D4CB             
0899   D4CB 8F          
0899   D4CC EA          
0900   D4CD                                 
0901   D4CD             ;********************************************************
0902   D4CD             ;* Bonus Lamps Attract
0903   D4CD             ;********************************************************
0904   D4CD 3F          attract_bonus   swi
0905   D4CE                             PRI_($43)               ;Priority=#43
0905   D4CE 52 43       
0906   D4D0                             BITON_(lamp_500)            ;Turn ON: lamp_500
0906   D4D0             
0906   D4D0 10 38       
0907   D4D2                             BITON_(lamp_extrawiz)
0907   D4D2             
0907   D4D2 10 42       
0908   D4D4                             BITON_(lamp_hand1)
0908   D4D4             
0908   D4D4 10 55       
0909   D4D6                             BITON_(lamp_hand2)
0909   D4D6             
0909   D4D6 10 56       
0910   D4D8                             BEGIN_
0910   D4D8             
0911   D4D8                                 BEGIN_
0911   D4D8             
0912   D4D8 B0 01                               ADDRAM_(rega,$01)           ;RAM$00+=$01
0913   D4DA             atb_loop                BEQR_($FC,$FF,$E0,$01,$00,atb_1)    ;BEQR_(LAMP#01(bip) & RAM$00)==#0 to at2_1
0913   D4DA             
0913   D4DA 5AFCFFE00100
0913   D4E0 07
0913   D4E1~            atb_loop                BEQR_($FC,$FF,$E0,$01,$00,atb_1)    ;BEQR_(LAMP#01(bip) & RAM$00)==#0 to at2_1
0913   D4E1~            atb_loop                BEQR_($FC,$FF,$E0,$01,$00,atb_1)    ;BEQR_(LAMP#01(bip) & RAM$00)==#0 to at2_1
0913   D4E1~            atb_loop                BEQR_($FC,$FF,$E0,$01,$00,atb_1)    ;BEQR_(LAMP#01(bip) & RAM$00)==#0 to at2_1
0913   D4E1~            atb_loop                BEQR_($FC,$FF,$E0,$01,$00,atb_1)    ;BEQR_(LAMP#01(bip) & RAM$00)==#0 to at2_1
0913   D4E1~            atb_loop                BEQR_($FC,$FF,$E0,$01,$00,atb_1)    ;BEQR_(LAMP#01(bip) & RAM$00)==#0 to at2_1
0913   D4E1~            atb_loop                BEQR_($FC,$FF,$E0,$01,$00,atb_1)    ;BEQR_(LAMP#01(bip) & RAM$00)==#0 to at2_1
0913   D4E1             
0914   D4E1                                 NEEND_(lamp_500)            ;BEQR_BIT#26
0914   D4E1             
0914   D4E1 5A 38 00    
0914   D4E4~                                NEEND_(lamp_500)            ;BEQR_BIT#26
0914   D4E4~                                NEEND_(lamp_500)            ;BEQR_BIT#26
0914   D4E4~                                NEEND_(lamp_500)            ;BEQR_BIT#26
0914   D4E4~                                NEEND_(lamp_500)            ;BEQR_BIT#26
0914   D4E4~                                NEEND_(lamp_500)            ;BEQR_BIT#26
0914   D4E4~                                NEEND_(lamp_500)            ;BEQR_BIT#26
0914   D4E4             
0914   D4E4             
0914   D4E4             
0914   D4E4             
0914   D4E4             
0914   D4E4             
0914   D4E4             
0914   D4E3             
0914   D4E3 F4          
0914   D4E4             
0914   D4E4~                                NEEND_(lamp_500)            ;BEQR_BIT#26
0914   D4E4~                                NEEND_(lamp_500)            ;BEQR_BIT#26
0914   D4E4             
0914   D4E4~                                NEEND_(lamp_500)            ;BEQR_BIT#26
0914   D4E4~                                NEEND_(lamp_500)            ;BEQR_BIT#26
0914   D4E4             
0915   D4E4                                 RROL0_(grp_bonmult)     ;Effect: Range #06 Range #05
0915   D4E4             
0915   D4E4 1D 0F       
0916   D4E6                                 JMPR_(atb_2)            
0916   D4E6~                                JMPR_(atb_2)            
0916   D4E6~                                JMPR_(atb_2)            
0916   D4E6             
0916   D4E6~                                JMPR_(atb_2)            
0916   D4E6~                                JMPR_(atb_2)            
0916   D4E6             
0916   D4E6             
0916   D4E6 80          
0916   D4E7 05          
0917   D4E8             atb_1           NEEND_(lamp_5xu)            ;BEQR_BIT#2A 
0917   D4E8             
0917   D4E8 5A 41 00    
0917   D4EB~            atb_1           NEEND_(lamp_5xu)            ;BEQR_BIT#2A 
0917   D4EB~            atb_1           NEEND_(lamp_5xu)            ;BEQR_BIT#2A 
0917   D4EB~            atb_1           NEEND_(lamp_5xu)            ;BEQR_BIT#2A 
0917   D4EB~            atb_1           NEEND_(lamp_5xu)            ;BEQR_BIT#2A 
0917   D4EB~            atb_1           NEEND_(lamp_5xu)            ;BEQR_BIT#2A 
0917   D4EB~            atb_1           NEEND_(lamp_5xu)            ;BEQR_BIT#2A 
0917   D4EB             
0917   D4EB             
0917   D4EB             
0917   D4EB             
0917   D4EB             
0917   D4EB             
0917   D4EB             
0917   D4EA             
0917   D4EA ED          
0917   D4EB             
0917   D4EB~            atb_1           NEEND_(lamp_5xu)            ;BEQR_BIT#2A 
0917   D4EB~            atb_1           NEEND_(lamp_5xu)            ;BEQR_BIT#2A 
0917   D4EB             
0917   D4EB~            atb_1           NEEND_(lamp_5xu)            ;BEQR_BIT#2A 
0917   D4EB~            atb_1           NEEND_(lamp_5xu)            ;BEQR_BIT#2A 
0917   D4EB             
0918   D4EB                             RROR0_(grp_bonmult)     ;Effect: Range #06 Range #05
0918   D4EB             
0918   D4EB 1E 0F       
0919   D4ED             atb_2           SLEEP_(4)
0919   D4ED             
0919   D4ED 74          
0919   D4EE~            atb_2           SLEEP_(4)
0919   D4EE~            atb_2           SLEEP_(4)
0919   D4EE             
0920   D4EE                             BITINV_(lamp_extrawiz)
0920   D4EE             
0920   D4EE 12 42       
0921   D4F0                             RINV0_(grp_shield)
0921   D4F0             
0921   D4F0 1F 12       
0922   D4F2                             JMPR_(atb_loop)
0922   D4F2~                            JMPR_(atb_loop)
0922   D4F2~                            JMPR_(atb_loop)
0922   D4F2             
0922   D4F2~                            JMPR_(atb_loop)
0922   D4F2~                            JMPR_(atb_loop)
0922   D4F2             
0922   D4F2             
0922   D4F2 8F          
0922   D4F3 E6          
0923   D4F4                 
0924   D4F4             ;********************************************************
0925   D4F4             ;* Multiplier Lamps Attract
0926   D4F4             ;********************************************************
0927   D4F4 3F          attract_mult    swi
0928   D4F5                             PRI_($43)               ;Priority=#43
0928   D4F5 52 43       
0929   D4F7                             RCLR0_(grp_lowermult)
0929   D4F7             
0929   D4F7 19 02       
0930   D4F9                             BEGIN_
0930   D4F9             
0931   D4F9                                 RSET1RC0_(grp_lowermult)
0931   D4F9             
0931   D4F9 1B 02       
0932   D4FB                                 SLEEP_(16)
0932   D4FB~                                SLEEP_(16)
0932   D4FB~                                SLEEP_(16)
0932   D4FB             
0932   D4FB 53 10       
0932   D4FD             
0933   D4FD                             LOOP_
0933   D4FD             
0933   D4FD             
0933   D4FD~                            LOOP_
0933   D4FD~                            LOOP_
0933   D4FD             
0933   D4FD~                            LOOP_
0933   D4FD~                            LOOP_
0933   D4FD             
0933   D4FD             
0933   D4FD 8F          
0933   D4FE FA          
0934   D4FF                         
0935   D4FF             ;********************************************************
0936   D4FF             ;* Axe Lamps Attract
0937   D4FF             ;********************************************************
0938   D4FF 3F          attract_axe     swi
0939   D500                             PRI_($43)               ;Priority=#43
0939   D500 52 43       
0940   D502                             RCLR0_(grp_axe)
0940   D502             
0940   D502 19 11       
0941   D504                             BEGIN_                 
0941   D504             
0942   D504                                 BEGIN_
0942   D504             
0943   D504                                     RSET1R0_(grp_axe)      
0943   D504             
0943   D504 1A 11       
0944   D506                                     SLEEP_(8)
0944   D506             
0944   D506 78          
0944   D507~                                    SLEEP_(8)
0944   D507~                                    SLEEP_(8)
0944   D507             
0945   D507                                 EQEND_($F6,grp_axe)
0945   D507             
0945   D507 5B F6 11 FF 
0945   D50B~                                EQEND_($F6,grp_axe)
0945   D50B~                                EQEND_($F6,grp_axe)
0945   D50B~                                EQEND_($F6,grp_axe)
0945   D50B~                                EQEND_($F6,grp_axe)
0945   D50B~                                EQEND_($F6,grp_axe)
0945   D50B~                                EQEND_($F6,grp_axe)
0945   D50B             
0945   D50B             
0945   D50B             
0945   D50B             
0945   D50B             
0945   D50B             
0945   D50B             
0945   D50A             
0945   D50A F9          
0945   D50B             
0945   D50B~                                EQEND_($F6,grp_axe)
0945   D50B~                                EQEND_($F6,grp_axe)
0945   D50B             
0945   D50B~                                EQEND_($F6,grp_axe)
0945   D50B~                                EQEND_($F6,grp_axe)
0945   D50B             
0946   D50B                                 BEGIN_
0946   D50B             
0947   D50B                                     RCLR1L0_(grp_axe) 
0947   D50B             
0947   D50B 1C 11       
0948   D50D                                     SLEEP_(8)
0948   D50D             
0948   D50D 78          
0948   D50E~                                    SLEEP_(8)
0948   D50E~                                    SLEEP_(8)
0948   D50E             
0949   D50E                                 EQEND_($F5,grp_axe)
0949   D50E             
0949   D50E 5B F5 11 FF 
0949   D512~                                EQEND_($F5,grp_axe)
0949   D512~                                EQEND_($F5,grp_axe)
0949   D512~                                EQEND_($F5,grp_axe)
0949   D512~                                EQEND_($F5,grp_axe)
0949   D512~                                EQEND_($F5,grp_axe)
0949   D512~                                EQEND_($F5,grp_axe)
0949   D512             
0949   D512             
0949   D512             
0949   D512             
0949   D512             
0949   D512             
0949   D512             
0949   D511             
0949   D511 F9          
0949   D512             
0949   D512~                                EQEND_($F5,grp_axe)
0949   D512~                                EQEND_($F5,grp_axe)
0949   D512             
0949   D512~                                EQEND_($F5,grp_axe)
0949   D512~                                EQEND_($F5,grp_axe)
0949   D512             
0950   D512                             LOOP_
0950   D512             
0950   D512             
0950   D512~                            LOOP_
0950   D512~                            LOOP_
0950   D512             
0950   D512~                            LOOP_
0950   D512~                            LOOP_
0950   D512             
0950   D512             
0950   D512 8F          
0950   D513 F0          
0951   D514                         
0952   D514             ;********************************************************
0953   D514             ;* Red Lamps Attract
0954   D514             ;********************************************************
0955   D514 3F          attract_red     swi
0956   D515                             PRI_($43)               ;Priority=#43
0956   D515 52 43       
0957   D517                             BEGIN_
0957   D517             
0958   D517                                 RCLR0_(grp_reds)
0958   D517             
0958   D517 19 10       
0959   D519                                 SLEEP_(8)
0959   D519             
0959   D519 78          
0959   D51A~                                SLEEP_(8)
0959   D51A~                                SLEEP_(8)
0959   D51A             
0960   D51A                                 BITON_(lamp_red5)
0960   D51A             
0960   D51A 10 47       
0961   D51C                                 SLEEP_(8)
0961   D51C             
0961   D51C 78          
0961   D51D~                                SLEEP_(8)
0961   D51D~                                SLEEP_(8)
0961   D51D             
0962   D51D                                 BITON_(lamp_red4)
0962   D51D             
0962   D51D 10 46       
0963   D51F                                 BITON_(lamp_red6)
0963   D51F             
0963   D51F 10 48       
0964   D521                                 SLEEP_(8)
0964   D521             
0964   D521 78          
0964   D522~                                SLEEP_(8)
0964   D522~                                SLEEP_(8)
0964   D522             
0965   D522                                 BITON_(lamp_red3)
0965   D522             
0965   D522 10 45       
0966   D524                                 BITON_(lamp_red7)
0966   D524             
0966   D524 10 49       
0967   D526                                 SLEEP_(8)
0967   D526             
0967   D526 78          
0967   D527~                                SLEEP_(8)
0967   D527~                                SLEEP_(8)
0967   D527             
0968   D527                                 BITON_(lamp_red2)
0968   D527             
0968   D527 10 44       
0969   D529                                 BITON_(lamp_red8)
0969   D529             
0969   D529 10 4A       
0970   D52B                                 SLEEP_(8)
0970   D52B             
0970   D52B 78          
0970   D52C~                                SLEEP_(8)
0970   D52C~                                SLEEP_(8)
0970   D52C             
0971   D52C                                 BITON_(lamp_red1)
0971   D52C             
0971   D52C 10 43       
0972   D52E                                 BITON_(lamp_red9)
0972   D52E             
0972   D52E 10 4B       
0973   D530                                 SLEEP_(16)
0973   D530~                                SLEEP_(16)
0973   D530~                                SLEEP_(16)
0973   D530             
0973   D530 53 10       
0973   D532             
0974   D532                             LOOP_
0974   D532             
0974   D532             
0974   D532~                            LOOP_
0974   D532~                            LOOP_
0974   D532             
0974   D532~                            LOOP_
0974   D532~                            LOOP_
0974   D532             
0974   D532             
0974   D532 8F          
0974   D533 E3          
0975   D534                                 
0976   D534             ;**********************************************************
0977   D534             ;* Wizard Lamp Attract
0978   D534             ;********************************************************** 
0979   D534 3F          attract_wiz     swi
0980   D535                             PRI_($43)               ;Priority=#43
0980   D535 52 43       
0981   D537                             BEGIN_
0981   D537             
0982   D537                                 RCLR0_(grp_wizard)
0982   D537             
0982   D537 19 01       
0983   D539                                 BITON_(lamp_wiz1)           ;Toggle: lamp_wiz1
0983   D539             
0983   D539 10 00       
0984   D53B                                 SLEEP_(4)
0984   D53B             
0984   D53B 74          
0984   D53C~                                SLEEP_(4)
0984   D53C~                                SLEEP_(4)
0984   D53C             
0985   D53C C0 00                           SETRAM_(rega,$00)
0986   D53E                                 BEGIN_
0986   D53E             
0987   D53E                                     RROR0_(grp_wizard)              ;Rotate Right Lamp Group
0987   D53E             
0987   D53E 1E 01       
0988   D540                                     SLEEP_(4)
0988   D540             
0988   D540 74          
0988   D541~                                    SLEEP_(4)
0988   D541~                                    SLEEP_(4)
0988   D541             
0989   D541 B0 01                               ADDRAM_(rega,$01)           ;RAM$00+=$01
0990   D543                                 EQEND_($FC,$E0,24)
0990   D543             
0990   D543 5BFCE018FE  
0990   D548~                                EQEND_($FC,$E0,24)
0990   D548~                                EQEND_($FC,$E0,24)
0990   D548~                                EQEND_($FC,$E0,24)
0990   D548~                                EQEND_($FC,$E0,24)
0990   D548~                                EQEND_($FC,$E0,24)
0990   D548~                                EQEND_($FC,$E0,24)
0990   D548             
0990   D548             
0990   D548             
0990   D548             
0990   D548             
0990   D548             
0990   D548             
0990   D547             
0990   D547 F6          
0990   D548             
0990   D548~                                EQEND_($FC,$E0,24)
0990   D548~                                EQEND_($FC,$E0,24)
0990   D548             
0990   D548~                                EQEND_($FC,$E0,24)
0990   D548~                                EQEND_($FC,$E0,24)
0990   D548             
0991   D548                                 RCLR0_(grp_wizard)
0991   D548             
0991   D548 19 01       
0992   D54A                                 SLEEP_(4)
0992   D54A             
0992   D54A 74          
0992   D54B~                                SLEEP_(4)
0992   D54B~                                SLEEP_(4)
0992   D54B             
0993   D54B C0 00                           SETRAM_(rega,$00)
0994   D54D                                 BEGIN_
0994   D54D             
0995   D54D                                     RINV0_(grp_wizard)
0995   D54D             
0995   D54D 1F 01       
0996   D54F                                     SLEEP_(4)
0996   D54F             
0996   D54F 74          
0996   D550~                                    SLEEP_(4)
0996   D550~                                    SLEEP_(4)
0996   D550             
0997   D550 B0 01                               ADDRAM_(rega,$01)           ;RAM$00+=$01
0998   D552                                 EQEND_($FC,$E0,10)
0998   D552             
0998   D552 5BFCE00AFE  
0998   D557~                                EQEND_($FC,$E0,10)
0998   D557~                                EQEND_($FC,$E0,10)
0998   D557~                                EQEND_($FC,$E0,10)
0998   D557~                                EQEND_($FC,$E0,10)
0998   D557~                                EQEND_($FC,$E0,10)
0998   D557~                                EQEND_($FC,$E0,10)
0998   D557             
0998   D557             
0998   D557             
0998   D557             
0998   D557             
0998   D557             
0998   D557             
0998   D556             
0998   D556 F6          
0998   D557             
0998   D557~                                EQEND_($FC,$E0,10)
0998   D557~                                EQEND_($FC,$E0,10)
0998   D557             
0998   D557~                                EQEND_($FC,$E0,10)
0998   D557~                                EQEND_($FC,$E0,10)
0998   D557             
0999   D557                             LOOP_
0999   D557             
0999   D557             
0999   D557~                            LOOP_
0999   D557~                            LOOP_
0999   D557             
0999   D557~                            LOOP_
0999   D557~                            LOOP_
0999   D557             
0999   D557             
0999   D557 8F          
0999   D558 DE          
1000   D559                         
1001   D559             ;**********************************************************
1002   D559             ;* Arrow Lamp Attract
1003   D559             ;********************************************************** 
1004   D559 3F          attract_arrows  swi
1005   D55A                             PRI_($43)               ;Priority=#43
1005   D55A 52 43       
1006   D55C                             BEGIN_
1006   D55C             
1007   D55C                                 RCLR0_(grp_seriesa)
1007   D55C             
1007   D55C 19 0B       
1008   D55E                                 SLEEP_(16)
1008   D55E~                                SLEEP_(16)
1008   D55E~                                SLEEP_(16)
1008   D55E             
1008   D55E 53 10       
1008   D560             
1009   D560 C0 00                           SETRAM_(rega,$00)
1010   D562                                 BEGIN_
1010   D562             
1011   D562                                     RINV0_(grp_seriesa)
1011   D562             
1011   D562 1F 0B       
1012   D564                                     SLEEP_(2)
1012   D564             
1012   D564 72          
1012   D565~                                    SLEEP_(2)
1012   D565~                                    SLEEP_(2)
1012   D565             
1013   D565 B0 01                               ADDRAM_(rega,$01)           ;RAM$00+=$01
1014   D567                                 EQEND_($FC,$E0,$10)
1014   D567             
1014   D567 5BFCE010FE  
1014   D56C~                                EQEND_($FC,$E0,$10)
1014   D56C~                                EQEND_($FC,$E0,$10)
1014   D56C~                                EQEND_($FC,$E0,$10)
1014   D56C~                                EQEND_($FC,$E0,$10)
1014   D56C~                                EQEND_($FC,$E0,$10)
1014   D56C~                                EQEND_($FC,$E0,$10)
1014   D56C             
1014   D56C             
1014   D56C             
1014   D56C             
1014   D56C             
1014   D56C             
1014   D56C             
1014   D56B             
1014   D56B F6          
1014   D56C             
1014   D56C~                                EQEND_($FC,$E0,$10)
1014   D56C~                                EQEND_($FC,$E0,$10)
1014   D56C             
1014   D56C~                                EQEND_($FC,$E0,$10)
1014   D56C~                                EQEND_($FC,$E0,$10)
1014   D56C             
1015   D56C                             LOOP_           
1015   D56C             
1015   D56C             
1015   D56C~                            LOOP_           
1015   D56C~                            LOOP_           
1015   D56C             
1015   D56C~                            LOOP_           
1015   D56C~                            LOOP_           
1015   D56C             
1015   D56C             
1015   D56C 8F          
1015   D56D EE          
1016   D56E                 
1017   D56E             ;**********************************************************
1018   D56E             ;* Side Enemy Attract
1019   D56E             ;********************************************************** 
1020   D56E 3F          attract_sides   swi
1021   D56F                             PRI_($43)               ;Priority=#43
1021   D56F 52 43       
1022   D571                             BITON_(lamp_troll1)         ;Toggle: lamp_troll1
1022   D571             
1022   D571 10 08       
1023   D573                             BITON_(lamp_warlokr)            ;Toggle: lamp_warlokr   
1023   D573             
1023   D573 10 1A       
1024   D575                             BEGIN_
1024   D575             
1025   D575                                 RROR0_(grp_leftside)        ;Rotate Right Lamp Group Left Side
1025   D575             
1025   D575 1E 03       
1026   D577                                 RROR0_(grp_rightside)       ;Rotate Right Lamp Group Right Side
1026   D577             
1026   D577 1E 09       
1027   D579                                 SLEEP_(6)
1027   D579             
1027   D579 76          
1027   D57A~                                SLEEP_(6)
1027   D57A~                                SLEEP_(6)
1027   D57A             
1028   D57A                             LOOP_
1028   D57A             
1028   D57A             
1028   D57A~                            LOOP_
1028   D57A~                            LOOP_
1028   D57A             
1028   D57A~                            LOOP_
1028   D57A~                            LOOP_
1028   D57A             
1028   D57A             
1028   D57A 8F          
1028   D57B F9          
1029   D57C                                 
1030   D57C C6 03       gover_lamps     ldab    #$03
1031   D57E                             begin
1031   D57E             
1032   D57E CE D6 94                        ldx     #lampsweep-1
1033   D581 86 05                           ldaa    #$05
1034   D583 BD D6 61                        jsr     lampstr_on
1035   D586                                 SLEEP(2)
1035   D586 BD DB 66    
1035   D589 02          
1036   D58A CE D6 94                            ldx     #lampsweep-1
1037   D58D 86 05                               ldaa    #$05
1038   D58F BD D6 7C                            jsr     lampstr_off
1039   D592                                     SLEEP(2)
1039   D592 BD DB 66    
1039   D595 02          
1040   D596 5A                                  decb
1041   D597                             eqend
1041   D597             
1041   D597             
1041   D597~                            eqend
1041   D597~                            eqend
1041   D597~                            eqend
1041   D597             
1041   D597 26 E5       
1041   D599             
1041   D599~                            eqend
1041   D599~                            eqend
1041   D599             
1042   D599 39                          rts
1043   D59A                         
1044   D59A CE D8 A9    disp_hy_score   ldx     #msg_top_wizard
1045   D59D BD D2 EC                    jsr     ani_msg_letters
1046   D5A0 86 7F                       ldaa    #$7F
1047   D5A2 BD EB 29                    jsr     set_dis_masks12
1048   D5A5 BD EC A1                    jsr     show_hstd
1049   D5A8 D6 7C                       ldab    comma_flags
1050   D5AA F7 13 B4                    stab    dynamic_disp_buf+9
1051   D5AD 43                          coma    
1052   D5AE 7D 00 54                    tst score_p1_b1
1053   D5B1                             ifeq
1053   D5B1             
1053   D5B1 26 FE       
1054   D5B3 97 54                           staa    score_p1_b1
1055   D5B5 97 58                           staa    score_p2_b1
1056   D5B7 86 33                           ldaa    #$33
1057   D5B9                             endif
1057   D5B9             
1057   D5B9             
1057   D5B9             
1057   D5B9             
1057   D5B9             
1057   D5B9~                            endif
1057   D5B9~                            endif
1057   D5B9             
1057   D5B9~                            endif
1057   D5B9~                            endif
1057   D5B9             
1057   D5B2             
1057   D5B2 06          
1057   D5B3             
1057   D5B3             
1057   D5B3~                            endif
1057   D5B3~                            endif
1057   D5B3~                            endif
1057   D5B3             
1057   D5B9             
1057   D5B9~                            endif
1057   D5B9~                            endif
1057   D5B9             
1058   D5B9 97 7C                       staa    comma_flags
1059   D5BB                             SLEEP($60)
1059   D5BB BD DB 66    
1059   D5BE 60          
1060   D5BF 86 0C                       ldaa    #$0C
1061   D5C1 B7 13 A7                    staa    hy_unknown_9
1062   D5C4 CE 13 A8                    ldx #hy_unknown_a
1063   D5C7 DF B8                       stx temp1
1064   D5C9 CE 01 2E                    ldx #aud_game1
1065   D5CC C6 0C                       ldab    #$0C
1066   D5CE BD F1 A2                    jsr block_copy
1067   D5D1 CE 13 A7                    ldx #hy_unknown_9
1068   D5D4 BD D2 9B                    jsr gb_0E
1069   D5D7 BD D2 4C                    jsr slide_l
1070   D5DA                             SLEEP($A0)
1070   D5DA BD DB 66    
1070   D5DD A0          
1071   D5DE F6 13 B4                    ldab    dynamic_disp_buf+9
1072   D5E1 D7 7C                       stab    comma_flags
1073   D5E3 4F                          clra    
1074   D5E4 7E EB 29                    jmp set_dis_masks12 
1075   D5E7             
1076   D5E7             sw_plumbtilt    BEQR_($FE,$F2,$FF,$C0,$10)  ;BEQ_(BIT#80 P #FF) to tilt_kill
1076   D5E7~            sw_plumbtilt    BEQR_($FE,$F2,$FF,$C0,$10)  ;BEQ_(BIT#80 P #FF) to tilt_kill
1076   D5E7~            sw_plumbtilt    BEQR_($FE,$F2,$FF,$C0,$10)  ;BEQ_(BIT#80 P #FF) to tilt_kill
1076   D5E7             
1076   D5E7             
1076   D5E7 5AFEF2FFC0DD
1076   D5ED~            sw_plumbtilt    BEQR_($FE,$F2,$FF,$C0,$10)  ;BEQ_(BIT#80 P #FF) to tilt_kill
1076   D5ED~            sw_plumbtilt    BEQR_($FE,$F2,$FF,$C0,$10)  ;BEQ_(BIT#80 P #FF) to tilt_kill
1076   D5ED             
1076   D5ED             
1077   D5ED                             EXE_($06)               ;CPU Execute Next 6 Bytes
1077   D5ED~                            EXE_($06)               ;CPU Execute Next 6 Bytes
1077   D5ED~                            EXE_($06)               ;CPU Execute Next 6 Bytes
1077   D5ED             
1077   D5ED 48          
1077   D5EE             
1078   D5EE CE D5 FE                    ldx #tilt_sleeper
1079   D5F1 BD DC 0E                    jsr newthread_06
1080   D5F4 F5                          SND_($15)               ;Sound #15
1081   D5F5                             JSRD_(tilt_warning)     
1081   D5F5 57          
1081   D5F6 ED DA       
1082   D5F8                             BEQR_($F0,$09)          ;BEQ_TILT to game_tilt
1082   D5F8~                            BEQR_($F0,$09)          ;BEQ_TILT to game_tilt
1082   D5F8~                            BEQR_($F0,$09)          ;BEQ_TILT to game_tilt
1082   D5F8             
1082   D5F8             
1082   D5F8 5A F0 F2    
1082   D5FB~                            BEQR_($F0,$09)          ;BEQ_TILT to game_tilt
1082   D5FB~                            BEQR_($F0,$09)          ;BEQ_TILT to game_tilt
1082   D5FB             
1082   D5FB             
1083   D5FB                             SOL_(GI_RELAY_PF_ON)        ; Sol#6:gi_relay_pf
1083   D5FB 31 F6       
1084   D5FD             tilt_kill       KILL_                   ;Remove This Thread
1084   D5FD 03          
1085   D5FE             
1086   D5FE 3F          tilt_sleeper    swi 
1087   D5FF                             PRI_($C0)               ;Priority=#C0
1087   D5FF 52 C0       
1088   D601                             SLEEP_(24)
1088   D601~                            SLEEP_(24)
1088   D601~                            SLEEP_(24)
1088   D601             
1088   D601 53 18       
1088   D603             
1089   D603                             KILL_                   ;Remove This Thread
1089   D603 03          
1090   D604             
1091   D604             game_tilt       SOL_(GI_RELAY_PF_ON)        ; Sol#6:gi_relay_pf
1091   D604 31 F6       
1092   D606                             PRI_($A0)               ;Priority=#A0
1092   D606 52 A0       
1093   D608                             REMTHREADS_($08,$00)        ;Remove Multiple Threads Based on Priority
1093   D608 55 08 00    
1094   D60B                             JSRR_(clear_ui)         
1094   D60B~                            JSRR_(clear_ui)         
1094   D60B~                            JSRR_(clear_ui)         
1094   D60B             
1094   D60B~                            JSRR_(clear_ui)         
1094   D60B~                            JSRR_(clear_ui)         
1094   D60B             
1094   D60B             
1094   D60B 90          
1094   D60C 42          
1095   D60D                             CPUX_                   ;Resume CPU Execution
1095   D60D 04          
1096   D60E CE D8 C1                    ldx #msg_tilt
1097   D611 BD D2 E2                    jsr copy_msg_full
1098   D614 BD D3 23                    jsr clr_alpha_set_b1
1099   D617 86 31                       ldaa    #$31
1100   D619                             begin
1100   D619             
1101   D619 BD D3 31                        jsr invert_alphamsk
1102   D61C                                 SLEEP($06)
1102   D61C BD DB 66    
1102   D61F 06          
1103   D620 4A                              deca    
1104   D621                             eqend
1104   D621             
1104   D621             
1104   D621~                            eqend
1104   D621~                            eqend
1104   D621~                            eqend
1104   D621             
1104   D621 26 F6       
1104   D623             
1104   D623~                            eqend
1104   D623~                            eqend
1104   D623             
1105   D623 CE 00 00                    ldx #0000
1106   D626 FF 11 98                    stx cur_spell_pos
1107   D629 3F                          swi 
1108   D62A                             JSRDR_(setup_msg_endptr)
1108   D62A~                            JSRDR_(setup_msg_endptr)
1108   D62A~                            JSRDR_(setup_msg_endptr)
1108   D62A             
1108   D62A~                            JSRDR_(setup_msg_endptr)
1108   D62A~                            JSRDR_(setup_msg_endptr)
1108   D62A             
1108   D62A             
1108   D62A AC          
1108   D62B 95          
1109   D62C                             JSRDR_(stab_all_alphmsk)
1109   D62C~                            JSRDR_(stab_all_alphmsk)
1109   D62C~                            JSRDR_(stab_all_alphmsk)
1109   D62C             
1109   D62C~                            JSRDR_(stab_all_alphmsk)
1109   D62C~                            JSRDR_(stab_all_alphmsk)
1109   D62C             
1109   D62C             
1109   D62C AD          
1109   D62D 08          
1110   D62E                             RAMCPY_($6,$0)          ;Copy RAM;RAM,6 = RAM,0
1110   D62E             
1110   D62E 51 60       
1110   D630~                            RAMCPY_($6,$0)          ;Copy RAM;RAM,6 = RAM,0
1110   D630~                            RAMCPY_($6,$0)          ;Copy RAM;RAM,6 = RAM,0
1110   D630             
1111   D630             end_player      SOL_(GI_RELAY_PF_OFF,PF_CENTER_FLASH_OFF,BB_LEFT_FLASH_OFF,BB_RIGHT_FLASH_OFF)      
1111   D630 3406050001  
1112   D635                             PRI_($00)               ;Priority=#00
1112   D635 52 00       
1113   D637                             JSRDR_(save_playerdata)     
1113   D637~                            JSRDR_(save_playerdata)     
1113   D637~                            JSRDR_(save_playerdata)     
1113   D637             
1113   D637~                            JSRDR_(save_playerdata)     
1113   D637~                            JSRDR_(save_playerdata)     
1113   D637             
1113   D637             
1113   D637 A0          
1113   D638 15          
1114   D639                             JSRD_(update_commas)        
1114   D639 57          
1114   D63A DC DE       
1115   D63C 5C                          JMPD_(outhole_main)
1115   D63D EC 39       
1116   D63F                         
1117   D63F             start_play      ;do stuff here for gameplay
1118   D63F 3F                          swi
1119   D640                             RSET0_(grp_reds)        ;Turn on all reds
1119   D640             
1119   D640 18 10       
1120   D642                             SLEEP_(90)
1120   D642~                            SLEEP_(90)
1120   D642~                            SLEEP_(90)
1120   D642             
1120   D642 53 5A       
1120   D644             
1121   D644                             BEGIN_
1121   D644             
1122   D644                                 RCLR1L0_(grp_reds)
1122   D644             
1122   D644 1C 10       
1123   D646                                 SLEEP_(30)
1123   D646~                                SLEEP_(30)
1123   D646~                                SLEEP_(30)
1123   D646             
1123   D646 53 1E       
1123   D648             
1124   D648                             EQEND_($F5,grp_reds)        
1124   D648             
1124   D648 5B F5 10 FF 
1124   D64C~                            EQEND_($F5,grp_reds)        
1124   D64C~                            EQEND_($F5,grp_reds)        
1124   D64C~                            EQEND_($F5,grp_reds)        
1124   D64C~                            EQEND_($F5,grp_reds)        
1124   D64C~                            EQEND_($F5,grp_reds)        
1124   D64C~                            EQEND_($F5,grp_reds)        
1124   D64C             
1124   D64C             
1124   D64C             
1124   D64C             
1124   D64C             
1124   D64C             
1124   D64C             
1124   D64B             
1124   D64B F8          
1124   D64C             
1124   D64C~                            EQEND_($F5,grp_reds)        
1124   D64C~                            EQEND_($F5,grp_reds)        
1124   D64C             
1124   D64C~                            EQEND_($F5,grp_reds)        
1124   D64C~                            EQEND_($F5,grp_reds)        
1124   D64C             
1125   D64C                             ;when the player is out of reds, end the round
1126   D64C                             JMPR_(end_player)
1126   D64C~                            JMPR_(end_player)
1126   D64C~                            JMPR_(end_player)
1126   D64C             
1126   D64C~                            JMPR_(end_player)
1126   D64C~                            JMPR_(end_player)
1126   D64C             
1126   D64C             
1126   D64C 8F          
1126   D64D E2          
1127   D64E             
1128   D64E 39          save_playerdata rts
1129   D64F             
1130   D64F             
1131   D64F             clear_ui        JSRD_(clr_dis_masks)                
1131   D64F 57          
1131   D650 EB 24       
1132   D652                             EXE_            
1132   D652             
1132   D652 44          
1133   D653 7C 00 E6                        inc flag_tilt           ;turn OFF the shooters 
1134   D656 D6 EB                           ldab    player_up
1135   D658 BD EC 57                        jsr saveplayertobuffer
1136   D65B D6 EB                           ldab    player_up
1137   D65D                             EXEEND_
1137   D65D             
1137   D65D             
1137   D65D             
1137   D65D             
1137   D65D~                            EXEEND_
1137   D65D~                            EXEEND_
1137   D65D             
1137   D652             
1137   D652 4C          
1137   D653             
1137   D65D             
1137   D65D~                            EXEEND_
1137   D65D~                            EXEEND_
1137   D65D             
1138   D65D                             JSRD_(resetplayerdata)      
1138   D65D 57          
1138   D65E EB E0       
1139   D660                             MRTS_                   ;Macro RTS, Save MRA,MRB
1139   D660 02          
1140   D661             
1141   D661 37          lampstr_on      pshb
1142   D662                             begin
1142   D662             
1143   D662                                 begin
1143   D662             
1144   D662 08                                  inx  
1145   D663 E6 00                               ldab    $00,X
1146   D665 C1 FF                               cmpb    #$ff
1147   D667 27 11                               beq lampstr_rts
1148   D669 17                                  tba  
1149   D66A 84 7F                               anda #$7F
1150   D66C DF BC                               stx  temp3
1151   D66E BD E3 97                            jsr  lamp_onx
1152   D671 5D                                  tstb 
1153   D672                                 miend
1153   D672             
1153   D672             
1153   D672~                                miend
1153   D672~                                miend
1153   D672~                                miend
1153   D672             
1153   D672 2A EE       
1153   D674             
1153   D674~                                miend
1153   D674~                                miend
1153   D674             
1154   D674                                 SLEEP(2) 
1154   D674 BD DB 66    
1154   D677 02          
1155   D678                             loopend
1155   D678             
1155   D678             
1155   D678~                            loopend
1155   D678~                            loopend
1155   D678~                            loopend
1155   D678             
1155   D678 20 E8       
1155   D67A             
1155   D67A~                            loopend
1155   D67A~                            loopend
1155   D67A             
1156   D67A                         
1157   D67A 33          lampstr_rts     pulb
1158   D67B 39                          rts
1159   D67C             
1160   D67C 37          lampstr_off     pshb
1161   D67D                             begin
1161   D67D             
1162   D67D                                 begin
1162   D67D             
1163   D67D 08                                  inx  
1164   D67E E6 00                               ldab    $00,X
1165   D680 C1 FF                               cmpb    #$ff
1166   D682 27 F6                               beq lampstr_rts
1167   D684 17                                  tba  
1168   D685 84 7F                               anda #$7F
1169   D687 DF BC                               stx  temp3
1170   D689 BD E3 B6                            jsr  lamp_offx
1171   D68C 5D                                  tstb 
1172   D68D                                 miend
1172   D68D             
1172   D68D             
1172   D68D~                                miend
1172   D68D~                                miend
1172   D68D~                                miend
1172   D68D             
1172   D68D 2A EE       
1172   D68F             
1172   D68F~                                miend
1172   D68F~                                miend
1172   D68F             
1173   D68F                                 SLEEP(2)   
1173   D68F BD DB 66    
1173   D692 02          
1174   D693                             loopend
1174   D693             
1174   D693             
1174   D693~                            loopend
1174   D693~                            loopend
1174   D693~                            loopend
1174   D693             
1174   D693 20 E8       
1174   D695             
1174   D695~                            loopend
1174   D695~                            loopend
1174   D695             
1175   D695                     
1176   D695 85          lampsweep       .db lamp_2xl+$80
1177   D696 86                          .db lamp_3xl+$80
1178   D697 87                          .db lamp_5xl+$80
1179   D698 08 9F                       .db lamp_troll1,lamp_demon6+$80
1180   D69A 434445464748                .db lamp_red1,lamp_red2,lamp_red3,lamp_red4,lamp_red5,lamp_red6,lamp_red7,lamp_red8,lamp_red9,lamp_gargll,lamp_gargbr+$80
1180   D6A0 494A4B0A9D
1181   D6A5 554C4D4E4F50                .db lamp_hand1,lamp_axe1,lamp_axe2,lamp_axe3,lamp_axe4,lamp_axe5,lamp_axe6,lamp_axe7,lamp_axe8,lamp_axe9,lamp_hand2+$80
1181   D6AB 51525354D6
1182   D6B0 0B 9C                       .db lamp_warlokl,lamp_ekr+$80
1183   D6B2 0C1B00010203                .db lamp_bkl,lamp_bkr,lamp_wiz1,lamp_wiz2,lamp_wiz3,lamp_wiz4,lamp_wiz5+$80
1183   D6B8 84
1184   D6B9 0D 9A                       .db lamp_ekl,lamp_warlokr+$80
1185   D6BB 4238393A3B3C                .db lamp_extrawiz,lamp_500,lamp_1k,lamp_2k,lamp_4k,lamp_8k,lamp_16k,lamp_32k,lamp_2xu,lamp_3xu,lamp_5xu+$80
1185   D6C1 3D3E3F40C1
1186   D6C6 202122232425                .db lamp_gargtla,lamp_demon1a,lamp_troll2a,lamp_demon2a,lamp_troll3a,lamp_demon3a,lamp_troll4a,lamp_demon4a,lamp_troll5a,lamp_demon5a,lamp_troll6a,lamp_gargtra+$80
1186   D6CC 262728292AAB
1187   D6D2 0E0F10111213                .db lamp_gargtl,lamp_demon1,lamp_troll2,lamp_demon2,lamp_troll3,lamp_demon3,lamp_troll4,lamp_demon4,lamp_troll5,lamp_demon5,lamp_troll6,lamp_gargtr+$80
1187   D6D8 141516171899
1188   D6DE FF                          .db $ff
1189   D6DF             
1190   D6DF 93          switchtable     .db sf_wml7+sf_enabled+swtype3                      \.dw sw_plumbtilt   ;(1) plumbtilt
1190   D6E0 D5 E7       
1191   D6E2 71                          .db sf_code+sf_tilt+sf_gameover+sf_enabled+swtype1  \.dw sw_2p_start    ;(2) 2p_start
1191   D6E3 D1 D8       
1192   D6E5 71                          .db sf_code+sf_tilt+sf_gameover+sf_enabled+swtype1  \.dw sw_1p_start    ;(3) 1p_start
1192   D6E6 D1 D7       
1193   D6E8 F2                          .db sf_wml7+sf_tilt+sf_gameover+sf_enabled+swtype2  \.dw coin_accepted  ;(4) coin_r
1193   D6E9 EA 0E       
1194   D6EB F2                          .db sf_wml7+sf_tilt+sf_gameover+sf_enabled+swtype2  \.dw coin_accepted  ;(5) coin_c
1194   D6EC EA 0E       
1195   D6EE F2                          .db sf_wml7+sf_tilt+sf_gameover+sf_enabled+swtype2  \.dw coin_accepted  ;(6) coin_l
1195   D6EF EA 0E       
1196   D6F1 71                          .db sf_code+sf_tilt+sf_gameover+sf_enabled+swtype1  \.dw reset          ;(7) slam
1196   D6F2 D9 14       
1197   D6F4 71                          .db sf_code+sf_tilt+sf_gameover+sf_enabled+swtype1  \.dw sw_hstd_res    ;(8) hstd_res
1197   D6F5 D1 B2       
1198   D6F7 91                          .db sf_wml7+sf_enabled+swtype1                      \.dw sw_troll_1     ;(9) Troll #1
1198   D6F8 D3 53       
1199   D6FA 01                          .db sf_code+sf_disabled+swtype1                     \.dw sw_notused_1   ;(10)
1199   D6FB D3 4F       
1200   D6FD 91                          .db sf_wml7+sf_enabled+swtype1                      \.dw sw_gargoyle_bl ;(11) Lower Left Gargoyle
1200   D6FE D3 53       
1201   D700 91                          .db sf_wml7+sf_enabled+swtype1                      \.dw sw_warlok_l    ;(12) Left Warlok
1201   D701 D3 53       
1202   D703 91                          .db sf_wml7+sf_enabled+swtype1                      \.dw sw_blknite_l   ;(13) Left Black Knight
1202   D704 D3 53       
1203   D706 91                          .db sf_wml7+sf_enabled+swtype1                      \.dw sw_evilking_l  ;(14) Left Evil King
1203   D707 D3 53       
1204   D709 91                          .db sf_wml7+sf_enabled+swtype1                      \.dw sw_gargoyle_tl ;(15) Top Left Gargoyle
1204   D70A D3 53       
1205   D70C 96                          .db sf_wml7+sf_enabled+swtype7                      \.dw sw_demon_1     ;(16) Demon #1
1205   D70D D3 53       
1206   D70F 96                          .db sf_wml7+sf_enabled+swtype7                      \.dw sw_troll_2     ;(17) Troll #2
1206   D710 D3 53       
1207   D712 96                          .db sf_wml7+sf_enabled+swtype7                      \.dw sw_demon_2     ;(18) Demon #2
1207   D713 D3 53       
1208   D715 96                          .db sf_wml7+sf_enabled+swtype7                      \.dw sw_troll_3     ;(19) Troll #3
1208   D716 D3 53       
1209   D718 96                          .db sf_wml7+sf_enabled+swtype7                      \.dw sw_demon_3     ;(20) Demon #3
1209   D719 D3 53       
1210   D71B 96                          .db sf_wml7+sf_enabled+swtype7                      \.dw sw_troll_4     ;(21) Troll #4
1210   D71C D3 53       
1211   D71E 96                          .db sf_wml7+sf_enabled+swtype7                      \.dw sw_demon_4     ;(22) Demon #4
1211   D71F D3 53       
1212   D721 96                          .db sf_wml7+sf_enabled+swtype7                      \.dw sw_troll_5     ;(23) Troll #5
1212   D722 D3 53       
1213   D724 96                          .db sf_wml7+sf_enabled+swtype7                      \.dw sw_demon_5     ;(24) Demon #5
1213   D725 D3 53       
1214   D727 96                          .db sf_wml7+sf_enabled+swtype7                      \.dw sw_troll_6     ;(25) Troll #6
1214   D728 D3 53       
1215   D72A 96                          .db sf_wml7+sf_enabled+swtype7                      \.dw sw_demon_6     ;(26) Demon #6
1215   D72B D3 53       
1216   D72D 91                          .db sf_wml7+sf_enabled+swtype1                      \.dw sw_gargoyle_tr ;(27) Top Right Gargoyle
1216   D72E D3 53       
1217   D730 91                          .db sf_wml7+sf_enabled+swtype1                      \.dw sw_warlok_r    ;(28) Right Warlok
1217   D731 D3 53       
1218   D733 91                          .db sf_wml7+sf_enabled+swtype1                      \.dw sw_blknight_r  ;(29) Right Black Knight
1218   D734 D3 53       
1219   D736 91                          .db sf_wml7+sf_enabled+swtype1                      \.dw sw_evilking_r  ;(30) Right Evil King
1219   D737 D3 53       
1220   D739 91                          .db sf_wml7+sf_enabled+swtype1                      \.dw sw_gargoyle_br ;(31) Bottom Right Gargoyle
1220   D73A D3 53       
1221   D73C B3                          .db sf_wml7+sf_gameover+sf_enabled+swtype3          \.dw sw_spell       ;(32) Cast Spell
1221   D73D D3 54       
1222   D73F 94                          .db sf_wml7+sf_enabled+swtype4                      \.dw sw_l_shooter   ;(33) l_shooter
1222   D740 D3 55       
1223   D742 94                          .db sf_wml7+sf_enabled+swtype4                      \.dw sw_r_shooter   ;(34) r_shooter
1223   D743 D3 55       
1224   D745             switchtable_end
1225   D745             
1226   D745             
1227   D745             
1228   D745             
1229   D745             lamptable       LAMPGROUP(grp_alllamps,lamp_wiz1,lamp_hand2)        ;(00) all lamps
1229   D745             
1229   D745 00 56       
1229   D747             
1230   D747                             LAMPGROUP(grp_wizard,lamp_wiz1,lamp_wiz5)           ;(01) wizard lights
1230   D747             
1230   D747 00 04       
1230   D749             
1231   D749                             LAMPGROUP(grp_lowermult,lamp_2xl,lamp_5xl)          ;(02) lower multipliers
1231   D749             
1231   D749 05 07       
1231   D74B             
1232   D74B                             LAMPGROUP(grp_leftside,lamp_troll1,lamp_ekl)        ;(03) left side
1232   D74B             
1232   D74B 08 0D       
1232   D74D             
1233   D74D                             LAMPGROUP(grp_trip1,lamp_gargtl,lamp_troll2)        ;(04) trip 1
1233   D74D             
1233   D74D 0E 10       
1233   D74F             
1234   D74F                             LAMPGROUP(grp_trip2,lamp_demon2,lamp_demon3)        ;(05) trip 2
1234   D74F             
1234   D74F 11 13       
1234   D751             
1235   D751                             LAMPGROUP(grp_trip3,lamp_troll4,lamp_troll5)        ;(06) trip 3
1235   D751             
1235   D751 14 16       
1235   D753             
1236   D753                             LAMPGROUP(grp_trip4,lamp_demon5,lamp_gargtr)        ;(07) trip 4
1236   D753             
1236   D753 17 19       
1236   D755             
1237   D755                             LAMPGROUP(grp_dragons,lamp_gargtl,lamp_gargtr)      ;(08) Whole top series of lamsp
1237   D755             
1237   D755 0E 19       
1237   D757             
1238   D757                             LAMPGROUP(grp_rightside,lamp_warlokr,lamp_demon6)   ;(09) right side
1238   D757             
1238   D757 1A 1F       
1238   D759             
1239   D759                             LAMPGROUP(grp_allloop,lamp_troll1,lamp_demon6)      ;(0A) whole loop
1239   D759             
1239   D759 08 1F       
1239   D75B             
1240   D75B                             LAMPGROUP(grp_seriesa,lamp_gargtla,lamp_gargtra)    ;(0B) A series
1240   D75B             
1240   D75B 20 2B       
1240   D75D             
1241   D75D                             LAMPGROUP(grp_seriesb,lamp_gargtlb,lamp_gargtra)    ;(0C) B series
1241   D75D             
1241   D75D 2C 2B       
1241   D75F             
1242   D75F                             LAMPGROUP(grp_bonus,lamp_500,lamp_32k)              ;(0D) bonus
1242   D75F             
1242   D75F 38 3E       
1242   D761             
1243   D761                             LAMPGROUP(grp_uppermult,lamp_2xu,lamp_5xu)          ;(0E) upper multipliers
1243   D761             
1243   D761 3F 41       
1243   D763             
1244   D763                             LAMPGROUP(grp_bonmult,lamp_500,lamp_5xu)            ;(0F) bonus + multipliers
1244   D763             
1244   D763 38 41       
1244   D765             
1245   D765                             LAMPGROUP(grp_reds,lamp_red1,lamp_red9)             ;(10) red power lamps
1245   D765             
1245   D765 43 4B       
1245   D767             
1246   D767                             LAMPGROUP(grp_axe,lamp_axe1,lamp_axe9)              ;(11) axe lamps
1246   D767             
1246   D767 4C 54       
1246   D769             
1247   D769                             LAMPGROUP(grp_shield,lamp_hand1,lamp_hand2)         ;(12) hands
1247   D769             
1247   D769 55 56       
1247   D76B             
1248   D76B                             LAMPGROUP(grp_axehands,lamp_axe1,lamp_hand2)        ;(13) axe + hands
1248   D76B             
1248   D76B 4C 56       
1248   D76D             
1249   D76D             
1250   D76D             
1251   D76D 22 30 3C    soundtable      .db $22, $30,   $3C     ;(00) 
1252   D770 23 10 3B                    .db $23, $10,   $3B     ;(01) 
1253   D773 22 20 3A                    .db $22, $20,   $3A     ;(02) 
1254   D776 D7 CF                       .dw c_sound1\   .db $FF ;(03) 
1254   D778 FF          
1255   D779 D7 CA                       .dw c_sound2\   .db $FF ;(04) 
1255   D77B FF          
1256   D77C D7 DA                       .dw c_sound3\   .db $FF ;(05) 
1256   D77E FF          
1257   D77F 22 30 36                    .db $22, $30,   $36     ;(06) 
1258   D782 22 20 35                    .db $22, $20,   $35     ;(07) 
1259   D785 22 20 34                    .db $22, $20,   $34     ;(08) 
1260   D788 D7 D5                       .dw c_sound4\   .db $FF ;(09) 
1260   D78A FF          
1261   D78B 22 20 30                    .db $22, $20,   $30     ;(0A) 
1262   D78E 22 20 2F                    .db $22, $20,   $2F     ;(0B) 
1263   D791 22 20 2E                    .db $22, $20,   $2E     ;(0C) 
1264   D794 22 20 2D                    .db $22, $20,   $2D     ;(0D) 
1265   D797 22 20 2C                    .db $22, $20,   $2C     ;(0E) 
1266   D79A 22 20 2B                    .db $22, $20,   $2B     ;(0F) 
1267   D79D 83 50 2A                    .db $83, $50,   $2A     ;(10) 
1268   D7A0 22 20 29                    .db $22, $20,   $29     ;(11) 
1269   D7A3 83 40 32                    .db $83, $40,   $32     ;(12) 
1270   D7A6 22 20 28                    .db $22, $20,   $28     ;(13) 
1271   D7A9 22 20 27                    .db $22, $20,   $27     ;(14) 
1272   D7AC 23 20 3D                    .db $23, $20,   $3D     ;(15) 
1273   D7AF 22 20 26                    .db $22, $20,   $26     ;(16) 
1274   D7B2 22 20 25                    .db $22, $20,   $25     ;(17) 
1275   D7B5 24 20 3C                    .db $24, $20,   sndcmd_youaresb     ;(18)       ;Game Boot Sound
1276   D7B8 22 20 24                    .db $22, $20,   $24     ;(19) 
1277   D7BB 22 20 23                    .db $22, $20,   $23     ;(1A) 
1278   D7BE 22 20 22                    .db $22, $20,   $22     ;(1B) 
1279   D7C1 22 20 31                    .db $22, $20,   $31     ;(1C) 
1280   D7C4 22 20 21                    .db $22, $20,   $21     ;(1D) 
1281   D7C7 23 30 20                    .db $23, $30,   $20     ;(1E) 
1282   D7CA             
1283   D7CA 2192383E3F  c_sound2        .db $21,$92,$38,$3E,$3F
1284   D7CF             
1285   D7CF 26F52EC02D3Fc_sound1        .db $26,$F5,$2E,$C0,$2D,$3F
1286   D7D5             
1287   D7D5 26FF372D3F  c_sound4        .db $26,$FF,$37,$2D,$3F
1288   D7DA             
1289   D7DA 26FF242D3F  c_sound3        .db $26,$FF,$24,$2D,$3F
1290   D7DF             
1291   D7DF             ;*************************************************************
1292   D7DF             ; Character Sprites
1293   D7DF             ;
1294   D7DF             ; J H F E  D C B A   X X N P  R M G K
1295   D7DF             ;
1296   D7DF             ;   ---a---
1297   D7DF             ;  |\  |  /|
1298   D7DF             ;  f h j k b
1299   D7DF             ;  |  \|/  |
1300   D7DF             ;   -g- -m-
1301   D7DF             ;  |  /|\  |
1302   D7DF             ;  e r p n c
1303   D7DF             ;  |/  |  \|
1304   D7DF             ;   ---d---
1305   D7DF             ;
1306   D7DF             ;*************************************************************
1307   D7DF             
1308   D7DF 00 00       character_defs  .dw $0000   ;SPACE (00)
1309   D7E1 37 06                       .dw $3706   ;A (01)
1310   D7E3 8F 14                       .dw $8F14   ;B (02)
1311   D7E5 39 00                       .dw $3900   ;C (03)
1312   D7E7 4F 10                       .dw $4F10   ;D (04)
1313   D7E9 39 02                       .dw $3902   ;E (05)
1314   D7EB 31 02                       .dw $3102   ;F (06)
1315   D7ED 3D 04                       .dw $3D04   ;G (07)
1316   D7EF 36 06                       .dw $3606   ;H (08)
1317   D7F1 89 10                       .dw $8910   ;I (09)
1318   D7F3 1E 00                       .dw $1E00   ;J (0A)
1319   D7F5 30 23                       .dw $3023   ;K (0B)
1320   D7F7 38 00                       .dw $3800   ;L (0C)
1321   D7F9 76 01                       .dw $7601   ;M (0D)
1322   D7FB 76 20                       .dw $7620   ;N (0E)
1323   D7FD 3F 00                       .dw $3F00   ;O (0F)
1324   D7FF 31 03                       .dw $3103   ;P (10)
1325   D801 3F 20                       .dw $3F20   ;Q (11)
1326   D803 31 23                       .dw $3123   ;R (12)
1327   D805 4D 04                       .dw $4D04   ;S (13)
1328   D807 81 10                       .dw $8110   ;T (14)
1329   D809 3E 00                       .dw $3E00   ;U (15)
1330   D80B 30 09                       .dw $3009   ;V (16)
1331   D80D 36 28                       .dw $3628   ;W (17)
1332   D80F 40 29                       .dw $4029   ;X (18)
1333   D811 22 16                       .dw $2216   ;Y (19)
1334   D813 09 09                       .dw $0909   ;Z (1A)
1335   D815 3F 09                       .dw $3F09   ;0 (1B)
1336   D817 80 10                       .dw $8010   ;1 (1C)
1337   D819 0B 0C                       .dw $0B0C   ;2 (1D)
1338   D81B 0D 05                       .dw $0D05   ;3 (1E)
1339   D81D 26 06                       .dw $2606   ;4 (1F)
1340   D81F 29 22                       .dw $2922   ;5 (20)
1341   D821 3D 06                       .dw $3D06   ;6 (21)
1342   D823 07 00                       .dw $0700   ;7 (22)
1343   D825 3F 06                       .dw $3F06   ;8 (23)
1344   D827 2F 06                       .dw $2F06   ;9 (24)
1345   D829 82 00                       .dw $8200   ;quot(25)
1346   D82B 00 06                       .dw $0006   ;- (26)
1347   D82D 40 20                       .dw $4020   ;\ (27)
1348   D82F 80 10                       .dw $8010   ;| (28)
1349   D831 00 09                       .dw $0009   ;/ (29)
1350   D833 BB 04                       .dw $BB04   ;@ (2A)
1351   D835 40 0A                       .dw $400A   ;-> (2B)
1352   D837 C0 3F                       .dw $C03F   ;* (2C)
1353   D839 00 25                       .dw $0025   ;<- (2D)
1354   D83B 08 00                       .dw $0800   ;_ (2E)
1355   D83D             
1356   D83D             ;********************************************************************************
1357   D83D             ;String Table
1358   D83D             ; First byte is XY 
1359   D83D             ;   where X:  flags
1360   D83D             ;         Y:  length
1361   D83D             ;********************************************************************************
1362   D83D 2817090C0C09msg_williams     .wtext "WILLIAMS",2
1362   D843 010D13
1363   D846             ;msg_williams2    .db $28,$17,$09,$0C,$0C,$09,$01,$0D,$13
1364   D846             
1365   D846 0B050C050314msg_electronics  .wtext "ELECTRONICS"
1365   D84C 120F0E090313
1366   D852                             ;.db $0B,$05,$0C,$05,$03,$14,$12,$0F,$0E,$09,$03,$13
1367   D852             
1368   D852 281012051305msg_presents    .wtext "PRESENTS",2
1368   D858 0E1413
1369   D85B                             ;.db $28,$10,$12,$05,$13,$05,$0E,$14,$13
1370   D85B             
1371   D85B 0C1310050C0Cmsg_spellbinder .wtext "SPELLBINDER "
1371   D861 02090E04051200
1372   D868                             ;.db $0C,$13,$10,$05,$0C,$0C,$02,$09,$0E,$04,$05,$12,$00
1373   D868             
1374   D868 170312050409msg_credit      .wtext "CREDITS",1
1374   D86E 1413
1375   D870                             ;.db $17,$03,$12,$05,$04,$09,$14,$13
1376   D870             
1377   D870 1A07010D0500msg_gameover    .wtext "GAME  OVER",1
1377   D876 000F160512
1378   D87B                             ;.db $0C,$00,$07,$01,$0D,$05,$00,$00,$0F,$16,$05,$12,$00
1379   D87B             
1380   D87B 26100C011905msg_player      .wtext "PLAYER",2
1380   D881 12
1381   D882                             ;.db $26,$10,$0C,$01,$19,$05,$12
1382   D882             
1383   D882 44020F0F0D  msg_boom        .wtext "BOOM",4
1384   D887                             ;.db $04,$02,$0F,$0F,$0D
1385   D887             
1386   D887 270405131412msg_destroy     .wtext "DESTROY",2
1386   D88D 0F19
1387   D88F                             ;.db $27,$04,$05,$13,$14,$12,$0F,$19
1388   D88F             
1389   D88F 27050E050D09msg_enemies     .wtext "ENEMIES",2
1389   D895 0513
1390   D897                             ;.db $27,$05,$0E,$05,$0D,$09,$05,$13
1391   D897             
1392   D897 1A020114140Cmsg_battlethe   .wtext "BATTLE THE",1
1392   D89D 0500140805
1393   D8A2                             ;.db $1A,$02,$01,$14,$14,$0C,$05,$00,$14,$08,$05
1394   D8A2             
1395   D8A2 36041201070Fmsg_dragon      .wtext "DRAGON",3
1395   D8A8 0E
1396   D8A9                             ;.db $36,$04,$12,$01,$07,$0F,$0E
1397   D8A9             
1398   D8A9 1A140F100017msg_top_wizard  .wtext "TOP WIZARD",1
1398   D8AF 091A011204
1399   D8B4                             ;.db $1A,$14,$0F,$10,$00,$17,$09,$1A,$01,$12,$04
1400   D8B4             
1401   D8B4 0C00002C0D08msg_defhs       .wtext "  *MHAVOC*  "
1401   D8BA 01160F032C0000
1402   D8C1                             ;.db $2C,$00,$00,$2C,$0D,$08,$01,$16,$0F,$03,$2C,$00,$00
1403   D8C1             
1404   D8C1 282C0014090Cmsg_tilt        .wtext "* TILT *",2
1404   D8C7 14002C
1405   D8CA                             ;.db $28,$2C,$00,$14,$09,$0C,$14,$00,$2C
1406   D8CA             
1407   D8CA 371012051001msg_prepare     .wtext "PREPARE",3
1407   D8D0 1205
1408   D8D2 52 14 0F    msg_to          .wtext "TO",5
1409   D8D5 36020114140Cmsg_battle      .wtext "BATTLE",3
1409   D8DB 05
1410   D8DC             
1411   D8DC             ;Death messages
1412   D8DC 28190F150004msg_death1      .wtext "YOU DIED",2
1412   D8E2 090504
1413   D8E5 0C190F150001msg_death2      .wtext "YOU ARE DONE"
1413   D8EB 120500040F0E05
1414   D8F2 0C0E0F140007msg_death3      .wtext "NOT GOOD BOB"
1414   D8F8 0F0F0400020F02
1415   D8FF 0C190F150001msg_death4      .wtext "YOU ARE DEAD"
1415   D905 12050004050104
1416   D90C             
1417   D90C             
1418   D90C D8 DC       deathtbl        .dw msg_death1
1419   D90E D8 E5                       .dw msg_death2
1420   D910 D8 F2                       .dw msg_death3
1421   D912 D8 FF                       .dw msg_death4
1422   D914             
1423   D914             ;*****************************************************************************
1424   D914             ;* Williams Spellbinder System Code
1425   D914             ;***************************************************************************
1426   D914             ;* Code copyright Williams Electronic Games Inc.
1427   D914             ;* Written/Decoded by Jess M. Askey (jess@askey.org)
1428   D914             ;* For use with TASMx Assembler
1429   D914             ;* Visit http://www.gamearchive.com/pinball/manufacturer/williams/pinbuilder
1430   D914             ;* for more information.
1431   D914             ;* You may redistribute this file as long as this header remains intact.
1432   D914             ;***************************************************************************
1433   D914             ;* This file is set up with tab stops at 6
1434   D914             ;*****************************************************************************
1435   D914             
1436   D914             
1437   D914             
1438   D914             ;*****************************************************************************
1439   D914             ;* Some Global Equates
1440   D914             ;*****************************************************************************
1441   D914             
1442   D914             irq_per_minute =    $0EFF
1443   D914             
1444   D914             ;*****************************************************************************
1445   D914             ;*Program starts at $e800 for standard games... we can expand this later..
1446   D914             ;*****************************************************************************
1447   D914                 ;.org $E730
1448   D914             
1449   D914             
1450   D914             
1451   D914             ;**************************************
1452   D914             ;* Main Entry from Reset
1453   D914             ;**************************************
1454   D914 0F          reset       sei 
1455   D915 8E E3 74                lds     #pia_ddr_data-1     ;Point stack to start of init data
1456   D918 C6 0C                   ldab    #$0C                ;Number of PIA sections to initialize
1457   D91A CE 21 00                ldx     #pia_sound_data     ;Start with the lowest PIA
1458   D91D 86 04                   ldaa    #$04
1459   D91F A7 01                   staa    pia_control,X       ;Select control register
1460   D921 86 7F                   ldaa    #$7F                
1461   D923 A7 00                   staa    pia_pir,X
1462   D925 DF B8                   stx temp1
1463   D927 9C B8                   cpx temp1
1464   D929                         ifeq
1464   D929             
1464   D929 26 FE       
1465   D92B                             begin
1465   D92B             
1466   D92B DE B8       nxt_pia             ldx temp1           ;Get next PIA address base
1467   D92D                                 begin
1467   D92D             
1468   D92D 6F 01                               clr     pia_control,X   ;Initialize all PIA data direction registers
1469   D92F 32                                  pula                ;Get DDR data
1470   D930 A7 00                               staa    pia_pir,X
1471   D932 32                                  pula    
1472   D933 A7 01                               staa    pia_control,X   ;Get Control Data
1473   D935 8C 21 00                            cpx     #pia_sound_data ;This is the last PIA to do in shooter games
1474   D938                                     ifne
1474   D938             
1474   D938 27 FE       
1475   D93A 6F 00                                       clr pia_pir,X       ;If we are on the sound PIA, then clear the PIR 
1476   D93C                                     endif
1476   D93C             
1476   D93C             
1476   D93C             
1476   D93C             
1476   D93C             
1476   D93C~                                    endif
1476   D93C~                                    endif
1476   D93C             
1476   D93C~                                    endif
1476   D93C~                                    endif
1476   D93C             
1476   D939             
1476   D939 02          
1476   D93A             
1476   D93A             
1476   D93A~                                    endif
1476   D93A~                                    endif
1476   D93A~                                    endif
1476   D93A             
1476   D93C             
1476   D93C~                                    endif
1476   D93C~                                    endif
1476   D93C             
1477   D93C 08                                  inx 
1478   D93D 08                                  inx 
1479   D93E 5A                                  decb    
1480   D93F 27 1B                               beq init_done
1481   D941 C5 01                               bitb    #$01
1482   D943                                 eqend
1482   D943             
1482   D943             
1482   D943~                                eqend
1482   D943~                                eqend
1482   D943~                                eqend
1482   D943             
1482   D943 26 E8       
1482   D945             
1482   D945~                                eqend
1482   D945~                                eqend
1482   D945             
1483   D945 96 B8                           ldaa    temp1           ;Get current PIA address MSB
1484   D947 48                              asla    
1485   D948 84 1F                           anda    #$1F            ;Move to next PIA
1486   D94A                                 ifeq
1486   D94A             
1486   D94A 26 FE       
1487   D94C 86 40                               ldaa    #$40
1488   D94E 97 B8                               staa    temp1
1489   D950 20 D9                               bra nxt_pia
1490   D952                                 endif
1490   D952             
1490   D952             
1490   D952             
1490   D952             
1490   D952             
1490   D952~                                endif
1490   D952~                                endif
1490   D952             
1490   D952~                                endif
1490   D952~                                endif
1490   D952             
1490   D94B             
1490   D94B 06          
1490   D94C             
1490   D94C             
1490   D94C~                                endif
1490   D94C~                                endif
1490   D94C~                                endif
1490   D94C             
1490   D952             
1490   D952~                                endif
1490   D952~                                endif
1490   D952             
1491   D952 8A 20                           oraa    #$20
1492   D954 97 B8                           staa    temp1           ;Store it
1493   D956                             loopend
1493   D956             
1493   D956             
1493   D956~                            loopend
1493   D956~                            loopend
1493   D956~                            loopend
1493   D956             
1493   D956 20 D3       
1493   D958             
1493   D958~                            loopend
1493   D958~                            loopend
1493   D958             
1494   D958                         endif
1494   D958             
1494   D958             
1494   D958             
1494   D958             
1494   D958             
1494   D958~                        endif
1494   D958~                        endif
1494   D958             
1494   D958~                        endif
1494   D958~                        endif
1494   D958             
1494   D92A             
1494   D92A 2D          
1494   D92B             
1494   D92B             
1494   D92B~                        endif
1494   D92B~                        endif
1494   D92B~                        endif
1494   D92B             
1494   D958             
1494   D958~                        endif
1494   D958~                        endif
1494   D958             
1495   D958 7E F1 06                jmp diag                    ;NMI Entry
1496   D95B             
1497   D95B             ;***************************************************
1498   D95B             ;* System Checksum #1: Set to make ROM csum from
1499   D95B             ;*                     $D000-$DFFF equal to $00
1500   D95B             ;***************************************************        
1501   D95B                 
1502   D95B 00          csum1       .chk $d000,$dfff,$80,C
1503   D95C             
1504   D95C             
1505   D95C             ;***************************************************************
1506   D95C             ;* PIA initialization is done now, set up the vm etc.
1507   D95C             ;***************************************************************            
1508   D95C CE 13 FF    init_done   ldx     #$13FF              ;\
1509   D95F 35                      txs                         ;|
1510   D960                         begin                       ;|
1510   D960             
1511   D960 6F 00                       clr     $00,X           ;| - Clear RAM 1000-13FF
1512   D962 09                          dex                     ;|
1513   D963 8C 0F FF                    cpx     #$0FFF          ;|
1514   D966                         eqend                       ;/
1514   D966             
1514   D966             
1514   D966~                        eqend                       ;/
1514   D966~                        eqend                       ;/
1514   D966~                        eqend                       ;/
1514   D966             
1514   D966 26 F8       
1514   D968             
1514   D968~                        eqend                       ;/
1514   D968~                        eqend                       ;/
1514   D968             
1515   D968 BD E0 47                jsr     setup_vm_stack          ;Initially Set up the VM
1516   D96B B6 D0 55                ldaa    gr_lampflashrate            ;Get Lamp Flash Rate
1517   D96E 97 D3                   staa    lamp_flash_rate
1518   D970 CE 11 00                ldx     #switch_queue
1519   D973 DF B4                   stx     switch_queue_pointer
1520   D975 CE 11 18                ldx     #sol_queue              ;Works from top down
1521   D978 DF B6                   stx     solenoid_queue_pointer      ;Set up Solenoid Buffer Pointer
1522   D97A CE 01 7D                ldx     #adj_cmoscsum           ;CMOS Checksum
1523   D97D BD E0 78                jsr     cmosinc_a               ;CMOS,X++ -> A
1524   D980 BD E0 88                jsr     cmosinc_b               ;CMOS,X++ -> B
1525   D983 1B                      aba 
1526   D984 81 57                   cmpa    #$57                    ;CSUM CMOS RAM
1527   D986                         ifne
1527   D986             
1527   D986 27 FE       
1528   D988 BD E0 A2    clear_all       jsr     factory_zeroaudits      ;Restore Factory Settings and Zero Audit Totals
1529   D98B                         endif
1529   D98B             
1529   D98B             
1529   D98B             
1529   D98B             
1529   D98B             
1529   D98B~                        endif
1529   D98B~                        endif
1529   D98B             
1529   D98B~                        endif
1529   D98B~                        endif
1529   D98B             
1529   D987             
1529   D987 03          
1529   D988             
1529   D988             
1529   D988~                        endif
1529   D988~                        endif
1529   D988~                        endif
1529   D988             
1529   D98B             
1529   D98B~                        endif
1529   D98B~                        endif
1529   D98B             
1530   D98B CE 01 6E                ldx     #aud_currentcredits     ;Current Credits
1531   D98E BD E0 78                jsr     cmosinc_a               ;CMOS,X++ -> A
1532   D991 B7 11 9A                staa    current_credits
1533   D994 BD EF B0                jsr     cmos_a              ;CMOS, X -> A Audit 50 Command
1534   D997 6F 00                   clr     $00,X
1535   D999 6F 01                   clr     $01,X
1536   D99B 81 15                   cmpa    #$15                    ;Auto-Cycle?
1537   D99D                         ifeq
1537   D99D             
1537   D99D 26 FE       
1538   D99F CE F0 51                    ldx     #st_autocycle           ;Set-Up Auto Cycle Mode
1539   D9A2 BD DC 0E                    jsr     newthread_06            ;Push VM: Data in A,B,X,$A6,$A7,$AA=#06
1540   D9A5                         endif
1540   D9A5             
1540   D9A5             
1540   D9A5             
1540   D9A5             
1540   D9A5             
1540   D9A5~                        endif
1540   D9A5~                        endif
1540   D9A5             
1540   D9A5~                        endif
1540   D9A5~                        endif
1540   D9A5             
1540   D99E             
1540   D99E 06          
1540   D99F             
1540   D99F             
1540   D99F~                        endif
1540   D99F~                        endif
1540   D99F~                        endif
1540   D99F             
1540   D9A5             
1540   D9A5~                        endif
1540   D9A5~                        endif
1540   D9A5             
1541   D9A5 81 45                   cmpa    #$45
1542   D9A7 27 DF                   beq     clear_all               ;Restore Factory Setting/Zero Audits
1543   D9A9 81 35                   cmpa    #$35
1544   D9AB                         ifeq                        ;Zero Audits
1544   D9AB             
1544   D9AB 26 FE       
1545   D9AD BD E0 94                    jsr     reset_audits            ;(Reset Audits 0100-0165)
1546   D9B0                         endif
1546   D9B0             
1546   D9B0             
1546   D9B0             
1546   D9B0             
1546   D9B0             
1546   D9B0~                        endif
1546   D9B0~                        endif
1546   D9B0             
1546   D9B0~                        endif
1546   D9B0~                        endif
1546   D9B0             
1546   D9AC             
1546   D9AC 03          
1546   D9AD             
1546   D9AD             
1546   D9AD~                        endif
1546   D9AD~                        endif
1546   D9AD~                        endif
1546   D9AD             
1546   D9B0             
1546   D9B0~                        endif
1546   D9B0~                        endif
1546   D9B0             
1547   D9B0 BD E9 A0                jsr     coinlockout             ;Check Max Credits, Adjust Coin Lockout If Necessary
1548   D9B3 7A 00 7D                dec     switch_debounced
1549   D9B6 BD EB 13                jsr     clear_displays          ;Blank all Player Displays (buffer 0)
1550   D9B9 97 4F                   staa    score_p1_b0+3           ;Set player one score to '00'
1551   D9BB 97 53                   staa    score_p2_b0+3           ;Set player one score to '00'
1552   D9BD 4A                      deca
1553   D9BE 97 5C                   staa    p1_dispwiz           ;Set to $FF which is blank
1554   D9C0 97 5D                   staa    p2_dispwiz
1555   D9C2 97 5E                   staa    p1_dispalt
1556   D9C4 97 5F                   staa    p2_dispalt
1557   D9C6 0E                      cli
1558   D9C7 FE D0 C6                ldx     gr_reset_ptr
1559   D9CA AD 00                   jsr     $00,X                   ;jsr GameROM
1560   D9CC CE EC C7                ldx     #powerup_init           ;Jump to Game Over Mode
1561   D9CF BD DC 0E                jsr     newthread_06            ;Start the thread
1562   D9D2 7E DB 24                jmp     check_threads           ;Run the loop
1563   D9D5                         
1564   D9D5             ;************************************************************************************
1565   D9D5             ;* Begin Main Loop - This is the end of all initialization and the start of the loop
1566   D9D5             ;*                   that runs consistently to support the VM.
1567   D9D5             ;************************************************************************************
1568   D9D5 CE 00 CB    main        ldx     #vm_base
1569   D9D8 DF D1                   stx     vm_tail_thread          ;Current VM Routine being run
1570   D9DA DF CF                   stx     current_thread          ;Current VM Routine being run
1571   D9DC FE D0 C8                ldx     gr_mainloop_ptr
1572   D9DF AD 00                   jsr     $00,X                   ;Game ROM:Main Loop Hook
1573   D9E1 0F                      sei 
1574   D9E2 96 B3                   ldaa    irqcount16              ;IRQ Counter, Incremented every 16 IRQ's
1575   D9E4 7F 00 B3                clr     irqcount16              ;Reset the counter
1576   D9E7 0E                      cli 
1577   D9E8 97 CA                   staa    irqcount                ;Put the data into counter holder, use later
1578   D9EA 96 E9                   ldaa    flags_selftest          ;See if we are in test mode
1579   D9EC                         ifne
1579   D9EC             
1579   D9EC 27 FE       
1580   D9EE 7E DA 6E                    jmp     vm_irqcheck             ;If so, then skip a bunch of stuff...
1581   D9F1                         endif
1581   D9F1             
1581   D9F1             
1581   D9F1             
1581   D9F1             
1581   D9F1             
1581   D9F1~                        endif
1581   D9F1~                        endif
1581   D9F1             
1581   D9F1~                        endif
1581   D9F1~                        endif
1581   D9F1             
1581   D9ED             
1581   D9ED 03          
1581   D9EE             
1581   D9EE             
1581   D9EE~                        endif
1581   D9EE~                        endif
1581   D9EE~                        endif
1581   D9EE             
1581   D9F1             
1581   D9F1~                        endif
1581   D9F1~                        endif
1581   D9F1             
1582   D9F1 B6 28 01                ldaa    pia_disp_digit_ctrl     ;Check the Advance Switch
1583   D9F4                         ifmi
1583   D9F4             
1583   D9F4 2A FE       
1584   D9F6 CE EE 1A                    ldx #selftest_entry
1585   D9F9 BD DC 0E                    jsr newthread_06            ;Create the diagnostics thread
1586   D9FC                         endif
1586   D9FC             
1586   D9FC             
1586   D9FC             
1586   D9FC             
1586   D9FC             
1586   D9FC~                        endif
1586   D9FC~                        endif
1586   D9FC             
1586   D9FC~                        endif
1586   D9FC~                        endif
1586   D9FC             
1586   D9F5             
1586   D9F5 06          
1586   D9F6             
1586   D9F6             
1586   D9F6~                        endif
1586   D9F6~                        endif
1586   D9F6~                        endif
1586   D9F6             
1586   D9FC             
1586   D9FC~                        endif
1586   D9FC~                        endif
1586   D9FC             
1587   D9FC CE 00 00    checkswitch ldx #0000
1588   D9FF                         begin
1588   D9FF             
1589   D9FF A6 9D                       ldaa    switch_b4,X
1590   DA01 43                          coma    
1591   DA02 A4 8D                       anda    switch_pending,X
1592   DA04                             ifne
1592   DA04             
1592   DA04 27 FE       
1593   DA06 BD DF 86                        jsr check_sw_close              ;Switch Closed?
1594   DA09                             endif
1594   DA09             
1594   DA09             
1594   DA09             
1594   DA09             
1594   DA09             
1594   DA09~                            endif
1594   DA09~                            endif
1594   DA09             
1594   DA09~                            endif
1594   DA09~                            endif
1594   DA09             
1594   DA05             
1594   DA05 03          
1594   DA06             
1594   DA06             
1594   DA06~                            endif
1594   DA06~                            endif
1594   DA06~                            endif
1594   DA06             
1594   DA09             
1594   DA09~                            endif
1594   DA09~                            endif
1594   DA09             
1595   DA09 A6 9D                       ldaa    switch_b4,X
1596   DA0B A4 95                       anda    switch_aux,X
1597   DA0D                             ifne
1597   DA0D             
1597   DA0D 27 FE       
1598   DA0F BD DF E0                        jsr check_sw_open               ;Switch Open?
1599   DA12                             endif
1599   DA12             
1599   DA12             
1599   DA12             
1599   DA12             
1599   DA12             
1599   DA12~                            endif
1599   DA12~                            endif
1599   DA12             
1599   DA12~                            endif
1599   DA12~                            endif
1599   DA12             
1599   DA0E             
1599   DA0E 03          
1599   DA0F             
1599   DA0F             
1599   DA0F~                            endif
1599   DA0F~                            endif
1599   DA0F~                            endif
1599   DA0F             
1599   DA12             
1599   DA12~                            endif
1599   DA12~                            endif
1599   DA12             
1600   DA12 08                          inx 
1601   DA13 8C 00 08                    cpx #$0008
1602   DA16                         eqend
1602   DA16             
1602   DA16             
1602   DA16~                        eqend
1602   DA16~                        eqend
1602   DA16~                        eqend
1602   DA16             
1602   DA16 26 E7       
1602   DA18             
1602   DA18~                        eqend
1602   DA18~                        eqend
1602   DA18             
1603   DA18 D6 F4       time        ldab    flag_timer_bip          ;Ball Timer Flag
1604   DA1A                         ifne
1604   DA1A             
1604   DA1A 27 FE       
1605   DA1C 96 CA                       ldaa    irqcount                ;Number of IRQ's since last
1606   DA1E DE F2                       ldx     minutetimer
1607   DA20 BD E0 24                    jsr     xplusa              ;X = X + A
1608   DA23 DF F2                       stx     minutetimer
1609   DA25 8C 0E FF                    cpx     #irq_per_minute
1610   DA28 2B 0B                       bmi     switches                ;Not 1 minute yet
1611   DA2A 5F                          clrb    
1612   DA2B D7 F2                       stab    minutetimer             ;Clear the Minute Timer
1613   DA2D D7 F3                       stab    minutetimer+1
1614   DA2F CE 01 26                    ldx     #aud_avgballtime            ;AUD: Ball time in Minutes
1615   DA32 BD E9 EB                    jsr     ptrx_plus_1             ;Add 1 to data at X
1616   DA35                         endif
1616   DA35             
1616   DA35             
1616   DA35             
1616   DA35             
1616   DA35             
1616   DA35~                        endif
1616   DA35~                        endif
1616   DA35             
1616   DA35~                        endif
1616   DA35~                        endif
1616   DA35             
1616   DA1B             
1616   DA1B 19          
1616   DA1C             
1616   DA1C             
1616   DA1C~                        endif
1616   DA1C~                        endif
1616   DA1C~                        endif
1616   DA1C             
1616   DA35             
1616   DA35~                        endif
1616   DA35~                        endif
1616   DA35             
1617   DA35 CE 11 00    switches    ldx     #switch_queue
1618   DA38 9C B4       next_sw     cpx     switch_queue_pointer        ;Check Buffer Pointer
1619   DA3A                         ifne
1619   DA3A             
1619   DA3A 27 FE       
1620   DA3C A6 00                       ldaa    $00,X                   ;Command Timer
1621   DA3E 90 CA                       suba    irqcount                ;Subtract our IRQ's
1622   DA40                             iflo                        ;Ready to run?
1622   DA40             
1622   DA40 22 FE       
1623   DA42 DF C6                           stx     sys_temp_w3             ;Yes!
1624   DA44 A6 01                           ldaa    $01,X                   ;Encoded Switch #
1625   DA46 97 C3                           staa    sw_encoded
1626   DA48 7F 00 BE                        clr     sys_temp1
1627   DA4B 16                              tab 
1628   DA4C 57                              asrb    
1629   DA4D 57                              asrb    
1630   DA4E 57                              asrb    
1631   DA4F D7 BF                           stab    sys_temp2
1632   DA51 BD DC CF                        jsr     hex2bitpos              ;Convert Hex (A&07) into bitpos (B)
1633   DA54 D7 C0                           stab    sys_temp3
1634   DA56 DE BE                           ldx     sys_temp1
1635   DA58 A6 7D                           ldaa    switch_debounced,X
1636   DA5A 97 C2                           staa    sys_temp5
1637   DA5C BD DF 29                        jsr     sw_down
1638   DA5F DE C6                           ldx     sys_temp_w3
1639   DA61 24 07                           bcc     sw_break
1640   DA63 BD E0 34                        jsr     copy_word               ;Copy Word: $96--  Data,$96 -> Data,X
1641   DA66 20 D0                           bra     next_sw
1642   DA68                             endif
1642   DA68             
1642   DA68             
1642   DA68             
1642   DA68             
1642   DA68             
1642   DA68~                            endif
1642   DA68~                            endif
1642   DA68             
1642   DA68~                            endif
1642   DA68~                            endif
1642   DA68             
1642   DA41             
1642   DA41 26          
1642   DA42             
1642   DA42             
1642   DA42~                            endif
1642   DA42~                            endif
1642   DA42~                            endif
1642   DA42             
1642   DA68             
1642   DA68~                            endif
1642   DA68~                            endif
1642   DA68             
1643   DA68 A7 00                       staa    $00,X
1644   DA6A 08          sw_break        inx 
1645   DA6B 08                          inx 
1646   DA6C 20 CA                       bra next_sw
1647   DA6E                         endif
1647   DA6E             
1647   DA6E             
1647   DA6E             
1647   DA6E             
1647   DA6E             
1647   DA6E~                        endif
1647   DA6E~                        endif
1647   DA6E             
1647   DA6E~                        endif
1647   DA6E~                        endif
1647   DA6E             
1647   DA3B             
1647   DA3B 32          
1647   DA3C             
1647   DA3C             
1647   DA3C~                        endif
1647   DA3C~                        endif
1647   DA3C~                        endif
1647   DA3C             
1647   DA6E             
1647   DA6E~                        endif
1647   DA6E~                        endif
1647   DA6E             
1648   DA6E             ;Entry here if we are in auto-cycle mode...                     
1649   DA6E DE CB       vm_irqcheck ldx     vm_base             ;Check the start of the vm loop
1650   DA70                         begin
1650   DA70             
1651   DA70 27 0D                       beq     flashlamp
1652   DA72 A6 02                       ldaa    $02,X
1653   DA74 90 CA                       suba    irqcount            ;Subtract the number of IRQ loops completed
1654   DA76                             ifcs
1654   DA76             
1654   DA76 24 FE       
1655   DA78 4F                              clra                    ;Clear it so it can be run next loop
1656   DA79                             endif
1656   DA79             
1656   DA79             
1656   DA79             
1656   DA79             
1656   DA79             
1656   DA79~                            endif
1656   DA79~                            endif
1656   DA79             
1656   DA79~                            endif
1656   DA79~                            endif
1656   DA79             
1656   DA77             
1656   DA77 01          
1656   DA78             
1656   DA78             
1656   DA78~                            endif
1656   DA78~                            endif
1656   DA78~                            endif
1656   DA78             
1656   DA79             
1656   DA79~                            endif
1656   DA79~                            endif
1656   DA79             
1657   DA79 A7 02                       staa    $02,X
1658   DA7B EE 00                       ldx     $00,X
1659   DA7D                         loopend
1659   DA7D             
1659   DA7D             
1659   DA7D~                        loopend
1659   DA7D~                        loopend
1659   DA7D~                        loopend
1659   DA7D             
1659   DA7D 20 F1       
1659   DA7F             
1659   DA7F~                        loopend
1659   DA7F~                        loopend
1659   DA7F             
1660   DA7F 96 D4       flashlamp   ldaa    lamp_flash_count        ;Timer for Flashing Lamps
1661   DA81 90 CA                   suba    irqcount            ;Subtract the IRQ's
1662   DA83                         iflo
1662   DA83             
1662   DA83 22 FE       
1663   DA85 CE 00 00                    ldx     #ram_base
1664   DA88 C6 0C                       ldab    #$0C                ;12 rows in Hyperball games, instead of 8
1665   DA8A                             begin
1665   DA8A             
1666   DA8A A6 10                           ldaa    lampbuffer0,X           ;Invert Selected Lamps.
1667   DA8C A8 40                           eora    lampflashflag,X
1668   DA8E A7 10                           staa    lampbuffer0,X
1669   DA90 08                              inx 
1670   DA91 5A                              decb    
1671   DA92                             eqend
1671   DA92             
1671   DA92             
1671   DA92~                            eqend
1671   DA92~                            eqend
1671   DA92~                            eqend
1671   DA92             
1671   DA92 26 F6       
1671   DA94             
1671   DA94~                            eqend
1671   DA94~                            eqend
1671   DA94             
1672   DA94 96 D3                       ldaa    lamp_flash_rate     ;Get Reset Value
1673   DA96                         endif
1673   DA96             
1673   DA96             
1673   DA96             
1673   DA96             
1673   DA96             
1673   DA96~                        endif
1673   DA96~                        endif
1673   DA96             
1673   DA96~                        endif
1673   DA96~                        endif
1673   DA96             
1673   DA84             
1673   DA84 11          
1673   DA85             
1673   DA85             
1673   DA85~                        endif
1673   DA85~                        endif
1673   DA85~                        endif
1673   DA85             
1673   DA96             
1673   DA96~                        endif
1673   DA96~                        endif
1673   DA96             
1674   DA96 97 D4                   staa    lamp_flash_count            ;Reset the Lamp Timer
1675   DA98 96 B2       solq        ldaa    solenoid_counter            ;Solenoid Counter
1676   DA9A                         ifeq                        ;Skip if Counter hasnt Expired
1676   DA9A             
1676   DA9A 26 FE       
1677   DA9C CE 11 18                    ldx     #sol_queue              ;Start at bottom of Queue
1678   DA9F 9C B6                       cpx     solenoid_queue_pointer      
1679   DAA1                             ifne                        ;Do we have any to do?
1679   DAA1             
1679   DAA1 27 FE       
1680   DAA3 A6 00                           ldaa    $00,X                   ;Takes lowest Solenoid # into A
1681   DAA5                                                         ;We only do 1 solenoid at a time
1682   DAA5                                 begin
1682   DAA5             
1683   DAA5 E6 01                               ldab    $01,X                   ;Moves the rest down into place
1684   DAA7 E7 00                               stab    $00,X
1685   DAA9 08                                  inx 
1686   DAAA 9C B6                               cpx     solenoid_queue_pointer
1687   DAAC                                 eqend
1687   DAAC             
1687   DAAC             
1687   DAAC~                                eqend
1687   DAAC~                                eqend
1687   DAAC~                                eqend
1687   DAAC             
1687   DAAC 26 F7       
1687   DAAE             
1687   DAAE~                                eqend
1687   DAAE~                                eqend
1687   DAAE             
1688   DAAE 09                              dex 
1689   DAAF DF B6                           stx     solenoid_queue_pointer      ;Adjust Pointer to end of list
1690   DAB1 BD DC 91                        jsr     set_solenoid            ;Turn On/Off Solenoid (Solenoid # in A)
1691   DAB4                             endif
1691   DAB4             
1691   DAB4             
1691   DAB4             
1691   DAB4             
1691   DAB4             
1691   DAB4~                            endif
1691   DAB4~                            endif
1691   DAB4             
1691   DAB4~                            endif
1691   DAB4~                            endif
1691   DAB4             
1691   DAA2             
1691   DAA2 11          
1691   DAA3             
1691   DAA3             
1691   DAA3~                            endif
1691   DAA3~                            endif
1691   DAA3~                            endif
1691   DAA3             
1691   DAB4             
1691   DAB4~                            endif
1691   DAB4~                            endif
1691   DAB4             
1692   DAB4                         endif
1692   DAB4             
1692   DAB4             
1692   DAB4             
1692   DAB4             
1692   DAB4             
1692   DAB4~                        endif
1692   DAB4~                        endif
1692   DAB4             
1692   DAB4~                        endif
1692   DAB4~                        endif
1692   DAB4             
1692   DA9B             
1692   DA9B 18          
1692   DA9C             
1692   DA9C             
1692   DA9C~                        endif
1692   DA9C~                        endif
1692   DA9C~                        endif
1692   DA9C             
1692   DAB4             
1692   DAB4~                        endif
1692   DAB4~                        endif
1692   DAB4             
1693   DAB4 96 DF       snd_queue   ldaa    sys_soundflags          ;Sound Flag??
1694   DAB6                         ifne                        ;If not zero, time to check for the score queue sound/pts
1694   DAB6             
1694   DAB6 27 FE       
1695   DAB8 96 D8                       ldaa    cur_sndflags
1696   DABA 85 10                       bita    #$10                    ;Is this an immediate or timed sound?
1697   DABC                             ifne
1697   DABC             
1697   DABC 27 FE       
1698   DABE F6 21 02                        ldab    pia_comma_data          ;Do immediate, but only if sound board is not busy.
1699   DAC1 C4 20                           andb    #$20
1700   DAC3 27 5F                           beq     check_threads           ;Get Outta Here
1701   DAC5                             else
1701   DAC5             
1701   DAC5             
1701   DAC5             
1701   DAC5             
1701   DABD             
1701   DABD             
1701   DABD             
1701   DABD~                            else
1701   DABD~                            else
1701   DABD~                            else
1701   DABD~                            else
1701   DABD             
1701   DABD~                            else
1701   DABD~                            else
1701   DABD~                            else
1701   DABD~                            else
1701   DABD             
1701   DABD             
1701   DABD 09          
1701   DAC5             
1701   DAC5 20 FE       
1701   DAC7             
1701   DAC7             
1701   DAC7             
1701   DAC7~                            else
1701   DAC7~                            else
1701   DAC7~                            else
1701   DAC7~                            else
1701   DAC7~                            else
1701   DAC7             
1701   DAC7~                            else
1701   DAC7~                            else
1701   DAC7             
1701   DAC7~                            else
1701   DAC7~                            else
1701   DAC7             
1702   DAC7 96 DC                           ldaa    soundirqcount+1         ;LSB Sound IRQ Counter
1703   DAC9 90 CA                           suba    irqcount                ;Subtract the number of IRQ's that have cycled
1704   DACB 97 DC                           staa    soundirqcount+1
1705   DACD 96 DB                           ldaa    soundirqcount           ;Update the counter
1706   DACF 82 00                           sbca    #$00
1707   DAD1 97 DB                           staa    soundirqcount           ;Carry over to MSB of couter as well
1708   DAD3 24 4F                           bcc     check_threads           ;Leave if counter has not gone under zero.
1709   DAD5                             endif
1709   DAD5             
1709   DAD5             
1709   DAD5             
1709   DAD5             
1709   DAD5             
1709   DAD5~                            endif
1709   DAD5~                            endif
1709   DAD5             
1709   DAD5~                            endif
1709   DAD5~                            endif
1709   DAD5             
1709   DAC6             
1709   DAC6 0E          
1709   DAC7             
1709   DAC7             
1709   DAC7~                            endif
1709   DAC7~                            endif
1709   DAC7~                            endif
1709   DAC7             
1709   DAD5             
1709   DAD5~                            endif
1709   DAD5~                            endif
1709   DAD5             
1710   DAD5 86 7F                       ldaa    #$7F
1711   DAD7 BD DE C5                    jsr     send_snd            ;Send A->Sound Board (mute?)
1712   DADA 96 D8                       ldaa    cur_sndflags        ;Is this a simple sound
1713   DADC                             ifpl                    ;yes
1713   DADC             
1713   DADC 2B FE       
1714   DADE 7A 00 D6                        dec soundcount
1715   DAE1 27 1C                           beq _sndnext            ;Sound Repeat Counter
1716   DAE3 D6 DF                           ldab    sys_soundflags      ;
1717   DAE5                                 ifpl
1717   DAE5             
1717   DAE5 2B FE       
1718   DAE7 DE DD                               ldx     soundindex_com
1719   DAE9 DF DB                               stx     soundirqcount
1720   DAEB 96 D7                               ldaa    lastsound
1721   DAED BD DE C3                            jsr     send_snd_save       ;Send the Command, Save in 'lastsound'
1722   DAF0 20 32                               bra     check_threads       ;Get Outta here.
1723   DAF2                                 endif
1723   DAF2             
1723   DAF2             
1723   DAF2             
1723   DAF2             
1723   DAF2             
1723   DAF2~                                endif
1723   DAF2~                                endif
1723   DAF2             
1723   DAF2~                                endif
1723   DAF2~                                endif
1723   DAF2             
1723   DAE6             
1723   DAE6 0B          
1723   DAE7             
1723   DAE7             
1723   DAE7~                                endif
1723   DAE7~                                endif
1723   DAE7~                                endif
1723   DAE7             
1723   DAF2             
1723   DAF2~                                endif
1723   DAF2~                                endif
1723   DAF2             
1724   DAF2 8A 80                           oraa    #$80
1725   DAF4 97 D8                           staa    cur_sndflags        ;make it a complex sound now.
1726   DAF6 DE DD                           ldx soundindex_com
1727   DAF8 DF D9                           stx soundptr
1728   DAFA                             endif
1728   DAFA             
1728   DAFA             
1728   DAFA             
1728   DAFA             
1728   DAFA             
1728   DAFA~                            endif
1728   DAFA~                            endif
1728   DAFA             
1728   DAFA~                            endif
1728   DAFA~                            endif
1728   DAFA             
1728   DADD             
1728   DADD 1C          
1728   DADE             
1728   DADE             
1728   DADE~                            endif
1728   DADE~                            endif
1728   DADE~                            endif
1728   DADE             
1728   DAFA             
1728   DAFA~                            endif
1728   DAFA~                            endif
1728   DAFA             
1729   DAFA BD DE CC                    jsr do_complex_snd
1730   DAFD 20 25                       bra check_threads       ;Get Outta Here.
1731   DAFF D6 E4       _sndnext        ldab    next_sndcnt         ;Here if we are done iterating the sound command.
1732   DB01                             ifne            ;Check the scoring queue
1732   DB01             
1732   DB01 27 FE       
1733   DB03 96 E5                           ldaa    next_sndcmd
1734   DB05 BD DE 78                        jsr isnd_mult           ;Play Sound Index(A),(B)Times
1735   DB08 7F 00 E4                        clr next_sndcnt
1736   DB0B 20 17                           bra check_threads       ;Get Outta Here.
1737   DB0D                             endif
1737   DB0D             
1737   DB0D             
1737   DB0D             
1737   DB0D             
1737   DB0D             
1737   DB0D~                            endif
1737   DB0D~                            endif
1737   DB0D             
1737   DB0D~                            endif
1737   DB0D~                            endif
1737   DB0D             
1737   DB02             
1737   DB02 0A          
1737   DB03             
1737   DB03             
1737   DB03~                            endif
1737   DB03~                            endif
1737   DB03~                            endif
1737   DB03             
1737   DB0D             
1737   DB0D~                            endif
1737   DB0D~                            endif
1737   DB0D             
1738   DB0D                         endif
1738   DB0D             
1738   DB0D             
1738   DB0D             
1738   DB0D             
1738   DB0D             
1738   DB0D~                        endif
1738   DB0D~                        endif
1738   DB0D             
1738   DB0D~                        endif
1738   DB0D~                        endif
1738   DB0D             
1738   DAB7             
1738   DAB7 55          
1738   DAB8             
1738   DAB8             
1738   DAB8~                        endif
1738   DAB8~                        endif
1738   DAB8~                        endif
1738   DAB8             
1738   DB0D             
1738   DB0D~                        endif
1738   DB0D~                        endif
1738   DB0D             
1739   DB0D 7F 00 DF    doscoreq    clr     sys_soundflags      ;Reset the Sound Flag??
1740   DB10 CE 11 27                ldx     #$score_queue-1     ;See if there is something in the scoring queue?
1741   DB13 86 08                   ldaa    #$08
1742   DB15                         begin
1742   DB15             
1743   DB15 08                          inx 
1744   DB16 4A                          deca    
1745   DB17 2B 0B                       bmi     check_threads       ;Nuttin' Honey, Skip this Scoring Sound Crap!
1746   DB19 E6 00                       ldab    $00,X
1747   DB1B                         neend                   ;Nuttin' Honey, Check next Entry!
1747   DB1B             
1747   DB1B             
1747   DB1B~                        neend                   ;Nuttin' Honey, Check next Entry!
1747   DB1B~                        neend                   ;Nuttin' Honey, Check next Entry!
1747   DB1B~                        neend                   ;Nuttin' Honey, Check next Entry!
1747   DB1B             
1747   DB1B 27 F8       
1747   DB1D             
1747   DB1D~                        neend                   ;Nuttin' Honey, Check next Entry!
1747   DB1D~                        neend                   ;Nuttin' Honey, Check next Entry!
1747   DB1D             
1748   DB1D 6A 00                   dec     $00,X               ;Re-Adjust the Sound Command So Sound #00 will still work!
1749   DB1F 8A 08                   oraa    #$08
1750   DB21 BD DD 1C                jsr     dsnd_pts            ;Add Points(A),Play Digit Sound
1751   DB24             
1752   DB24             check_threads   
1753   DB24 CE 00 CB                ldx     #vm_base
1754   DB27                         begin
1754   DB27             
1755   DB27 EE 00       nextthread      ldx     $00,X               ;Check to see if we have a routine to do?
1756   DB29                             ifeq
1756   DB29             
1756   DB29 26 FE       
1757   DB2B 7E D9 D5                        jmp     main                ;Back to the start of the main loop
1758   DB2E                             endif
1758   DB2E             
1758   DB2E             
1758   DB2E             
1758   DB2E             
1758   DB2E             
1758   DB2E~                            endif
1758   DB2E~                            endif
1758   DB2E             
1758   DB2E~                            endif
1758   DB2E~                            endif
1758   DB2E             
1758   DB2A             
1758   DB2A 03          
1758   DB2B             
1758   DB2B             
1758   DB2B~                            endif
1758   DB2B~                            endif
1758   DB2B~                            endif
1758   DB2B             
1758   DB2E             
1758   DB2E~                            endif
1758   DB2E~                            endif
1758   DB2E             
1759   DB2E A6 02                       ldaa    $02,X               ;Timer expired?
1760   DB30                         eqend                   ;No, goto next one.
1760   DB30             
1760   DB30             
1760   DB30~                        eqend                   ;No, goto next one.
1760   DB30~                        eqend                   ;No, goto next one.
1760   DB30~                        eqend                   ;No, goto next one.
1760   DB30             
1760   DB30 26 F5       
1760   DB32             
1760   DB32~                        eqend                   ;No, goto next one.
1760   DB32~                        eqend                   ;No, goto next one.
1760   DB32             
1761   DB32 DF CF                   stx     current_thread      ;Yes, lets do this one now.
1762   DB34 DF D1                   stx     vm_tail_thread      ;Current VM Routine being run
1763   DB36 A6 03                   ldaa    $03,X
1764   DB38 36                      psha    
1765   DB39 A6 04                   ldaa    $04,X
1766   DB3B 36                      psha    
1767   DB3C A6 05                   ldaa    $05,X
1768   DB3E 36                      psha    
1769   DB3F A6 06                   ldaa    $06,X
1770   DB41 36                      psha
1771   DB42 A6 07                   ldaa    $07,X
1772   DB44 36                      psha
1773   DB45 A6 08                   ldaa    $08,X
1774   DB47 36                      psha
1775   DB48 A6 09                   ldaa    $09,X
1776   DB4A 36                      psha
1777   DB4B A6 0A                   ldaa    $0A,X
1778   DB4D 36                      psha
1779   DB4E A6 0C                   ldaa    $0C,X
1780   DB50 36                      psha
1781   DB51 A6 0B                   ldaa    $0B,X
1782   DB53 36                      psha
1783   DB54 A6 0E                   ldaa    $0E,X
1784   DB56 E6 0F                   ldab    $0F,X
1785   DB58 EE 10                   ldx $10,X
1786   DB5A 39                      rts                 ;Jump to the offending routine.
1787   DB5B             
1788   DB5B             ;**************************************************************************
1789   DB5B             ;* This is similar to 'addthread' below but the timer data does not follow
1790   DB5B             ;* the jsr. Instead, the timer data is pre-loaded into 'thread_timer_byte'.
1791   DB5B             ;* The thread is started in the same manner as described below.
1792   DB5B             ;**************************************************************************         
1793   DB5B 97 BA       delaythread staa    temp2               ;Routine returns here when done
1794   DB5D DF B8                   stx     temp1
1795   DB5F 96 D5                   ldaa    thread_timer_byte
1796   DB61 30                      tsx                 ;Get where we came from
1797   DB62 EE 00                   ldx     $00,X               ;Get the address of the new thread
1798   DB64 20 0A                   bra     dump_thread
1799   DB66             
1800   DB66             ;**************************************************************************
1801   DB66             ;* Adds a new thread to the VM. The data for this routine is contained 
1802   DB66             ;* directly after the jsr to this routine. A single byte follows the
1803   DB66             ;* jsr and is the timer byte used for the delay until the thread starts.
1804   DB66             ;* The actual address directly after the timer byte is where the thread
1805   DB66             ;* will start running. Example:
1806   DB66             ;*
1807   DB66             ;*  jsr addthread
1808   DB66             ;*    .db 05        ;This is the timer byte
1809   DB66             ;*  ldaa #FF        ;This code is executed as the thread.
1810   DB66             ;***************************************************************************
1811   DB66 DF B8       addthread   stx     temp1
1812   DB68 97 BA                   staa    temp2
1813   DB6A 30                      tsx 
1814   DB6B EE 00                   ldx     $00,X               ;Return Address from rts to $EA2F
1815   DB6D A6 00                   ldaa    $00,X               ;New Timer Value
1816   DB6F 08                      inx 
1817   DB70             
1818   DB70             ;**************************************************************************
1819   DB70             ;* Will take all variables in RAM and dump them into the thread data 
1820   DB70             ;* structure for next time. This gives the thread memory over executions
1821   DB70             ;* until it is killed.
1822   DB70             ;**************************************************************************         
1823   DB70 DF BC       dump_thread stx     temp3               ;Now X points the the replacement address
1824   DB72 DE CF                   ldx     current_thread      ;Current VM Routine being run
1825   DB74 A7 02                   staa    $02,X               ;Timer For next Time
1826   DB76 96 BC                   ldaa    temp3
1827   DB78 A7 0B                   staa    $0B,X
1828   DB7A 96 BD                   ldaa    temp3+1
1829   DB7C A7 0C                   staa    $0C,X
1830   DB7E E7 0F                   stab    $0F,X
1831   DB80 96 BA                   ldaa    temp2
1832   DB82 A7 0E                   staa    $0E,X
1833   DB84 96 B8                   ldaa    temp1
1834   DB86 A7 10                   staa    $10,X
1835   DB88 96 B9                   ldaa    temp1+1
1836   DB8A A7 11                   staa    $11,X
1837   DB8C 31                      ins 
1838   DB8D 31                      ins 
1839   DB8E 32                      pula
1840   DB8F A7 0A                   staa    $0A,X
1841   DB91 32                      pula
1842   DB92 A7 09                   staa    $09,X
1843   DB94 32                      pula
1844   DB95 A7 08                   staa    $08,X
1845   DB97 32                      pula
1846   DB98 A7 07                   staa    $07,X
1847   DB9A 32                      pula
1848   DB9B A7 06                   staa    $06,X
1849   DB9D 32                      pula
1850   DB9E A7 05                   staa    $05,X
1851   DBA0 32                      pula
1852   DBA1 A7 04                   staa    $04,X
1853   DBA3 32                      pula
1854   DBA4 A7 03                   staa    $03,X
1855   DBA6 DE CF                   ldx     current_thread          ;Current VM Routine being run
1856   DBA8                         begin
1856   DBA8             
1857   DBA8 8E 13 F7                    lds     #$13F7          ;Restore the stack.
1858   DBAB 7E DB 27                    jmp     nextthread          ;Go check the Control Routine for another job.
1859   DBAE                             
1860   DBAE CE 00 CB    killthread          ldx #vm_base
1861   DBB1                             begin
1861   DBB1             
1862   DBB1 DF BA                           stx temp2                   ;Thread that points to killed thread
1863   DBB3 EE 00                           ldx $00,X
1864   DBB5                                 ifeq
1864   DBB5             
1864   DBB5 26 FE       
1865   DBB7 7E DB 24                            jmp check_threads           ;Nothing on VM
1866   DBBA                                 endif
1866   DBBA             
1866   DBBA             
1866   DBBA             
1866   DBBA             
1866   DBBA             
1866   DBBA~                                endif
1866   DBBA~                                endif
1866   DBBA             
1866   DBBA~                                endif
1866   DBBA~                                endif
1866   DBBA             
1866   DBB6             
1866   DBB6 03          
1866   DBB7             
1866   DBB7             
1866   DBB7~                                endif
1866   DBB7~                                endif
1866   DBB7~                                endif
1866   DBB7             
1866   DBBA             
1866   DBBA~                                endif
1866   DBBA~                                endif
1866   DBBA             
1867   DBBA 9C CF                           cpx current_thread          ;Current VM Routine being run
1868   DBBC                             eqend                       ;If $B1 != *$00AD check next entry
1868   DBBC             
1868   DBBC             
1868   DBBC~                            eqend                       ;If $B1 != *$00AD check next entry
1868   DBBC~                            eqend                       ;If $B1 != *$00AD check next entry
1868   DBBC~                            eqend                       ;If $B1 != *$00AD check next entry
1868   DBBC             
1868   DBBC 26 F3       
1868   DBBE             
1868   DBBE~                            eqend                       ;If $B1 != *$00AD check next entry
1868   DBBE~                            eqend                       ;If $B1 != *$00AD check next entry
1868   DBBE             
1869   DBBE 8D 56                       bsr killthread_sp           ;Remove Entry (X)($B1) From VM
1870   DBC0                         loopend
1870   DBC0             
1870   DBC0             
1870   DBC0~                        loopend
1870   DBC0~                        loopend
1870   DBC0~                        loopend
1870   DBC0             
1870   DBC0 20 E6       
1870   DBC2             
1870   DBC2~                        loopend
1870   DBC2~                        loopend
1870   DBC2             
1871   DBC2                         
1872   DBC2             ;****************************************************************************
1873   DBC2             ;* This is the main routine in charge of adding new threads to the
1874   DBC2             ;* virtual machine. The following variables are passed.
1875   DBC2             ;*
1876   DBC2             ;*  A: Pushed into VMregA
1877   DBC2             ;*  B: Pushed into VMregB
1878   DBC2             ;*  X: Thread Initial Program Counter
1879   DBC2             ;*  
1880   DBC2             ;* In addition, the following two variables contain data for the
1881   DBC2             ;* thread.
1882   DBC2             ;*  thread_priority:        Unique Identifier to classify thread
1883   DBC2             ;*  system_temp_word2:  ???
1884   DBC2             ;*
1885   DBC2             ;* See header definition file for specifics on thread class structure
1886   DBC2             ;*
1887   DBC2             ;* Returns: Carry Cleared if New Thread was added
1888   DBC2             ;*          Carry Set if VM was full
1889   DBC2             ;*
1890   DBC2             ;**************************************************************************** 
1891   DBC2             newthread_sp
1892   DBC2 DF B8                   stx temp1
1893   DBC4 0D                      sec 
1894   DBC5 DE CD                   ldx vm_nextslot         ;Get Next Available Slot Address
1895   DBC7                         ifne
1895   DBC7             
1895   DBC7 27 FE       
1896   DBC9 36                          psha    
1897   DBCA A6 00                       ldaa    $00,X               ;\
1898   DBCC 97 CD                       staa    vm_nextslot         ;|---- Set New Next Available Slot Address
1899   DBCE A6 01                       ldaa    $01,X               ;|
1900   DBD0 97 CE                       staa    vm_nextslot+1       ;/
1901   DBD2 DF BA                       stx     temp2               ;Temp2 = New Thread Base Address
1902   DBD4 DE D1                       ldx     vm_tail_thread      ;This is the last thread in the vm, it has the tail
1903   DBD6 A6 00                       ldaa    $00,X               ;\
1904   DBD8 97 BC                       staa    temp3               ;|
1905   DBDA A6 01                       ldaa    $01,X               ;|---- Store the running threads next pointer in temp3
1906   DBDC 97 BD                       staa    temp3+1         ;/
1907   DBDE 96 BA                       ldaa    temp2               ;\
1908   DBE0 A7 00                       staa    $00,X               ;|
1909   DBE2 96 BB                       ldaa    temp2+1         ;|---- Put the new thread into the running threads next pointer
1910   DBE4 A7 01                       staa    $01,X               ;/
1911   DBE6 EE 00                       ldx     $00,X
1912   DBE8 DF D1                       stx     vm_tail_thread      ;Make the new thread the last thread
1913   DBEA 96 BC                       ldaa    temp3               ;\
1914   DBEC A7 00                       staa    $00,X               ;|
1915   DBEE 96 BD                       ldaa    temp3+1         ;|---- Set the Next pointer of the new thread to the 
1916   DBF0 A7 01                       staa    $01,X               ;/     previous threads next pointer.
1917   DBF2 96 B8                       ldaa    temp1
1918   DBF4 A7 0B                       staa    $0B,X
1919   DBF6 96 B9                       ldaa    temp1+1
1920   DBF8 A7 0C                       staa    $0C,X
1921   DBFA 96 C8                       ldaa    thread_priority     ;Store the priority
1922   DBFC A7 0D                       staa    $0D,X
1923   DBFE 96 C4                       ldaa    sys_temp_w2         ;Push variables from sys_temp_w2
1924   DC00 A7 10                       staa    $10,X
1925   DC02 96 C5                       ldaa    sys_temp_w2+1
1926   DC04 A7 11                       staa    $11,X
1927   DC06 32                          pula    
1928   DC07 A7 0E                       staa    $0E,X               ;Store reg A
1929   DC09 E7 0F                       stab    $0F,X               ;Store reg B
1930   DC0B 6F 02                       clr $02,X               ;Reset the counter
1931   DC0D                         endif
1931   DC0D             
1931   DC0D             
1931   DC0D             
1931   DC0D             
1931   DC0D             
1931   DC0D~                        endif
1931   DC0D~                        endif
1931   DC0D             
1931   DC0D~                        endif
1931   DC0D~                        endif
1931   DC0D             
1931   DBC8             
1931   DBC8 44          
1931   DBC9             
1931   DBC9             
1931   DBC9~                        endif
1931   DBC9~                        endif
1931   DBC9~                        endif
1931   DBC9             
1931   DC0D             
1931   DC0D~                        endif
1931   DC0D~                        endif
1931   DC0D             
1932   DC0D 39                      rts 
1933   DC0E             
1934   DC0E             newthread_06    
1935   DC0E 36                      psha    
1936   DC0F 86 06                   ldaa    #$06
1937   DC11 97 C8                   staa    thread_priority
1938   DC13 32                      pula    
1939   DC14 20 AC                   bra newthread_sp            ;Push VM: Data in A,B,X,threadpriority,$A6,$A7
1940   DC16             
1941   DC16             ;***************************************************************************
1942   DC16             ;* This will remove the current thread from the VM. 
1943   DC16             ;*
1944   DC16             ;* Requires: temp2 holds the thread that points to the thread to be killed  
1945   DC16             ;***************************************************************************        
1946   DC16             killthread_sp   
1947   DC16 36                      psha    
1948   DC17 A6 00                   ldaa    $00,X                   ;\
1949   DC19 97 B8                   staa    temp1                   ;|--  Get 'next'
1950   DC1B A6 01                   ldaa    $01,X                   ;|
1951   DC1D 97 B9                   staa    temp1+1             ;/
1952   DC1F 96 CD                   ldaa    vm_nextslot             ;\
1953   DC21 A7 00                   staa    $00,X                   ;|--  Kill this one by setting next to 0
1954   DC23 96 CE                   ldaa    vm_nextslot+1           ;|
1955   DC25 A7 01                   staa    $01,X                   ;/
1956   DC27 DF CD                   stx vm_nextslot             ;Make this new blank spot the next one
1957   DC29 9C D1                   cpx vm_tail_thread          ;Unless this was the tail thread
1958   DC2B                         ifeq
1958   DC2B             
1958   DC2B 26 FE       
1959   DC2D DE CF                       ldx current_thread          ;Make the current thread the tail
1960   DC2F DF D1                       stx vm_tail_thread
1961   DC31                         endif
1961   DC31             
1961   DC31             
1961   DC31             
1961   DC31             
1961   DC31             
1961   DC31~                        endif
1961   DC31~                        endif
1961   DC31             
1961   DC31~                        endif
1961   DC31~                        endif
1961   DC31             
1961   DC2C             
1961   DC2C 04          
1961   DC2D             
1961   DC2D             
1961   DC2D~                        endif
1961   DC2D~                        endif
1961   DC2D~                        endif
1961   DC2D             
1961   DC31             
1961   DC31~                        endif
1961   DC31~                        endif
1961   DC31             
1962   DC31 DE BA                   ldx temp2                   ;Get Parent Thread
1963   DC33 96 B8                   ldaa    temp1                   ;Store killed thread 'next' into parents 'next'
1964   DC35 A7 00                   staa    $00,X
1965   DC37 96 B9                   ldaa    temp1+1
1966   DC39 A7 01                   staa    $01,X
1967   DC3B 32                      pula                        ;Save A
1968   DC3C 39                      rts 
1969   DC3D             
1970   DC3D             ;*************************************************
1971   DC3D             ;* Kill Single thread with the given ID
1972   DC3D             ;*
1973   DC3D             ;* Requires:    A - Level Defintion
1974   DC3D             ;*          B - Select Mask
1975   DC3D             ;* 
1976   DC3D             ;* If B is $00, then all threads are cleared
1977   DC3D             ;*************************************************          
1978   DC3D 8D 0B       kill_thread bsr check_threadid      ;Test Thread ID Mask
1979   DC3F                         ifcc                    ;Return with Carry Set
1979   DC3F             
1979   DC3F 25 FE       
1980   DC41 8D D3                       bsr killthread_sp       ;Remove Entry (X)($B1) From VM
1981   DC43 0C                          clc 
1982   DC44                         endif
1982   DC44             
1982   DC44             
1982   DC44             
1982   DC44             
1982   DC44             
1982   DC44~                        endif
1982   DC44~                        endif
1982   DC44             
1982   DC44~                        endif
1982   DC44~                        endif
1982   DC44             
1982   DC40             
1982   DC40 03          
1982   DC41             
1982   DC41             
1982   DC41~                        endif
1982   DC41~                        endif
1982   DC41~                        endif
1982   DC41             
1982   DC44             
1982   DC44~                        endif
1982   DC44~                        endif
1982   DC44             
1983   DC44 39                      rts
1984   DC45             
1985   DC45             ;*************************************************
1986   DC45             ;* Kill All threads with the given ID
1987   DC45             ;*
1988   DC45             ;* Requires:   A - EOR Mask Definition  
1989   DC45             ;*             B - AND Mask Definition      
1990   DC45             ;* 
1991   DC45             ;* If result is not zero, then thread is killed
1992   DC45             ;*************************************************
1993   DC45             kill_threads
1994   DC45                         begin
1994   DC45             
1995   DC45 8D F6                       bsr kill_thread     ;Kill first One
1996   DC47                         csend               ;Repeat if Carry Clear
1996   DC47             
1996   DC47             
1996   DC47~                        csend               ;Repeat if Carry Clear
1996   DC47~                        csend               ;Repeat if Carry Clear
1996   DC47~                        csend               ;Repeat if Carry Clear
1996   DC47             
1996   DC47 24 FC       
1996   DC49             
1996   DC49~                        csend               ;Repeat if Carry Clear
1996   DC49~                        csend               ;Repeat if Carry Clear
1996   DC49             
1997   DC49 39                      rts
1998   DC4A             
1999   DC4A             ;*************************************************
2000   DC4A             ;* Checks the VM thread list for threads that 
2001   DC4A             ;* qualify agains the bitmasks defined in A and B.
2002   DC4A             ;* If a thread qualifies, then this routine will
2003   DC4A             ;* return with carry cleared.
2004   DC4A             ;*************************************************      
2005   DC4A             check_threadid  
2006   DC4A 37                      pshb    
2007   DC4B D7 B8                   stab    temp1
2008   DC4D CE 00 CB                ldx #vm_base        ;Load Start Address
2009   DC50 DF BA                   stx temp2           ;Store it
2010   DC52 DE CB                   ldx vm_base     ;Load End Address
2011   DC54 0D          pri_next    sec 
2012   DC55                         ifne                ;Branch if we have reached the end of the VM (Next = 0000)
2012   DC55             
2012   DC55 27 FE       
2013   DC57 16                          tab 
2014   DC58 E8 0D                       eorb    threadobj_id,X      ;EOR with Type Code in Current Routine
2015   DC5A 53                          comb    
2016   DC5B D4 B8                       andb    temp1
2017   DC5D D1 B8                       cmpb    temp1
2018   DC5F                             ifne                ;Branch if Bits Dont work
2018   DC5F             
2018   DC5F 27 FE       
2019   DC61 DF BA       pri_skipme          stx temp2
2020   DC63 EE 00                           ldx threadobj_next,X
2021   DC65 20 ED                           bra pri_next        ;Goto Next Thread ->
2022   DC67                             endif
2022   DC67             
2022   DC67             
2022   DC67             
2022   DC67             
2022   DC67             
2022   DC67~                            endif
2022   DC67~                            endif
2022   DC67             
2022   DC67~                            endif
2022   DC67~                            endif
2022   DC67             
2022   DC60             
2022   DC60 06          
2022   DC61             
2022   DC61             
2022   DC61~                            endif
2022   DC61~                            endif
2022   DC61~                            endif
2022   DC61             
2022   DC67             
2022   DC67~                            endif
2022   DC67~                            endif
2022   DC67             
2023   DC67 9C CF                       cpx current_thread  ;Make sure it isn't this thread
2024   DC69 27 F6                       beq pri_skipme      ;If it is this thread, skip it!
2025   DC6B                         endif
2025   DC6B             
2025   DC6B             
2025   DC6B             
2025   DC6B             
2025   DC6B             
2025   DC6B~                        endif
2025   DC6B~                        endif
2025   DC6B             
2025   DC6B~                        endif
2025   DC6B~                        endif
2025   DC6B             
2025   DC56             
2025   DC56 14          
2025   DC57             
2025   DC57             
2025   DC57~                        endif
2025   DC57~                        endif
2025   DC57~                        endif
2025   DC57             
2025   DC6B             
2025   DC6B~                        endif
2025   DC6B~                        endif
2025   DC6B             
2026   DC6B 33                      pulb    
2027   DC6C 39                      rts 
2028   DC6D                 
2029   DC6D             ;*****************************************************************  
2030   DC6D             ;* Solenoid Queue Processing: This is the routine that is called
2031   DC6D             ;* to fire a specific solenoid. It will add the solenoid to the 
2032   DC6D             ;* queue. Works from top down. Solenoid Number is in A along with
2033   DC6D             ;* data on how to handle solenoid. Format of A is ...
2034   DC6D             ;*
2035   DC6D             ;*      XXXZZZZZ    Where: ZZZZZ is solenoid number 00-10d
2036   DC6D             ;*                       XXX is timer/command
2037   DC6D             ;*
2038   DC6D             ;* NOTE: Hyperball only allows 8 solenoids + Shooter + BallLift
2039   DC6D             ;*****************************************************************      
2040   DC6D 36          solbuf      psha                    ;Push Solenoid #
2041   DC6E 37                      pshb    
2042   DC6F DF B8                   stx temp1               ;Put X into Temp1
2043   DC71 DE B6                   ldx solenoid_queue_pointer  ;Check Solenoid Buffer
2044   DC73 8C 11 18                cpx #sol_queue  
2045   DC76                         ifne                    ;Buffer not full
2045   DC76             
2045   DC76 27 FE       
2046   DC78 0D                          sec                 ;Carry Set if Buffer Full
2047   DC79 8C 11 28                    cpx #sol_queue_end      ;Buffer end
2048   DC7C                             ifne
2048   DC7C             
2048   DC7C 27 FE       
2049   DC7E A7 00       _sb01               staa    $00,X               ;Insert Solenoid Into Buffer
2050   DC80 08                              inx 
2051   DC81 DF B6                           stx solenoid_queue_pointer  ;Update Pointer
2052   DC83 0C          _sb02               clc                 ;Carry Cleared on Buffer Add
2053   DC84                             endif
2053   DC84             
2053   DC84             
2053   DC84             
2053   DC84             
2053   DC84             
2053   DC84~                            endif
2053   DC84~                            endif
2053   DC84             
2053   DC84~                            endif
2053   DC84~                            endif
2053   DC84             
2053   DC7D             
2053   DC7D 06          
2053   DC7E             
2053   DC7E             
2053   DC7E~                            endif
2053   DC7E~                            endif
2053   DC7E~                            endif
2053   DC7E             
2053   DC84             
2053   DC84~                            endif
2053   DC84~                            endif
2053   DC84             
2054   DC84 33                          pulb    
2055   DC85 32                          pula                    ;Pull Solenoid #
2056   DC86 DE B8                       ldx temp1               ;Get Back X
2057   DC88 39                          rts 
2058   DC89                         endif
2058   DC89             
2058   DC89             
2058   DC89             
2058   DC89             
2058   DC89             
2058   DC89~                        endif
2058   DC89~                        endif
2058   DC89             
2058   DC89~                        endif
2058   DC89~                        endif
2058   DC89             
2058   DC77             
2058   DC77 11          
2058   DC78             
2058   DC78             
2058   DC78~                        endif
2058   DC78~                        endif
2058   DC78~                        endif
2058   DC78             
2058   DC89             
2058   DC89~                        endif
2058   DC89~                        endif
2058   DC89             
2059   DC89 D6 B2                   ldab    solenoid_counter        ;Solenoid Counter
2060   DC8B 26 F1                   bne _sb01
2061   DC8D 8D 02                   bsr set_solenoid        ;Turn On/Off Solenoid (Solenoid # in A)
2062   DC8F 20 F2                   bra _sb02
2063   DC91             
2064   DC91             ;***************************************************
2065   DC91             ;* Turns On/Off solenoid.
2066   DC91             ;*
2067   DC91             ;* Requires:    A - XXXXZZZZ
2068   DC91             ;*                  
2069   DC91             ;* Where XXXX   = Solenoid Timer/Command
2070   DC91             ;*       ZZZZ   = Solenoid Number
2071   DC91             ;*
2072   DC91             ;* Example: A = 20 turns on solenoid #00 for 2 IRQ's
2073   DC91             ;*              F8 turns on solenoid #08 idefinitely
2074   DC91             ;*              C3 turns on solenoid #03 for 12 IRQ's
2075   DC91             ;*              03 turns off solenoid #03 indefinitely
2076   DC91             ;***************************************************
2077   DC91             set_solenoid    
2078   DC91 37                      pshb    
2079   DC92 16                      tab 
2080   DC93 C4 F0                   andb    #$F0
2081   DC95                         ifne
2081   DC95             
2081   DC95 27 FE       
2082   DC97 C1 F0                       cmpb    #$F0
2083   DC99                             ifne
2083   DC99             
2083   DC99 27 FE       
2084   DC9B                                 ;1-15 goes into counter
2085   DC9B D7 B2       set_sol_counter     stab    solenoid_counter        ;Restore Solenoid Counter to #E0
2086   DC9D 8D 1C                           bsr soladdr         ;Get Solenoid PIA address and bitpos
2087   DC9F DF AF                           stx solenoid_address
2088   DCA1 D7 B1                           stab    solenoid_bitpos
2089   DCA3                             else
2089   DCA3             
2089   DCA3             
2089   DCA3             
2089   DCA3             
2089   DC9A             
2089   DC9A             
2089   DC9A             
2089   DC9A~                            else
2089   DC9A~                            else
2089   DC9A~                            else
2089   DC9A~                            else
2089   DC9A             
2089   DC9A~                            else
2089   DC9A~                            else
2089   DC9A~                            else
2089   DC9A~                            else
2089   DC9A             
2089   DC9A             
2089   DC9A 0A          
2089   DCA3             
2089   DCA3 20 FE       
2089   DCA5             
2089   DCA5             
2089   DCA5             
2089   DCA5~                            else
2089   DCA5~                            else
2089   DCA5~                            else
2089   DCA5~                            else
2089   DCA5~                            else
2089   DCA5             
2089   DCA5~                            else
2089   DCA5~                            else
2089   DCA5             
2089   DCA5~                            else
2089   DCA5~                            else
2089   DCA5             
2090   DCA5                                 ;Do it now... if at 0
2091   DCA5 8D 14                           bsr soladdr         ;Get Solenoid PIA address and bitpos
2092   DCA7                             endif
2092   DCA7             
2092   DCA7             
2092   DCA7             
2092   DCA7             
2092   DCA7             
2092   DCA7~                            endif
2092   DCA7~                            endif
2092   DCA7             
2092   DCA7~                            endif
2092   DCA7~                            endif
2092   DCA7             
2092   DCA4             
2092   DCA4 02          
2092   DCA5             
2092   DCA5             
2092   DCA5~                            endif
2092   DCA5~                            endif
2092   DCA5~                            endif
2092   DCA5             
2092   DCA7             
2092   DCA7~                            endif
2092   DCA7~                            endif
2092   DCA7             
2093   DCA7 25 0C                       bcs set_ss_on           ;Carry Set: Special Solenoid, these work in reverse
2094   DCA9                             ;Here to turn solenoid ON
2095   DCA9 0F          set_ss_off      sei 
2096   DCAA EA 00                       orab    $00,X
2097   DCAC E7 00       set_s_pia       stab    $00,X           ;Write Solenoid Data to PIA
2098   DCAE 0E                          cli 
2099   DCAF 33                          pulb    
2100   DCB0 39                          rts                 ;Outta here!
2101   DCB1                         endif
2101   DCB1             
2101   DCB1             
2101   DCB1             
2101   DCB1             
2101   DCB1             
2101   DCB1~                        endif
2101   DCB1~                        endif
2101   DCB1             
2101   DCB1~                        endif
2101   DCB1~                        endif
2101   DCB1             
2101   DC96             
2101   DC96 1A          
2101   DC97             
2101   DC97             
2101   DC97~                        endif
2101   DC97~                        endif
2101   DC97~                        endif
2101   DC97             
2101   DCB1             
2101   DCB1~                        endif
2101   DCB1~                        endif
2101   DCB1             
2102   DCB1 8D 08                   bsr soladdr             ;Get Solenoid PIA address and bitpos
2103   DCB3 25 F4                   bcs set_ss_off              ;Special Solenoids work in reverse
2104   DCB5                         ;Here to turn solenoid OFF          
2105   DCB5 53          set_ss_on   comb    
2106   DCB6 0F                      sei 
2107   DCB7 E4 00                   andb    $00,X
2108   DCB9 20 F1                   bra set_s_pia               ;Store it now.
2109   DCBB             
2110   DCBB             ;*************************************************
2111   DCBB             ;* Get Physical Address and Bitposition of 
2112   DCBB             ;* solenoid number.
2113   DCBB             ;*
2114   DCBB             ;* Requires:    A - Solenoid Number
2115   DCBB             ;* Output:      B - PIA bit position
2116   DCBB             ;*          X - PIA address
2117   DCBB             ;*************************************************  
2118   DCBB 84 0F       soladdr     anda    #$0F                ;Mask to under 16 Solenoids
2119   DCBD CE 22 02                ldx #pia_sol_high_data
2120   DCC0 81 07                   cmpa    #$07                ;Normal solenoids or ball shooter/ball lift
2121   DCC2                         ifgt                    ;Get Regular Solenoid Address (PIA)
2121   DCC2             
2121   DCC2 2F FE       
2122   DCC4 08                          inx
2123   DCC5 C6 08                       ldab    #$08
2124   DCC7 11                          cba
2125   DCC8                             ifeq
2125   DCC8             
2125   DCC8 26 FE       
2126   DCCA                                 ;this is the ball shooter coil
2127   DCCA CE 22 01                        ldx   #pia_sol_low_ctrl
2128   DCCD 0D                              sec 
2129   DCCE                             endif
2129   DCCE             
2129   DCCE             
2129   DCCE             
2129   DCCE             
2129   DCCE             
2129   DCCE~                            endif
2129   DCCE~                            endif
2129   DCCE             
2129   DCCE~                            endif
2129   DCCE~                            endif
2129   DCCE             
2129   DCC9             
2129   DCC9 04          
2129   DCCA             
2129   DCCA             
2129   DCCA~                            endif
2129   DCCA~                            endif
2129   DCCA~                            endif
2129   DCCA             
2129   DCCE             
2129   DCCE~                            endif
2129   DCCE~                            endif
2129   DCCE             
2130   DCCE 39                          rts 
2131   DCCF                         endif
2131   DCCF             
2131   DCCF             
2131   DCCF             
2131   DCCF             
2131   DCCF             
2131   DCCF~                        endif
2131   DCCF~                        endif
2131   DCCF             
2131   DCCF~                        endif
2131   DCCF~                        endif
2131   DCCF             
2131   DCC3             
2131   DCC3 0B          
2131   DCC4             
2131   DCC4             
2131   DCC4~                        endif
2131   DCC4~                        endif
2131   DCC4~                        endif
2131   DCC4             
2131   DCCF             
2131   DCCF~                        endif
2131   DCCF~                        endif
2131   DCCF             
2132   DCCF                         
2133   DCCF             
2134   DCCF             ;********************************************************
2135   DCCF             ;* Convert Hex value in A to a single bit positioned at
2136   DCCF             ;* the value of (A&7). Bitpos is returned in B
2137   DCCF             ;*
2138   DCCF             ;* Requires:    Data in A
2139   DCCF             ;* Protects:    A,X
2140   DCCF             ;* Destroys:    B
2141   DCCF             ;* Output:      Bitpos in B
2142   DCCF             ;********************************************************
2143   DCCF 36          hex2bitpos  psha    
2144   DCD0 84 07                   anda    #$07
2145   DCD2 5F                      clrb    
2146   DCD3 0D                      sec 
2147   DCD4                         begin
2147   DCD4             
2148   DCD4 59                          rolb    
2149   DCD5 4A                          deca    
2150   DCD6                         miend
2150   DCD6             
2150   DCD6             
2150   DCD6~                        miend
2150   DCD6~                        miend
2150   DCD6~                        miend
2150   DCD6             
2150   DCD6 2A FC       
2150   DCD8             
2150   DCD8~                        miend
2150   DCD8~                        miend
2150   DCD8             
2151   DCD8 32                      pula    
2152   DCD9 39                      rts 
2153   DCDA             
2154   DCDA             ;********************************************************
2155   DCDA             ;* Checks the current score shown and updates the comma
2156   DCDA             ;* flags accordingly to show the relavant ones.
2157   DCDA             ;********************************************************           
2158   DCDA 40 04       comma_million   .db $40,$04 ;NOTUSED,$80,$08
2159   DCDC 10 01       comma_thousand  .db $10,$01 ;NOTUSED,$20,$02
2160   DCDE             
2161   DCDE             update_commas   
2162   DCDE C6 40                   ldab    #$40                ;Million digit
2163   DCE0 8D 2B                   bsr     test_mask_b         ;Bittest Current Player Display Toggles against B
2164   DCE2                         ifeq                    ;Branch if it is already set
2164   DCE2             
2164   DCE2 26 FE       
2165   DCE4 DE EC                       ldx     pscore_buf          ;Start of Current Player Score Buffer
2166   DCE6 E6 00                       ldab    $00,X
2167   DCE8 5C                          incb    
2168   DCE9                             ifne                    ;Is MSD at FF (blank0?
2168   DCE9             
2168   DCE9 27 FE       
2169   DCEB CE DC DA                        ldx     #comma_million      ;No.. we have a million digit.
2170   DCEE 8D 11                           bsr     set_comma_bit       ;Set the appropriate bit
2171   DCF0                             endif
2171   DCF0             
2171   DCF0             
2171   DCF0             
2171   DCF0             
2171   DCF0             
2171   DCF0~                            endif
2171   DCF0~                            endif
2171   DCF0             
2171   DCF0~                            endif
2171   DCF0~                            endif
2171   DCF0             
2171   DCEA             
2171   DCEA 05          
2171   DCEB             
2171   DCEB             
2171   DCEB~                            endif
2171   DCEB~                            endif
2171   DCEB~                            endif
2171   DCEB             
2171   DCF0             
2171   DCF0~                            endif
2171   DCF0~                            endif
2171   DCF0             
2172   DCF0                         endif
2172   DCF0             
2172   DCF0             
2172   DCF0             
2172   DCF0             
2172   DCF0             
2172   DCF0~                        endif
2172   DCF0~                        endif
2172   DCF0             
2172   DCF0~                        endif
2172   DCF0~                        endif
2172   DCF0             
2172   DCE3             
2172   DCE3 0C          
2172   DCE4             
2172   DCE4             
2172   DCE4~                        endif
2172   DCE4~                        endif
2172   DCE4~                        endif
2172   DCE4             
2172   DCF0             
2172   DCF0~                        endif
2172   DCF0~                        endif
2172   DCF0             
2173   DCF0 C6 08                   ldab    #$08                ;1000's Digit
2174   DCF2 8D 19                   bsr test_mask_b         ;Bittest Current Player Display Toggles against B
2175   DCF4                         ifeq
2175   DCF4             
2175   DCF4 26 FE       
2176   DCF6 DE EC                       ldx pscore_buf          ;Start of Current Player Score Buffer
2177   DCF8 E6 02                       ldab    $02,X
2178   DCFA C1 F0                       cmpb    #$F0
2179   DCFC                             ifcs
2179   DCFC             
2179   DCFC 24 FE       
2180   DCFE CE DC DC                        ldx     #comma_thousand         ;Get the appropriate bit for the thousand digit 
2181   DD01 96 EB       set_comma_bit       ldaa    player_up               ;Current Player Up (0-1)
2182   DD03 BD E0 24                        jsr     xplusa                  ;X = X + A
2183   DD06 A6 00                           ldaa    $00,X
2184   DD08 9A 7C                           oraa    comma_flags
2185   DD0A 97 7C                           staa    comma_flags
2186   DD0C                             endif
2186   DD0C             
2186   DD0C             
2186   DD0C             
2186   DD0C             
2186   DD0C             
2186   DD0C~                            endif
2186   DD0C~                            endif
2186   DD0C             
2186   DD0C~                            endif
2186   DD0C~                            endif
2186   DD0C             
2186   DCFD             
2186   DCFD 0E          
2186   DCFE             
2186   DCFE             
2186   DCFE~                            endif
2186   DCFE~                            endif
2186   DCFE~                            endif
2186   DCFE             
2186   DD0C             
2186   DD0C~                            endif
2186   DD0C~                            endif
2186   DD0C             
2187   DD0C                         endif
2187   DD0C             
2187   DD0C             
2187   DD0C             
2187   DD0C             
2187   DD0C             
2187   DD0C~                        endif
2187   DD0C~                        endif
2187   DD0C             
2187   DD0C~                        endif
2187   DD0C~                        endif
2187   DD0C             
2187   DCF5             
2187   DCF5 16          
2187   DCF6             
2187   DCF6             
2187   DCF6~                        endif
2187   DCF6~                        endif
2187   DCF6~                        endif
2187   DCF6             
2187   DD0C             
2187   DD0C~                        endif
2187   DD0C~                        endif
2187   DD0C             
2188   DD0C 39                      rts 
2189   DD0D                         
2190   DD0D             
2191   DD0D             ;Test Passed Value in B agains the current player Display Mask (are we in Mask 0 or 1)
2192   DD0D 96 EB       test_mask_b ldaa    player_up               ;Current Player Up (0-1)
2193   DD0F CE 00 78                ldx     #dmask_p1
2194   DD12 BD E0 24                jsr     xplusa              ;X = X + A
2195   DD15 E5 00                   bitb    $00,X
2196   DD17 39                      rts 
2197   DD18             
2198   DD18             
2199   DD18             ;**********************************************************
2200   DD18             ;* Point based sounds (chime type).
2201   DD18             ;**********************************************************         
2202   DD18 36          isnd_pts    psha    
2203   DD19 17                      tba 
2204   DD1A 20 03                   bra snd_pts
2205   DD1C 36          dsnd_pts    psha    
2206   DD1D 84 07                   anda    #$07
2207   DD1F BD DE 21    snd_pts     jsr isnd_once           ;Play Sound Index(A) Once
2208   DD22 32                      pula
2209   DD23                         ;Fall Through to points 
2210   DD23             
2211   DD23 36          score_main  psha    
2212   DD24 37                      pshb    
2213   DD25 7A 00 F5                dec randomseed          ;Change the Random # seed
2214   DD28 DF F6                   stx x_temp_1            ;Protect X
2215   DD2A BD D0 B6                jsr gr_score_event      ;Check Game ROM Hook
2216   DD2D D6 E8                   ldab    random_bool
2217   DD2F                         ifeq
2217   DD2F             
2217   DD2F 26 FE       
2218   DD31 73 00 E8                    com random_bool
2219   DD34                         endif
2219   DD34             
2219   DD34             
2219   DD34             
2219   DD34             
2219   DD34             
2219   DD34~                        endif
2219   DD34~                        endif
2219   DD34             
2219   DD34~                        endif
2219   DD34~                        endif
2219   DD34             
2219   DD30             
2219   DD30 03          
2219   DD31             
2219   DD31             
2219   DD31~                        endif
2219   DD31~                        endif
2219   DD31~                        endif
2219   DD31             
2219   DD34             
2219   DD34~                        endif
2219   DD34~                        endif
2219   DD34             
2220   DD34 8D 0A                   bsr score_update        ;Add Points to Current Score, Data in A:
2221   DD36 8D A6                   bsr update_commas       ;Update Master Display Toggle From Current Player
2222   DD38 BD DD CF                jsr checkreplay         ;Check Current Player Score against all Replay Levels
2223   DD3B DE F6                   ldx x_temp_1            ;Get it back
2224   DD3D 33                      pulb    
2225   DD3E 32                      pula    
2226   DD3F 39                      rts 
2227   DD40                         
2228   DD40             
2229   DD40             ;**********************************************
2230   DD40             ; Update Score Routine: Score to add is in A
2231   DD40             ;**********************************************
2232   DD40             score_update    
2233   DD40 DE EC                   ldx pscore_buf          ;Start of Current Player Score Buffer
2234   DD42 EE 00                   ldx $00,X               ;Get XX,XX_,b__
2235   DD44 DF FC                   stx x_temp_2            ;Store it!
2236   DD46 DE EC                   ldx pscore_buf          ;Start of Current Player Score Buffer
2237   DD48 C6 04                   ldab    #$04
2238   DD4A D7 F4                   stab    flag_timer_bip      ;Run Ball Play Timer (Audit)
2239   DD4C D7 BE                   stab    sys_temp1           ;Number of Ram Location to iterate (4)
2240   DD4E 97 C0                   staa    sys_temp3
2241   DD50 5F                      clrb    
2242   DD51 D7 C1                   stab    sys_temp4
2243   DD53 D7 BF                   stab    sys_temp2
2244   DD55 16                      tab                 ;Get Points data
2245   DD56 C4 07                   andb    #$07
2246   DD58 26 27       _su01       bne     _su04
2247   DD5A 5C                      incb    
2248   DD5B D7 BC                   stab    temp3               ;Store (data&07)+1
2249   DD5D D6 C0       _su02       ldab    sys_temp3
2250   DD5F 54                      lsrb    
2251   DD60 54                      lsrb    
2252   DD61 54                      lsrb    
2253   DD62 8D 45                   bsr score2hex           ;Convert MSD Blanks to 0's on (X+03)
2254   DD64                         begin
2254   DD64             
2255   DD64 9B BC                       adda    temp3               ;(data&07)+1
2256   DD66 8D 3A                       bsr hex2dec         ;Decimal Adjust A, sys_temp2 incremented if A flipped
2257   DD68 5A                          decb                    
2258   DD69                         eqend
2258   DD69             
2258   DD69             
2258   DD69~                        eqend
2258   DD69~                        eqend
2258   DD69~                        eqend
2258   DD69             
2258   DD69 26 F9       
2258   DD6B             
2258   DD6B~                        eqend
2258   DD6B~                        eqend
2258   DD6B             
2259   DD6B D6 BF       _su03       ldab    sys_temp2
2260   DD6D 27 26                   beq _su05           ;A didn't Flip, Branch.
2261   DD6F A7 03                   staa    $03,X           ;Store this digit
2262   DD71 09                      dex 
2263   DD72 7A 00 BE                dec sys_temp1           ;Do next set of digits
2264   DD75                         ifne
2264   DD75             
2264   DD75 27 FE       
2265   DD77 8D 30                       bsr score2hex               ;Convert MSD Blanks to 0's on (X+03)
2266   DD79 7F 00 BF                    clr sys_temp2
2267   DD7C 1B                          aba 
2268   DD7D 8D 23                       bsr hex2dec             ;Decimal Adjust A, sys_temp2 incremented if A flipped
2269   DD7F 20 EA                       bra _su03
2270   DD81 5A          _su04           decb    
2271   DD82                             ifeq
2271   DD82             
2271   DD82 26 FE       
2272   DD84 C6 10                           ldab    #$10
2273   DD86 D7 BC                           stab    temp3
2274   DD88 20 D3                           bra _su02
2275   DD8A                             endif
2275   DD8A             
2275   DD8A             
2275   DD8A             
2275   DD8A             
2275   DD8A             
2275   DD8A~                            endif
2275   DD8A~                            endif
2275   DD8A             
2275   DD8A~                            endif
2275   DD8A~                            endif
2275   DD8A             
2275   DD83             
2275   DD83 06          
2275   DD84             
2275   DD84             
2275   DD84~                            endif
2275   DD84~                            endif
2275   DD84~                            endif
2275   DD84             
2275   DD8A             
2275   DD8A~                            endif
2275   DD8A~                            endif
2275   DD8A             
2276   DD8A 8D 1D                       bsr score2hex               ;Convert MSD Blanks to 0's on (X+03)
2277   DD8C A7 03                       staa    $03,X
2278   DD8E 7A 00 BE                    dec sys_temp1
2279   DD91 09                          dex 
2280   DD92 5A                          decb    
2281   DD93 20 C3                       bra _su01
2282   DD95 D6 C1       _su05           ldab    sys_temp4
2283   DD97                             ifne
2283   DD97             
2283   DD97 27 FE       
2284   DD99 81 10                           cmpa    #$10
2285   DD9B                                 ifcs
2285   DD9B             
2285   DD9B 24 FE       
2286   DD9D 8B F0                               adda    #$F0
2287   DD9F                                 endif
2287   DD9F             
2287   DD9F             
2287   DD9F             
2287   DD9F             
2287   DD9F             
2287   DD9F~                                endif
2287   DD9F~                                endif
2287   DD9F             
2287   DD9F~                                endif
2287   DD9F~                                endif
2287   DD9F             
2287   DD9C             
2287   DD9C 02          
2287   DD9D             
2287   DD9D             
2287   DD9D~                                endif
2287   DD9D~                                endif
2287   DD9D~                                endif
2287   DD9D             
2287   DD9F             
2287   DD9F~                                endif
2287   DD9F~                                endif
2287   DD9F             
2288   DD9F                             endif
2288   DD9F             
2288   DD9F             
2288   DD9F             
2288   DD9F             
2288   DD9F             
2288   DD9F~                            endif
2288   DD9F~                            endif
2288   DD9F             
2288   DD9F~                            endif
2288   DD9F~                            endif
2288   DD9F             
2288   DD98             
2288   DD98 06          
2288   DD99             
2288   DD99             
2288   DD99~                            endif
2288   DD99~                            endif
2288   DD99~                            endif
2288   DD99             
2288   DD9F             
2288   DD9F~                            endif
2288   DD9F~                            endif
2288   DD9F             
2289   DD9F A7 03                       staa    $03,X
2290   DDA1                         endif
2290   DDA1             
2290   DDA1             
2290   DDA1             
2290   DDA1             
2290   DDA1             
2290   DDA1~                        endif
2290   DDA1~                        endif
2290   DDA1             
2290   DDA1~                        endif
2290   DDA1~                        endif
2290   DDA1             
2290   DD76             
2290   DD76 2A          
2290   DD77             
2290   DD77             
2290   DD77~                        endif
2290   DD77~                        endif
2290   DD77~                        endif
2290   DD77             
2290   DDA1             
2290   DDA1~                        endif
2290   DDA1~                        endif
2290   DDA1             
2291   DDA1 39                      rts 
2292   DDA2             
2293   DDA2             ;******************************************************************************
2294   DDA2             ; Convert Hex to Decimal: If value was above 9 then sys_temp2 is incremented 
2295   DDA2             ;******************************************************************************
2296   DDA2 19          hex2dec     daa 
2297   DDA3                         ifcs
2297   DDA3             
2297   DDA3 24 FE       
2298   DDA5 7C 00 BF                    inc sys_temp2
2299   DDA8                         endif
2299   DDA8             
2299   DDA8             
2299   DDA8             
2299   DDA8             
2299   DDA8             
2299   DDA8~                        endif
2299   DDA8~                        endif
2299   DDA8             
2299   DDA8~                        endif
2299   DDA8~                        endif
2299   DDA8             
2299   DDA4             
2299   DDA4 03          
2299   DDA5             
2299   DDA5             
2299   DDA5~                        endif
2299   DDA5~                        endif
2299   DDA5~                        endif
2299   DDA5             
2299   DDA8             
2299   DDA8~                        endif
2299   DDA8~                        endif
2299   DDA8             
2300   DDA8 39                      rts 
2301   DDA9             
2302   DDA9 A6 03       score2hex   ldaa    $03,X
2303   DDAB 4C                      inca    
2304   DDAC                         ifne                    ;Leave if both digits are blanked
2304   DDAC             
2304   DDAC 27 FE       
2305   DDAE 4A                          deca    
2306   DDAF 81 F0                       cmpa    #$F0
2307   DDB1 25 05                       bcs sh_exit         ;if A was less than #F0
2308   DDB3 8B 10                       adda    #$10                ;Set High Digit to a 0
2309   DDB5                         endif
2309   DDB5             
2309   DDB5             
2309   DDB5             
2309   DDB5             
2309   DDB5             
2309   DDB5~                        endif
2309   DDB5~                        endif
2309   DDB5             
2309   DDB5~                        endif
2309   DDB5~                        endif
2309   DDB5             
2309   DDAD             
2309   DDAD 07          
2309   DDAE             
2309   DDAE             
2309   DDAE~                        endif
2309   DDAE~                        endif
2309   DDAE~                        endif
2309   DDAE             
2309   DDB5             
2309   DDB5~                        endif
2309   DDB5~                        endif
2309   DDB5             
2310   DDB5 7C 00 C1                inc sys_temp4           ;Digit was cleared
2311   DDB8 39          sh_exit     rts 
2312   DDB9             
2313   DDB9             ;**************************************************************
2314   DDB9             ;* Add points to Scoring Queue
2315   DDB9             ;************************************************************** 
2316   DDB9 36          add_points  psha    
2317   DDBA 37                      pshb    
2318   DDBB 16                      tab 
2319   DDBC C4 07                   andb    #$07
2320   DDBE CE 11 30                ldx #score_queue_end    
2321   DDC1                         begin
2321   DDC1             
2322   DDC1 09                          dex 
2323   DDC2 5A                          decb    
2324   DDC3                         miend
2324   DDC3             
2324   DDC3             
2324   DDC3~                        miend
2324   DDC3~                        miend
2324   DDC3~                        miend
2324   DDC3             
2324   DDC3 2A FC       
2324   DDC5             
2324   DDC5~                        miend
2324   DDC5~                        miend
2324   DDC5             
2325   DDC5 44                      lsra    
2326   DDC6 44                      lsra    
2327   DDC7 44                      lsra    
2328   DDC8 AB 00                   adda    $00,X
2329   DDCA A7 00                   staa    $00,X
2330   DDCC 33                      pulb    
2331   DDCD 32                      pula    
2332   DDCE 39                      rts 
2333   DDCF              
2334   DDCF             ;**********************************************************
2335   DDCF             ;* Checks the current player score against the energy base
2336   DDCF             ;* award level multiplier. 
2337   DDCF             ;**********************************************************
2338   DDCF CE 00 FC    checkreplay ldx #x_temp_2
2339   DDD2 8D 31                   bsr get_hs_digits       ;Put Player High Digits into A&B, convert F's to 0's
2340   DDD4 D7 FC                   stab    x_temp_2
2341   DDD6 DE EC                   ldx pscore_buf          ;Current Player Score Buffer Pointer
2342   DDD8 8D 2B                   bsr get_hs_digits       ;Put Player High Digits into A&B, convert F's to 0's
2343   DDDA 01                      nop
2344   DDDB 01                      nop
2345   DDDC 01                      nop
2346   DDDD 01                      nop
2347   DDDE BD EC DF                jsr get_aud_baseawd     ;loads the P1 or P1 audit location for base awards
2348   DDE1 BD E0 78                jsr cmosinc_a
2349   DDE4 11                      cba
2350   DDE5                         iflo
2350   DDE5             
2350   DDE5 22 FE       
2351   DDE7 91 FC                       cmpa    x_temp_2
2352   DDE9                             ifge
2352   DDE9             
2352   DDE9 23 FE       
2353   DDEB DF C8                           stx thread_priority
2354   DDED 01                              nop
2355   DDEE 01                              nop
2356   DDEF 01                              nop
2357   DDF0 01                              nop
2358   DDF1 01                              nop
2359   DDF2 01                              nop
2360   DDF3 CE 01 52                        ldx #(aud_replay1times + 2)
2361   DDF6 01                              nop
2362   DDF7 BD E9 EB                        jsr ptrx_plus_1         ;add 1 to address in X
2363   DDFA DE C8                           ldx thread_priority
2364   DDFC BD E9 50                        jsr award_replay
2365   DDFF                             endif
2365   DDFF             
2365   DDFF             
2365   DDFF             
2365   DDFF             
2365   DDFF             
2365   DDFF~                            endif
2365   DDFF~                            endif
2365   DDFF             
2365   DDFF~                            endif
2365   DDFF~                            endif
2365   DDFF             
2365   DDEA             
2365   DDEA 14          
2365   DDEB             
2365   DDEB             
2365   DDEB~                            endif
2365   DDEB~                            endif
2365   DDEB~                            endif
2365   DDEB             
2365   DDFF             
2365   DDFF~                            endif
2365   DDFF~                            endif
2365   DDFF             
2366   DDFF                         endif
2366   DDFF             
2366   DDFF             
2366   DDFF             
2366   DDFF             
2366   DDFF             
2366   DDFF~                        endif
2366   DDFF~                        endif
2366   DDFF             
2366   DDFF~                        endif
2366   DDFF~                        endif
2366   DDFF             
2366   DDE6             
2366   DDE6 18          
2366   DDE7             
2366   DDE7             
2366   DDE7~                        endif
2366   DDE7~                        endif
2366   DDE7~                        endif
2366   DDE7             
2366   DDFF             
2366   DDFF~                        endif
2366   DDFF~                        endif
2366   DDFF             
2367   DDFF 01                      nop
2368   DE00 01                      nop
2369   DE01 01                      nop
2370   DE02 01                      nop
2371   DE03 01                      nop
2372   DE04 39                      rts
2373   DE05                         
2374   DE05             ;*********************************************************
2375   DE05             ;* Load Million and Hundred Thousand Score digits into
2376   DE05             ;* A and B. Player score buffer pointer is in X. Routine
2377   DE05             ;* will convert blanks($ff) into 0's
2378   DE05             ;*********************************************************          
2379   DE05             get_hs_digits   
2380   DE05 A6 00                   ldaa    $00,X
2381   DE07 84 0F                   anda    #$0F
2382   DE09 E6 01                   ldab    $01,X
2383   DE0B 8D 04                   bsr b_plus10        ;If B minus then B = B + 0x10
2384   DE0D 8D 09                   bsr split_ab        ;Shift A<<4 B>>4
2385   DE0F 1B                      aba 
2386   DE10 16                      tab
2387   DE11 C1 A0       b_plus10    cmpb    #$A0
2388   DE13                         ifcc
2388   DE13             
2388   DE13 25 FE       
2389   DE15 CB 10                       addb    #$10
2390   DE17                         endif
2390   DE17             
2390   DE17             
2390   DE17             
2390   DE17             
2390   DE17             
2390   DE17~                        endif
2390   DE17~                        endif
2390   DE17             
2390   DE17~                        endif
2390   DE17~                        endif
2390   DE17             
2390   DE14             
2390   DE14 02          
2390   DE15             
2390   DE15             
2390   DE15~                        endif
2390   DE15~                        endif
2390   DE15~                        endif
2390   DE15             
2390   DE17             
2390   DE17~                        endif
2390   DE17~                        endif
2390   DE17             
2391   DE17 39                      rts 
2392   DE18                         
2393   DE18             ;*********************************************************
2394   DE18             ;* Shifts A and B to convert million and hundred thousand
2395   DE18             ;* score digits into a single byte.
2396   DE18             ;*********************************************************
2397   DE18 48          split_ab    asla    
2398   DE19 48                      asla    
2399   DE1A 48                      asla    
2400   DE1B 48                      asla    
2401   DE1C 54                      lsrb    
2402   DE1D 54                      lsrb    
2403   DE1E 54                      lsrb    
2404   DE1F 54                      lsrb    
2405   DE20 39                      rts  
2406   DE21             
2407   DE21             ;*********************************************************
2408   DE21             ;* Sound Routines 
2409   DE21             ;*********************************************************
2410   DE21             ;* isnd_once - will play index sound in A one time by 
2411   DE21             ;*             loading B with 01 and calling the main
2412   DE21             ;*             sound subroutine.
2413   DE21             ;*********************************************************          
2414   DE21 37          isnd_once   pshb    
2415   DE22 C6 01                   ldab    #$01
2416   DE24 8D 02                   bsr sound_sub
2417   DE26 33                      pulb    
2418   DE27 39                      rts
2419   DE28             
2420   DE28             ;*********************************************************
2421   DE28             ;* This is the main sound subroutine. It will play index
2422   DE28             ;* sound contained in A, B times.
2423   DE28             ;*********************************************************              
2424   DE28 DF C8       sound_sub   stx thread_priority
2425   DE2A 36                      psha    
2426   DE2B 37                      pshb    
2427   DE2C D6 DF                   ldab    sys_soundflags          ;Sound Status
2428   DE2E 27 1C                   beq     b_04E                   ;Goto Sound Routine #2
2429   DE30 16                      tab                     
2430   DE31 48                      asla    
2431   DE32 1B                      aba                               ;A=A*3
2432   DE33 FE D0 53                ldx     gr_soundtable_ptr           ;Game ROM Table: Sounds
2433   DE36 BD E0 24                jsr     xplusa              ;X = X + A
2434   DE39 A6 02                   ldaa    $02,X                         ;get the actual sound command that will be sent
2435   DE3B 4C                      inca    
2436   DE3C                         ifeq                        ;If value is $FF, then this is complex sound
2436   DE3C             
2436   DE3C 26 FE       
2437   DE3E EE 00                           ldx $00,X
2438   DE40                         endif
2438   DE40             
2438   DE40             
2438   DE40             
2438   DE40             
2438   DE40             
2438   DE40~                        endif
2438   DE40~                        endif
2438   DE40             
2438   DE40~                        endif
2438   DE40~                        endif
2438   DE40             
2438   DE3D             
2438   DE3D 02          
2438   DE3E             
2438   DE3E             
2438   DE3E~                        endif
2438   DE3E~                        endif
2438   DE3E~                        endif
2438   DE3E             
2438   DE40             
2438   DE40~                        endif
2438   DE40~                        endif
2438   DE40             
2439   DE40 A6 00                   ldaa    $00,X
2440   DE42 D6 D8                   ldab    cur_sndflags
2441   DE44 C5 40                   bitb    #$40
2442   DE46                         ifeq
2442   DE46             
2442   DE46 26 FE       
2443   DE48 8D 1D                       bsr     isnd_test               ;If (A&0f)&(B&0f)=0) & (B&20=00) Then Set Carry
2444   DE4A                             ifcc
2444   DE4A             
2444   DE4A 25 FE       
2445   DE4C 33          b_04E               pulb    
2446   DE4D 32                              pula    
2447   DE4E 20 2A                           bra     b_051
2448   DE50                             endif
2448   DE50             
2448   DE50             
2448   DE50             
2448   DE50             
2448   DE50             
2448   DE50~                            endif
2448   DE50~                            endif
2448   DE50             
2448   DE50~                            endif
2448   DE50~                            endif
2448   DE50             
2448   DE4B             
2448   DE4B 04          
2448   DE4C             
2448   DE4C             
2448   DE4C~                            endif
2448   DE4C~                            endif
2448   DE4C~                            endif
2448   DE4C             
2448   DE50             
2448   DE50~                            endif
2448   DE50~                            endif
2448   DE50             
2449   DE50                         endif
2449   DE50             
2449   DE50             
2449   DE50             
2449   DE50             
2449   DE50             
2449   DE50~                        endif
2449   DE50~                        endif
2449   DE50             
2449   DE50~                        endif
2449   DE50~                        endif
2449   DE50             
2449   DE47             
2449   DE47 08          
2449   DE48             
2449   DE48             
2449   DE48~                        endif
2449   DE48~                        endif
2449   DE48~                        endif
2449   DE48             
2449   DE50             
2449   DE50~                        endif
2449   DE50~                        endif
2449   DE50             
2450   DE50 4D          b_050       tsta    
2451   DE51 2A 6B                   bpl     snd_exit_pull           ;pula,pulb,rts.
2452   DE53 D6 E4                   ldab    next_sndcnt
2453   DE55                         ifne
2453   DE55             
2453   DE55 27 FE       
2454   DE57 D6 E3                       ldab    next_sndflags
2455   DE59 8D 0C                       bsr isnd_test               ;If (A&0f)&(B&0f)=0) & (B&20=00) Then Set Carry
2456   DE5B 25 61                       bcs snd_exit_pull           ;pula,pulb,rts.
2457   DE5D                         endif
2457   DE5D             
2457   DE5D             
2457   DE5D             
2457   DE5D             
2457   DE5D             
2457   DE5D~                        endif
2457   DE5D~                        endif
2457   DE5D             
2457   DE5D~                        endif
2457   DE5D~                        endif
2457   DE5D             
2457   DE56             
2457   DE56 06          
2457   DE57             
2457   DE57             
2457   DE57~                        endif
2457   DE57~                        endif
2457   DE57~                        endif
2457   DE57             
2457   DE5D             
2457   DE5D~                        endif
2457   DE5D~                        endif
2457   DE5D             
2458   DE5D 97 E3                   staa    next_sndflags
2459   DE5F 33                      pulb    
2460   DE60 32                      pula    
2461   DE61 97 E5                   staa    next_sndcmd
2462   DE63 D7 E4                   stab    next_sndcnt
2463   DE65 20 59                   bra snd_exit                    ;rts
2464   DE67                         
2465   DE67 36          isnd_test   psha    
2466   DE68 37                      pshb    
2467   DE69 84 0F                   anda    #$0F
2468   DE6B C4 0F                   andb    #$0F
2469   DE6D 11                      cba 
2470   DE6E 33                      pulb    
2471   DE6F 32                      pula    
2472   DE70                         ifeq
2472   DE70             
2472   DE70 26 FE       
2473   DE72 C5 20                       bitb    #$20
2474   DE74                             ifeq
2474   DE74             
2474   DE74 26 FE       
2475   DE76 0D                              sec
2476   DE77                             endif
2476   DE77             
2476   DE77             
2476   DE77             
2476   DE77             
2476   DE77             
2476   DE77~                            endif
2476   DE77~                            endif
2476   DE77             
2476   DE77~                            endif
2476   DE77~                            endif
2476   DE77             
2476   DE75             
2476   DE75 01          
2476   DE76             
2476   DE76             
2476   DE76~                            endif
2476   DE76~                            endif
2476   DE76~                            endif
2476   DE76             
2476   DE77             
2476   DE77~                            endif
2476   DE77~                            endif
2476   DE77             
2477   DE77                         endif
2477   DE77             
2477   DE77             
2477   DE77             
2477   DE77             
2477   DE77             
2477   DE77~                        endif
2477   DE77~                        endif
2477   DE77             
2477   DE77~                        endif
2477   DE77~                        endif
2477   DE77             
2477   DE71             
2477   DE71 05          
2477   DE72             
2477   DE72             
2477   DE72~                        endif
2477   DE72~                        endif
2477   DE72~                        endif
2477   DE72             
2477   DE77             
2477   DE77~                        endif
2477   DE77~                        endif
2477   DE77             
2478   DE77 39                      rts
2479   DE78                         
2480   DE78             ;A=sound command
2481   DE78             ;B=count
2482   DE78 DF C8       isnd_mult   stx thread_priority
2483   DE7A 36          b_051       psha    
2484   DE7B 37                      pshb    
2485   DE7C D7 D6                   stab    soundcount
2486   DE7E 16                      tab                               ;store our sound in B temporarily
2487   DE7F 86 7F                   ldaa    #$7F
2488   DE81 8D 42                   bsr     send_snd                ;Send Sound Stop Command
2489   DE83 17                      tba                               ;get it back
2490   DE84 97 E0                   staa    soundindex              ;Sound Command Table Index
2491   DE86 48                      asla    
2492   DE87 1B                      aba                     ;Index * 3
2493   DE88 FE D0 53                ldx     gr_soundtable_ptr           ;Game ROM: Sound Table Pointer
2494   DE8B BD E0 24    isnd_mult_x jsr     xplusa              ;X = X + A
2495   DE8E A6 02                   ldaa    $02,X                   ;Sound Command
2496   DE90 81 FF                   cmpa    #$FF
2497   DE92                         ifne                        ;Simple Sound
2497   DE92             
2497   DE92 27 FE       
2498   DE94 E6 00                       ldab    $00,X
2499   DE96 C4 7F                       andb    #$7F
2500   DE98 D7 D8                       stab    cur_sndflags            
2501   DE9A E6 01                       ldab    $01,X
2502   DE9C D7 DC                       stab    soundirqcount+1         
2503   DE9E 7F 00 DB                    clr     soundirqcount
2504   DEA1 DE DB                       ldx     soundirqcount           ;Clear the MSB of the word counter ($BD,$BE)
2505   DEA3 DF DD                       stx     soundindex_com          ;Store the whole counter in the Common Sound Index
2506   DEA5 C6 40                       ldab    #$40
2507   DEA7 D7 DF                       stab    sys_soundflags          ;Sound Flag?
2508   DEA9 8D 18                       bsr     send_snd_save           ;Send the Command, Save in 'lastsound'
2509   DEAB                         else                        ;Complex Sound
2509   DEAB             
2509   DEAB             
2509   DEAB             
2509   DEAB             
2509   DE93             
2509   DE93             
2509   DE93             
2509   DE93~                        else                        ;Complex Sound
2509   DE93~                        else                        ;Complex Sound
2509   DE93~                        else                        ;Complex Sound
2509   DE93~                        else                        ;Complex Sound
2509   DE93             
2509   DE93~                        else                        ;Complex Sound
2509   DE93~                        else                        ;Complex Sound
2509   DE93~                        else                        ;Complex Sound
2509   DE93~                        else                        ;Complex Sound
2509   DE93             
2509   DE93             
2509   DE93 19          
2509   DEAB             
2509   DEAB 20 FE       
2509   DEAD             
2509   DEAD             
2509   DEAD             
2509   DEAD~                        else                        ;Complex Sound
2509   DEAD~                        else                        ;Complex Sound
2509   DEAD~                        else                        ;Complex Sound
2509   DEAD~                        else                        ;Complex Sound
2509   DEAD~                        else                        ;Complex Sound
2509   DEAD             
2509   DEAD~                        else                        ;Complex Sound
2509   DEAD~                        else                        ;Complex Sound
2509   DEAD             
2509   DEAD~                        else                        ;Complex Sound
2509   DEAD~                        else                        ;Complex Sound
2509   DEAD             
2510   DEAD EE 00                       ldx     $00,X                   ;Here if Complex Sound Command
2511   DEAF C6 80                       ldab    #$80
2512   DEB1 D7 DF                       stab    sys_soundflags          ;Set Status Flag
2513   DEB3 EA 00                       orab    $00,X
2514   DEB5 D7 D8                       stab    cur_sndflags
2515   DEB7 08                          inx 
2516   DEB8 DF DD                       stx     soundindex_com
2517   DEBA DF D9                       stx     soundptr
2518   DEBC 8D 0E                       bsr     do_complex_snd          ;Process it and send
2519   DEBE                         endif
2519   DEBE             
2519   DEBE             
2519   DEBE             
2519   DEBE             
2519   DEBE             
2519   DEBE~                        endif
2519   DEBE~                        endif
2519   DEBE             
2519   DEBE~                        endif
2519   DEBE~                        endif
2519   DEBE             
2519   DEAC             
2519   DEAC 11          
2519   DEAD             
2519   DEAD             
2519   DEAD~                        endif
2519   DEAD~                        endif
2519   DEAD~                        endif
2519   DEAD             
2519   DEBE             
2519   DEBE~                        endif
2519   DEBE~                        endif
2519   DEBE             
2520   DEBE             snd_exit_pull   
2521   DEBE 33                      pulb    
2522   DEBF 32                      pula    
2523   DEC0 DE C8       snd_exit    ldx thread_priority
2524   DEC2 39                      rts 
2525   DEC3             
2526   DEC3             ;*****************************************************************
2527   DEC3             ;* Send the command to the sound board, stores the command sent
2528   DEC3             ;* in 'lastsound' for reference.
2529   DEC3             ;*****************************************************************          
2530   DEC3             send_snd_save   
2531   DEC3 97 D7                   staa    lastsound
2532   DEC5 BD D0 B4    send_snd    jsr     gr_sound_event          
2533   DEC8 B7 21 00                staa    pia_sound_data
2534   DECB 39                      rts 
2535   DECC             
2536   DECC             ;*****************************************************************
2537   DECC             ;* This routine will send the next item in a complex sound
2538   DECC             ;* index to the Sound board PIA.
2539   DECC             ;*****************************************************************          
2540   DECC DE D9       do_complex_snd  ldx soundptr
2541   DECE A6 00       _csnd_loop      ldaa    $00,X               ;Load the first byte of this sequence
2542   DED0 16                          tab 
2543   DED1 C4 C0                       andb    #$C0
2544   DED3                             ifne                    ;Check bits $80 or $40
2544   DED3             
2544   DED3 27 FE       
2545   DED5                                 ifpl                ;If bit $80 is set, then sound is immediate
2545   DED5             
2545   DED5 2B FE       
2546   DED7 84 3F                               anda    #$3F
2547   DED9 97 E1                               staa    csound_timer
2548   DEDB 08                                  inx 
2549   DEDC A6 00                               ldaa    $00,X
2550   DEDE 97 E2       b_05B                   staa    csound_timer+1
2551   DEE0 96 D8                               ldaa    cur_sndflags
2552   DEE2 84 EF                               anda    #$EF            ;Flag this sound as non-immediate (timer based)
2553   DEE4 97 D8       store_csndflg           staa    cur_sndflags    ;Store Flag
2554   DEE6 08                                  inx 
2555   DEE7 20 E5                               bra _csnd_loop
2556   DEE9                                 endif
2556   DEE9             
2556   DEE9             
2556   DEE9             
2556   DEE9             
2556   DEE9             
2556   DEE9~                                endif
2556   DEE9~                                endif
2556   DEE9             
2556   DEE9~                                endif
2556   DEE9~                                endif
2556   DEE9             
2556   DED6             
2556   DED6 12          
2556   DED7             
2556   DED7             
2556   DED7~                                endif
2556   DED7~                                endif
2556   DED7~                                endif
2556   DED7             
2556   DEE9             
2556   DEE9~                                endif
2556   DEE9~                                endif
2556   DEE9             
2557   DEE9 7F 00 E1                        clr csound_timer
2558   DEEC 84 7F                           anda    #$7F
2559   DEEE 26 EE                           bne b_05B           ;If the timer is not zero, then flag this sound as non-immediate
2560   DEF0 96 D8                           ldaa    cur_sndflags
2561   DEF2 8A 10                           oraa    #$10            ;Flag as non-immediate
2562   DEF4 20 EE                           bra store_csndflg
2563   DEF6                             endif
2563   DEF6             
2563   DEF6             
2563   DEF6             
2563   DEF6             
2563   DEF6             
2563   DEF6~                            endif
2563   DEF6~                            endif
2563   DEF6             
2563   DEF6~                            endif
2563   DEF6~                            endif
2563   DEF6             
2563   DED4             
2563   DED4 21          
2563   DED5             
2563   DED5             
2563   DED5~                            endif
2563   DED5~                            endif
2563   DED5~                            endif
2563   DED5             
2563   DEF6             
2563   DEF6~                            endif
2563   DEF6~                            endif
2563   DEF6             
2564   DEF6 8D CB                       bsr send_snd_save       ;Send the Command, Save in 'lastsound'
2565   DEF8 08                          inx 
2566   DEF9 DF D9                       stx soundptr            ;Move pointer to next byte
2567   DEFB A6 00                       ldaa    $00,X
2568   DEFD 81 3F                       cmpa    #$3F                ;Are we done?
2569   DEFF                             ifeq
2569   DEFF             
2569   DEFF 26 FE       
2570   DF01 96 D8                           ldaa    cur_sndflags        ;Yes 
2571   DF03 84 7F                           anda    #$7F                ;Mark it as a simple sound now
2572   DF05 97 D8                           staa    cur_sndflags
2573   DF07                             endif
2573   DF07             
2573   DF07             
2573   DF07             
2573   DF07             
2573   DF07             
2573   DF07~                            endif
2573   DF07~                            endif
2573   DF07             
2573   DF07~                            endif
2573   DF07~                            endif
2573   DF07             
2573   DF00             
2573   DF00 06          
2573   DF01             
2573   DF01             
2573   DF01~                            endif
2573   DF01~                            endif
2573   DF01~                            endif
2573   DF01             
2573   DF07             
2573   DF07~                            endif
2573   DF07~                            endif
2573   DF07             
2574   DF07 DE E1                       ldx csound_timer
2575   DF09 DF DB                       stx soundirqcount
2576   DF0B 39                          rts 
2577   DF0C             
2578   DF0C             ;**********************************************************
2579   DF0C             ;* This routine will check two of the switch flags in the
2580   DF0C             ;* B register (byte 1 of switch table). If the switch 
2581   DF0C             ;* is disabled for either flag (tilt and gameover) then
2582   DF0C             ;* the routine returns with the carry flag set.
2583   DF0C             ;**********************************************************         
2584   DF0C 36          check_sw_mask   psha    
2585   DF0D B6 D0 4D                    ldaa    gr_lastswitch           ;Last Switch # for Game
2586   DF10 91 C3                       cmpa    sw_encoded              ;Switch #
2587   DF12                             ifge                        ;Out of Range!
2587   DF12             
2587   DF12 23 FE       
2588   DF14 C5 40                           bitb    #$40                    ;Flag 40: Active on Game Tilt
2589   DF16                                 ifeq
2589   DF16             
2589   DF16 26 FE       
2590   DF18 7D 00 E6                            tst flag_tilt               ;Tilt Flag
2591   DF1B 26 09                               bne sw_ignore
2592   DF1D                                 endif
2592   DF1D             
2592   DF1D             
2592   DF1D             
2592   DF1D             
2592   DF1D             
2592   DF1D~                                endif
2592   DF1D~                                endif
2592   DF1D             
2592   DF1D~                                endif
2592   DF1D~                                endif
2592   DF1D             
2592   DF17             
2592   DF17 05          
2592   DF18             
2592   DF18             
2592   DF18~                                endif
2592   DF18~                                endif
2592   DF18~                                endif
2592   DF18             
2592   DF1D             
2592   DF1D~                                endif
2592   DF1D~                                endif
2592   DF1D             
2593   DF1D C5 20                           bitb    #$20                    ;Flag 20: Active on Game Over
2594   DF1F 26 06                           bne sw_active
2595   DF21 7D 00 E7                        tst flag_gameover           ;Game Over?
2596   DF24 27 01                           beq sw_active
2597   DF26                             endif
2597   DF26             
2597   DF26             
2597   DF26             
2597   DF26             
2597   DF26             
2597   DF26~                            endif
2597   DF26~                            endif
2597   DF26             
2597   DF26~                            endif
2597   DF26~                            endif
2597   DF26             
2597   DF13             
2597   DF13 12          
2597   DF14             
2597   DF14             
2597   DF14~                            endif
2597   DF14~                            endif
2597   DF14~                            endif
2597   DF14             
2597   DF26             
2597   DF26~                            endif
2597   DF26~                            endif
2597   DF26             
2598   DF26 0D          sw_ignore       sec                     ;Ignore this switch when carry is set
2599   DF27 32          sw_active       pula    
2600   DF28 39                          rts
2601   DF29             
2602   DF29             ;**********************************************************
2603   DF29             ;* Switch is in down position, see if we should run it.
2604   DF29             ;**********************************************************         
2605   DF29 BD E0 1C    sw_down         jsr sw_tbl_lookup       ;Loads X with pointer to switch table entry
2606   DF2C E6 00                       ldab    $00,X               ;GAME ROM Switch Data 1(Flags,etc)
2607   DF2E 96 C2                       ldaa    sys_temp5
2608   DF30 95 C0                       bita    sys_temp3
2609   DF32 27 06                       beq sw_dtime            ;Is switch still down?
2610   DF34 C5 08                       bitb    #$08                ;No, but check Flag 08 which is Instant Trigger
2611   DF36                             ifne                    ;Not instant,.. leave now.
2611   DF36             
2611   DF36 27 FE       
2612   DF38 20 04                           bra sw_trig_yes         ;Must have been instant, do it now. 
2613   DF3A C5 10       sw_dtime            bitb    #$10                ;Switch has been down enough, but is it enabled?
2614   DF3C                                 ifne                    ;no.. leave now.
2614   DF3C             
2614   DF3C 27 FE       
2615   DF3E 8D CC       sw_trig_yes             bsr check_sw_mask       ;Checks Switch Flags for Tilt and Gameover and if switch is in range
2616   DF40                                     ifcc                    ;If not okay to run... leave
2616   DF40             
2616   DF40 25 FE       
2617   DF42 4F                                      clra    
2618   DF43 C5 40                                   bitb    #$40                ;Is it Active on Game Tilt?
2619   DF45                                         ifne                    
2619   DF45             
2619   DF45 27 FE       
2620   DF47 8A 04                                       oraa    #$04                ;Give this thread a different priority then
2621   DF49                                         endif
2621   DF49             
2621   DF49             
2621   DF49             
2621   DF49             
2621   DF49             
2621   DF49~                                        endif
2621   DF49~                                        endif
2621   DF49             
2621   DF49~                                        endif
2621   DF49~                                        endif
2621   DF49             
2621   DF46             
2621   DF46 02          
2621   DF47             
2621   DF47             
2621   DF47~                                        endif
2621   DF47~                                        endif
2621   DF47~                                        endif
2621   DF47             
2621   DF49             
2621   DF49~                                        endif
2621   DF49~                                        endif
2621   DF49             
2622   DF49 97 C8                                   staa    thread_priority
2623   DF4B 96 C3                                   ldaa    sw_encoded          ;Switch # (encoded)
2624   DF4D EE 01                                   ldx $01,X
2625   DF4F C5 07                                   bitb    #$07                ;Was this a inline defined switch type? Type = 0
2626   DF51                                         ifeq                    ;Always?
2626   DF51             
2626   DF51 26 FE       
2627   DF53 EE 02                                       ldx $02,X               ;Get handler address at base pointer + 2
2628   DF55                                         endif
2628   DF55             
2628   DF55             
2628   DF55             
2628   DF55             
2628   DF55             
2628   DF55~                                        endif
2628   DF55~                                        endif
2628   DF55             
2628   DF55~                                        endif
2628   DF55~                                        endif
2628   DF55             
2628   DF52             
2628   DF52 02          
2628   DF53             
2628   DF53             
2628   DF53~                                        endif
2628   DF53~                                        endif
2628   DF53~                                        endif
2628   DF53             
2628   DF55             
2628   DF55~                                        endif
2628   DF55~                                        endif
2628   DF55             
2629   DF55 5D                                      tstb                    ;Is the handler code WML7 or Native?
2630   DF56                                         ifmi                    ;Minus = WML7
2630   DF56             
2630   DF56 2A FE       
2631   DF58 DF C4                                       stx sys_temp_w2         ;X = Handler Address
2632   DF5A CE E6 56                                    ldx #macro_next     ;Will put this routine into VM.
2633   DF5D                                         endif
2633   DF5D             
2633   DF5D             
2633   DF5D             
2633   DF5D             
2633   DF5D             
2633   DF5D~                                        endif
2633   DF5D~                                        endif
2633   DF5D             
2633   DF5D~                                        endif
2633   DF5D~                                        endif
2633   DF5D             
2633   DF57             
2633   DF57 05          
2633   DF58             
2633   DF58             
2633   DF58~                                        endif
2633   DF58~                                        endif
2633   DF58~                                        endif
2633   DF58             
2633   DF5D             
2633   DF5D~                                        endif
2633   DF5D~                                        endif
2633   DF5D             
2634   DF5D BD D0 B2                                jsr gr_switch_event     ;Game ROM switch event hook
2635   DF60 BD DB C2                                jsr newthread_sp        ;Push VM: Data in A,B,X,threadpriority,$A6,$A7
2636   DF63 25 69                                   bcs _clc_rts            ;Carry set if VM was full and thread not added
2637   DF65                                                             ;Exit now and don't mark switch as attended too.
2638   DF65                                     endif
2638   DF65             
2638   DF65             
2638   DF65             
2638   DF65             
2638   DF65             
2638   DF65~                                    endif
2638   DF65~                                    endif
2638   DF65             
2638   DF65~                                    endif
2638   DF65~                                    endif
2638   DF65             
2638   DF41             
2638   DF41 23          
2638   DF42             
2638   DF42             
2638   DF42~                                    endif
2638   DF42~                                    endif
2638   DF42~                                    endif
2638   DF42             
2638   DF65             
2638   DF65~                                    endif
2638   DF65~                                    endif
2638   DF65             
2639   DF65                                 endif
2639   DF65             
2639   DF65             
2639   DF65             
2639   DF65             
2639   DF65             
2639   DF65~                                endif
2639   DF65~                                endif
2639   DF65             
2639   DF65~                                endif
2639   DF65~                                endif
2639   DF65             
2639   DF3D             
2639   DF3D 27          
2639   DF3E             
2639   DF3E             
2639   DF3E~                                endif
2639   DF3E~                                endif
2639   DF3E~                                endif
2639   DF3E             
2639   DF65             
2639   DF65~                                endif
2639   DF65~                                endif
2639   DF65             
2640   DF65                             endif
2640   DF65             
2640   DF65             
2640   DF65             
2640   DF65             
2640   DF65             
2640   DF65~                            endif
2640   DF65~                            endif
2640   DF65             
2640   DF65~                            endif
2640   DF65~                            endif
2640   DF65             
2640   DF37             
2640   DF37 2D          
2640   DF38             
2640   DF38             
2640   DF38~                            endif
2640   DF38~                            endif
2640   DF38~                            endif
2640   DF38             
2640   DF65             
2640   DF65~                            endif
2640   DF65~                            endif
2640   DF65             
2641   DF65 DE BE                       ldx sys_temp1
2642   DF67 96 C0                       ldaa    sys_temp3
2643   DF69 A8 7D                       eora    switch_debounced,X      ;Clear Switch Matrix Flag (switch attended too)
2644   DF6B A7 7D                       staa    switch_debounced,X
2645   DF6D DE BE       sw_proc         ldx sys_temp1
2646   DF6F D6 C0                       ldab    sys_temp3
2647   DF71 53                          comb    
2648   DF72 17                          tba 
2649   DF73 E4 85                       andb    switch_masked,X
2650   DF75 E7 85                       stab    switch_masked,X
2651   DF77 16                          tab 
2652   DF78 E4 8D                       andb    switch_pending,X
2653   DF7A E7 8D                       stab    switch_pending,X
2654   DF7C 16                          tab 
2655   DF7D A4 95                       anda    switch_aux,X
2656   DF7F A7 95                       staa    switch_aux,X
2657   DF81 E4 9D                       andb    switch_b4,X
2658   DF83 E7 9D                       stab    switch_b4,X
2659   DF85 39                          rts 
2660   DF86                         
2661   DF86             ;****************************************************************************
2662   DF86             ;*
2663   DF86             ;****************************************************************************           
2664   DF86 DF BE       check_sw_close  stx sys_temp1
2665   DF88 E6 7D                       ldab    switch_debounced,X
2666   DF8A D7 C2                       stab    sys_temp5               ;Store 
2667   DF8C 97 C1                       staa    sys_temp4
2668   DF8E 8D 2D       _sc01           bsr getswitch               ;Clear Carry if Switch Active or Done
2669   DF90 25 28                       bcs to_ldx_rts              ;get outta here!
2670   DF92 8D 3C                       bsr sw_pack             ;$A5 = ($A1<<3)+BitPos($A2)
2671   DF94 8D 6A                       bsr sw_get_time             ;Gets Switch Trigger Data
2672   DF96                             ifne                        ;If it is not 0 then we must time it
2672   DF96             
2672   DF96 27 FE       
2673   DF98 9B CA                           adda    irqcount                ;Number of IRQ's since last loop
2674   DF9A DE B4                           ldx switch_queue_pointer
2675   DF9C 8C 11 18                        cpx #switch_queue_end
2676   DF9F 27 ED                           beq _sc01
2677   DFA1 A7 00                           staa    $00,X
2678   DFA3 96 C3                           ldaa    sw_encoded              ;Encoded Switch Number
2679   DFA5 A7 01                           staa    $01,X
2680   DFA7 08                              inx 
2681   DFA8 08                              inx 
2682   DFA9 DF B4                           stx switch_queue_pointer
2683   DFAB DE BE                           ldx sys_temp1
2684   DFAD A6 9D                           ldaa    switch_b4,X
2685   DFAF 9A C0                           oraa    sys_temp3
2686   DFB1 A7 9D                           staa    switch_b4,X
2687   DFB3 20 D9                           bra _sc01
2688   DFB5                             endif
2688   DFB5             
2688   DFB5             
2688   DFB5             
2688   DFB5             
2688   DFB5             
2688   DFB5~                            endif
2688   DFB5~                            endif
2688   DFB5             
2688   DFB5~                            endif
2688   DFB5~                            endif
2688   DFB5             
2688   DF97             
2688   DF97 1D          
2688   DF98             
2688   DF98             
2688   DF98~                            endif
2688   DF98~                            endif
2688   DF98~                            endif
2688   DF98             
2688   DFB5             
2688   DFB5~                            endif
2688   DFB5~                            endif
2688   DFB5             
2689   DFB5 BD DF 29                    jsr sw_down             ;Ready to do switch now!
2690   DFB8 20 D4                       bra _sc01
2691   DFBA DE BE       to_ldx_rts      ldx sys_temp1
2692   DFBC 39                          rts
2693   DFBD                         
2694   DFBD             ;****************************************************************************
2695   DFBD             ;*
2696   DFBD             ;****************************************************************************               
2697   DFBD 4F          getswitch       clra    
2698   DFBE 0D                          sec 
2699   DFBF D6 C1                       ldab    sys_temp4           ;Switch Data
2700   DFC1                             ifne
2700   DFC1             
2700   DFC1 27 FE       
2701   DFC3                                 begin
2701   DFC3             
2702   DFC3 49                                  rola    
2703   DFC4 95 C1                               bita    sys_temp4
2704   DFC6                                 neend
2704   DFC6             
2704   DFC6             
2704   DFC6~                                neend
2704   DFC6~                                neend
2704   DFC6~                                neend
2704   DFC6             
2704   DFC6 27 FB       
2704   DFC8             
2704   DFC8~                                neend
2704   DFC8~                                neend
2704   DFC8             
2705   DFC8 97 C0                           staa    sys_temp3
2706   DFCA 98 C1                           eora    sys_temp4
2707   DFCC 97 C1                           staa    sys_temp4
2708   DFCE 0C          _clc_rts            clc 
2709   DFCF                             endif
2709   DFCF             
2709   DFCF             
2709   DFCF             
2709   DFCF             
2709   DFCF             
2709   DFCF~                            endif
2709   DFCF~                            endif
2709   DFCF             
2709   DFCF~                            endif
2709   DFCF~                            endif
2709   DFCF             
2709   DFC2             
2709   DFC2 0C          
2709   DFC3             
2709   DFC3             
2709   DFC3~                            endif
2709   DFC3~                            endif
2709   DFC3~                            endif
2709   DFC3             
2709   DFCF             
2709   DFCF~                            endif
2709   DFCF~                            endif
2709   DFCF             
2710   DFCF 39                          rts 
2711   DFD0             
2712   DFD0             ;****************************************************************************
2713   DFD0             ;* Takes the decimal representation of the switch number contained in 
2714   DFD0             ;* sys_temp2 and sys_temp3 and converts it into a more compact form of 
2715   DFD0             ;*  
2716   DFD0             ;* AAAAABBB
2717   DFD0             ;* 
2718   DFD0             ;* where AAAAA is the column number of the switch (sw 17 = 2)
2719   DFD0             ;*       BBB   is the bit position of the current switch (sw 17 = $01)
2720   DFD0             ;****************************************************************************   
2721   DFD0 96 BF       sw_pack     ldaa    sys_temp2
2722   DFD2 48                      asla    
2723   DFD3 48                      asla    
2724   DFD4 48                      asla    
2725   DFD5 D6 C0                   ldab    sys_temp3
2726   DFD7                         begin
2726   DFD7             
2727   DFD7 56                          rorb    
2728   DFD8 25 03                       bcs pack_done
2729   DFDA 4C                          inca    
2730   DFDB                         loopend
2730   DFDB             
2730   DFDB             
2730   DFDB~                        loopend
2730   DFDB~                        loopend
2730   DFDB~                        loopend
2730   DFDB             
2730   DFDB 20 FA       
2730   DFDD             
2730   DFDD~                        loopend
2730   DFDD~                        loopend
2730   DFDD             
2731   DFDD 97 C3       pack_done       staa    sw_encoded
2732   DFDF 39                      rts
2733   DFE0             
2734   DFE0             ;****************************************************************************
2735   DFE0             ;*
2736   DFE0             ;****************************************************************************               
2737   DFE0 97 C1       check_sw_open   staa    sys_temp4
2738   DFE2 DF BE                       stx sys_temp1
2739   DFE4 8D D7       next_switch     bsr getswitch               ;Clear Carry if Switch Activated
2740   DFE6 25 D2                       bcs to_ldx_rts              ;ldx $A0, rts.
2741   DFE8 8D E6                       bsr sw_pack             ;$A5(A) = ($A1<<3)+BitPos($A2) Encode Matrix Position
2742   DFEA CE 11 00                    ldx #switch_queue
2743   DFED                             begin
2743   DFED             
2744   DFED 9C B4                           cpx switch_queue_pointer
2745   DFEF 27 F3                           beq next_switch
2746   DFF1 A1 01                           cmpa    $01,X                   ;Is this switch in the buffer?
2747   DFF3                                 ifeq
2747   DFF3             
2747   DFF3 26 FE       
2748   DFF5 8D 3D                               bsr copy_word               ;Copy Word: $96--  Data,$96 -> Data,X
2749   DFF7 BD DF 6D                            jsr sw_proc
2750   DFFA 20 E8                               bra next_switch
2751   DFFC                                 endif
2751   DFFC             
2751   DFFC             
2751   DFFC             
2751   DFFC             
2751   DFFC             
2751   DFFC~                                endif
2751   DFFC~                                endif
2751   DFFC             
2751   DFFC~                                endif
2751   DFFC~                                endif
2751   DFFC             
2751   DFF4             
2751   DFF4 07          
2751   DFF5             
2751   DFF5             
2751   DFF5~                                endif
2751   DFF5~                                endif
2751   DFF5~                                endif
2751   DFF5             
2751   DFFC             
2751   DFFC~                                endif
2751   DFFC~                                endif
2751   DFFC             
2752   DFFC 08                              inx 
2753   DFFD 08                              inx 
2754   DFFE                             loopend
2754   DFFE             
2754   DFFE             
2754   DFFE~                            loopend
2754   DFFE~                            loopend
2754   DFFE~                            loopend
2754   DFFE             
2754   DFFE 20 ED       
2754   E000             
2754   E000~                            loopend
2754   E000~                            loopend
2754   E000             
2755   E000             
2756   E000             
2757   E000             ;****************************************************************************
2758   E000             ;* Looks up the trigger data (time up and time down requirements) for the
2759   E000             ;* switch contained in 'sw_encoded'. If the switch table lists the trigger
2760   E000             ;* type as 0, then the trigger data is pulled from the location in bytes
2761   E000             ;* 2 and 3 of the switch table entry.
2762   E000             ;****************************************************************************               
2763   E000 8D 1A       sw_get_time     bsr sw_tbl_lookup       ;X = Data@ (E051 + $A5*3)
2764   E002 A6 00                       ldaa    $00,X
2765   E004 84 07                       anda    #$07                ;Get the trigger type for this switch
2766   E006                             ifne                    ;If 1-7, then look up data in switch type table
2766   E006             
2766   E006 27 FE       
2767   E008 48                              asla                        
2768   E009 CE D0 64                        ldx #gr_switchtypetable-2       ;Game ROM Table: Switch Trigger Table
2769   E00C 8D 16                           bsr xplusa              ;X = X + A
2770   E00E                             else                    ;Otherwise, this switch has inline trigger data pointer
2770   E00E             
2770   E00E             
2770   E00E             
2770   E00E             
2770   E007             
2770   E007             
2770   E007             
2770   E007~                            else                    ;Otherwise, this switch has inline trigger data pointer
2770   E007~                            else                    ;Otherwise, this switch has inline trigger data pointer
2770   E007~                            else                    ;Otherwise, this switch has inline trigger data pointer
2770   E007~                            else                    ;Otherwise, this switch has inline trigger data pointer
2770   E007             
2770   E007~                            else                    ;Otherwise, this switch has inline trigger data pointer
2770   E007~                            else                    ;Otherwise, this switch has inline trigger data pointer
2770   E007~                            else                    ;Otherwise, this switch has inline trigger data pointer
2770   E007~                            else                    ;Otherwise, this switch has inline trigger data pointer
2770   E007             
2770   E007             
2770   E007 08          
2770   E00E             
2770   E00E 20 FE       
2770   E010             
2770   E010             
2770   E010             
2770   E010~                            else                    ;Otherwise, this switch has inline trigger data pointer
2770   E010~                            else                    ;Otherwise, this switch has inline trigger data pointer
2770   E010~                            else                    ;Otherwise, this switch has inline trigger data pointer
2770   E010~                            else                    ;Otherwise, this switch has inline trigger data pointer
2770   E010~                            else                    ;Otherwise, this switch has inline trigger data pointer
2770   E010             
2770   E010~                            else                    ;Otherwise, this switch has inline trigger data pointer
2770   E010~                            else                    ;Otherwise, this switch has inline trigger data pointer
2770   E010             
2770   E010~                            else                    ;Otherwise, this switch has inline trigger data pointer
2770   E010~                            else                    ;Otherwise, this switch has inline trigger data pointer
2770   E010             
2771   E010 EE 01                           ldx $01,X
2772   E012                             endif
2772   E012             
2772   E012             
2772   E012             
2772   E012             
2772   E012             
2772   E012~                            endif
2772   E012~                            endif
2772   E012             
2772   E012~                            endif
2772   E012~                            endif
2772   E012             
2772   E00F             
2772   E00F 02          
2772   E010             
2772   E010             
2772   E010~                            endif
2772   E010~                            endif
2772   E010~                            endif
2772   E010             
2772   E012             
2772   E012~                            endif
2772   E012~                            endif
2772   E012             
2773   E012 96 C2                       ldaa    sys_temp5           ;Matrix Data
2774   E014 94 C0                       anda    sys_temp3           ;Bit Position
2775   E016                             ifne
2775   E016             
2775   E016 27 FE       
2776   E018 08                              inx                 ;Point to Switch Close Trigger data instead
2777   E019                             endif
2777   E019             
2777   E019             
2777   E019             
2777   E019             
2777   E019             
2777   E019~                            endif
2777   E019~                            endif
2777   E019             
2777   E019~                            endif
2777   E019~                            endif
2777   E019             
2777   E017             
2777   E017 01          
2777   E018             
2777   E018             
2777   E018~                            endif
2777   E018~                            endif
2777   E018~                            endif
2777   E018             
2777   E019             
2777   E019~                            endif
2777   E019~                            endif
2777   E019             
2778   E019 A6 00                       ldaa    $00,X               ;Load Trigger Data
2779   E01B 39                          rts
2780   E01C                         
2781   E01C 96 C3       sw_tbl_lookup   ldaa    sw_encoded
2782   E01E 16                          tab 
2783   E01F 48                          asla                    ;Times 3 for switch table entry length
2784   E020 1B                          aba 
2785   E021 FE D0 51                    ldx gr_switchtable_ptr      ;*** Table Pointer ***
2786   E024 36          xplusa          psha    
2787   E025 DF C4                       stx sys_temp_w2
2788   E027 9B C5                       adda    sys_temp_w2+1
2789   E029 97 C5                       staa    sys_temp_w2+1
2790   E02B                             ifcs
2790   E02B             
2790   E02B 24 FE       
2791   E02D 7C 00 C4                        inc sys_temp_w2
2792   E030                             endif 
2792   E030             
2792   E030             
2792   E030             
2792   E030             
2792   E030             
2792   E030~                            endif 
2792   E030~                            endif 
2792   E030             
2792   E030~                            endif 
2792   E030~                            endif 
2792   E030             
2792   E02C             
2792   E02C 03          
2792   E02D             
2792   E02D             
2792   E02D~                            endif 
2792   E02D~                            endif 
2792   E02D~                            endif 
2792   E02D             
2792   E030             
2792   E030~                            endif 
2792   E030~                            endif 
2792   E030             
2793   E030 DE C4                       ldx sys_temp_w2
2794   E032 32                          pula    
2795   E033 39                          rts   
2796   E034             
2797   E034 DF C4       copy_word       stx sys_temp_w2
2798   E036 DE B4                       ldx switch_queue_pointer
2799   E038 09                          dex 
2800   E039 09                          dex 
2801   E03A DF B4                       stx switch_queue_pointer
2802   E03C A6 00                       ldaa    $00,X
2803   E03E E6 01                       ldab    $01,X
2804   E040 DE C4                       ldx sys_temp_w2
2805   E042 A7 00                       staa    $00,X
2806   E044 E7 01                       stab    $01,X
2807   E046 39                          rts 
2808   E047             
2809   E047             ;**************************************************
2810   E047             ;* Initializes the Virtual Machine stack. Routine
2811   E047             ;* will set up all 'next' pointers for each thread
2812   E047             ;* placeholder. The VM size is determined by the 
2813   E047             ;* settings in the game ROM. This must be balanced
2814   E047             ;* properly for each game so that the created
2815   E047             ;* threads do not clobber the cpu stack since they
2816   E047             ;* grow towards each other.
2817   E047             ;**************************************************
2818   E047 F6 D0 4B    setup_vm_stack  ldab    gr_maxthreads       ;Max Size of VM
2819   E04A CE 11 9C                    ldx #threadpool_base
2820   E04D DF CD                       stx vm_nextslot
2821   E04F                             begin
2821   E04F             
2822   E04F DF BA                           stx temp2
2823   E051 96 BB                           ldaa    temp2+1
2824   E053 8B 12                           adda    #$12
2825   E055 A7 01                           staa    $01,X
2826   E057 86 00                           ldaa    #$00
2827   E059 99 BA                           adca    temp2
2828   E05B A7 00                           staa    $00,X
2829   E05D 5A                              decb    
2830   E05E 27 04                           beq stack_done
2831   E060 EE 00                           ldx $00,X
2832   E062                             loopend
2832   E062             
2832   E062             
2832   E062~                            loopend
2832   E062~                            loopend
2832   E062~                            loopend
2832   E062             
2832   E062 20 EB       
2832   E064             
2832   E064~                            loopend
2832   E064~                            loopend
2832   E064             
2833   E064 E7 00       stack_done      stab    $00,X
2834   E066 E7 01                       stab    $01,X
2835   E068 D7 CB                       stab    vm_base
2836   E06A D7 CC                       stab    vm_base+1
2837   E06C CE 00 CB                    ldx #vm_base
2838   E06F DF D1                       stx vm_tail_thread
2839   E071 39                          rts
2840   E072             
2841   E072             ;**************************************************
2842   E072             ;* Adds B to X, Protects A
2843   E072             ;**************************************************             
2844   E072 36          xplusb          psha    
2845   E073 17                          tba 
2846   E074 8D AE                       bsr xplusa      ;X = X + A
2847   E076 32                          pula    
2848   E077 39                          rts 
2849   E078             
2850   E078             ;**************************************************
2851   E078             ;* Pulls data from CMOS location in X and X+1
2852   E078             ;* and puts it in A. X is double incremented.
2853   E078             ;*
2854   E078             ;* Requires:    X
2855   E078             ;* Protects:    B
2856   E078             ;* Output:      A
2857   E078             ;**************************************************     
2858   E078 37          cmosinc_a       pshb    
2859   E079 A6 00                       ldaa    $00,X
2860   E07B E6 01                       ldab    $01,X
2861   E07D 08                          inx 
2862   E07E 08                          inx 
2863   E07F C4 0F                       andb    #$0F
2864   E081 48                          asla    
2865   E082 48                          asla    
2866   E083 48                          asla    
2867   E084 48                          asla    
2868   E085 1B                          aba 
2869   E086 33                          pulb    
2870   E087 39                          rts
2871   E088             
2872   E088             ;**************************************************
2873   E088             ;* Pulls data from CMOS location in X and X+1
2874   E088             ;* and puts it in B. X is double incremented.
2875   E088             ;*
2876   E088             ;* Requires:    X
2877   E088             ;* Protects:    A
2878   E088             ;* Output:      B
2879   E088             ;**************************************************             
2880   E088 36          cmosinc_b       psha    
2881   E089 8D ED                       bsr cmosinc_a
2882   E08B 16                          tab 
2883   E08C 32                          pula    
2884   E08D 39                          rts
2885   E08E             
2886   E08E             ;**************************************************
2887   E08E             ;* Transfers the byte value in B to the CMOS RAM
2888   E08E             ;* location contained in X. The byte is stored in
2889   E08E             ;* two consecutive nybbles in CMOS. X is double 
2890   E08E             ;* incremented.
2891   E08E             ;*
2892   E08E             ;* Requires:    B,X
2893   E08E             ;* Protects:    A
2894   E08E             ;**************************************************
2895   E08E 36          b_cmosinc       psha    
2896   E08F 17                          tba 
2897   E090 8D 42                       bsr a_cmosinc       ;A -> CMOS,X++
2898   E092 32                          pula    
2899   E093 39                          rts 
2900   E094                         
2901   E094             ;**************************************************
2902   E094             ;* Reset Game Audits only
2903   E094             ;**************************************************         
2904   E094 CE 00 66    reset_audits    ldx #aud_reset_end-cmos_base        ;Clear RAM from 0100-0165
2905   E097 20 03                       bra clr_ram
2906   E099 CE 01 00    clr_ram_100     ldx #cmos_base
2907   E09C             clr_ram         begin
2907   E09C             
2908   E09C 6F FF                           clr $FF,X
2909   E09E 09                              dex 
2910   E09F                             eqend
2910   E09F             
2910   E09F             
2910   E09F~                            eqend
2910   E09F~                            eqend
2910   E09F~                            eqend
2910   E09F             
2910   E09F 26 FB       
2910   E0A1             
2910   E0A1~                            eqend
2910   E0A1~                            eqend
2910   E0A1             
2911   E0A1 39                          rts 
2912   E0A2             
2913   E0A2             ;**************************************************
2914   E0A2             ;* Restores Factory Settings and resets all audit 
2915   E0A2             ;* information, reloads pricing data and restores 
2916   E0A2             ;* the backup high score.
2917   E0A2             ;**************************************************         
2918   E0A2             factory_zeroaudits  
2919   E0A2 8D F5                       bsr clr_ram_100             ;Clear RAM 0100-01FF
2920   E0A4 CE 01 7D                    ldx #adj_base
2921   E0A7 DF B8                       stx temp1
2922   E0A9 CE D0 03                    ldx #gr_cmoscsum            ;Begining of Default Audit Data
2923   E0AC C6 18                       ldab    #$18
2924   E0AE 8D 59                       bsr copyblock2              ;Transfer Audit Data
2925   E0B0 C6 01                       ldab    #$01
2926   E0B2 B6 21 00                    ldaa    pia_sound_data          ;Read W29 Jumper Setting
2927   E0B5                             ifmi
2927   E0B5             
2927   E0B5 2A FE       
2928   E0B7 5C                              incb
2929   E0B8                             endif
2929   E0B8             
2929   E0B8             
2929   E0B8             
2929   E0B8             
2929   E0B8             
2929   E0B8~                            endif
2929   E0B8~                            endif
2929   E0B8             
2929   E0B8~                            endif
2929   E0B8~                            endif
2929   E0B8             
2929   E0B6             
2929   E0B6 01          
2929   E0B7             
2929   E0B7             
2929   E0B7~                            endif
2929   E0B7~                            endif
2929   E0B7~                            endif
2929   E0B7             
2929   E0B8             
2929   E0B8~                            endif
2929   E0B8~                            endif
2929   E0B8             
2930   E0B8 8D 3B                       bsr loadpricing             ;Load Pricing Data
2931   E0BA 8D 06                       bsr restore_hstd            ;Restore Backup High Score
2932   E0BC CE EE A1                    ldx #to_audadj
2933   E0BF 7E DC 0E                    jmp newthread_06            ;Push VM: Data in A,B,X,$A6,$A7,$AA=#06
2934   E0C2             
2935   E0C2             ;**************************************************
2936   E0C2             ;* Clears the CMOS High Score RAM then copies
2937   E0C2             ;* the backup high score.
2938   E0C2             ;**************************************************         
2939   E0C2 4F          restore_hstd    clra    
2940   E0C3 BD ED 6D                    jsr fill_hstd_digits            ;Fill HSTD Digits with A
2941   E0C6 CE 01 81                    ldx #adj_backuphstd
2942   E0C9 8D AD                       bsr cmosinc_a               ;CMOS,X++ -> A
2943   E0CB 16                          tab 
2944   E0CC BD DE 18                    jsr split_ab                ;Shift A<<4 B>>4
2945   E0CF CE 01 66                    ldx #aud_currenthstd            ;CMOS: Current HSTD
2946   E0D2 8D BA                       bsr b_cmosinc               ;B -> CMOS,X++
2947   E0D4             
2948   E0D4                         
2949   E0D4             ;**************************************************
2950   E0D4             ;* Transfers the byte value in A to the CMOS RAM
2951   E0D4             ;* location contained in X. The byte is stored in
2952   E0D4             ;* two consecutive nybbles in CMOS. X is double 
2953   E0D4             ;* incremented.
2954   E0D4             ;*
2955   E0D4             ;* Requires:    A,X
2956   E0D4             ;* Protects:    B
2957   E0D4             ;**************************************************         
2958   E0D4 36          a_cmosinc       psha    
2959   E0D5 A7 01                       staa    $01,X
2960   E0D7 44                          lsra    
2961   E0D8 44                          lsra    
2962   E0D9 44                          lsra    
2963   E0DA 44                          lsra    
2964   E0DB A7 00                       staa    $00,X
2965   E0DD 08                          inx 
2966   E0DE 08                          inx 
2967   E0DF 32                          pula    
2968   E0E0 39                          rts  
2969   E0E1             
2970   E0E1             ;********************************************************
2971   E0E1             ;* Copies B bytes of data from address in X(temp2) to 
2972   E0E1             ;* address in temp1
2973   E0E1             ;*
2974   E0E1             ;* Requires:    B,X,temp1
2975   E0E1             ;* Protects:    A
2976   E0E1             ;* Destroys:    B,X,temp1,temp2
2977   E0E1             ;* Output:      B = 0
2978   E0E1             ;********************************************************           
2979   E0E1 36          copyblock       psha    
2980   E0E2                             begin
2980   E0E2             
2981   E0E2 A6 00                           ldaa    $00,X
2982   E0E4 08                              inx 
2983   E0E5 DF BA                           stx temp2
2984   E0E7 DE B8                           ldx temp1
2985   E0E9 A7 00                           staa    $00,X
2986   E0EB 08                              inx 
2987   E0EC DF B8                           stx temp1
2988   E0EE DE BA                           ldx temp2
2989   E0F0 5A                              decb    
2990   E0F1                             eqend
2990   E0F1             
2990   E0F1             
2990   E0F1~                            eqend
2990   E0F1~                            eqend
2990   E0F1~                            eqend
2990   E0F1             
2990   E0F1 26 EF       
2990   E0F3             
2990   E0F3~                            eqend
2990   E0F3~                            eqend
2990   E0F3             
2991   E0F3 32                          pula    
2992   E0F4 39                          rts
2993   E0F5             
2994   E0F5             ;************************************************
2995   E0F5             ;* Copies the default pricing data block from
2996   E0F5             ;* the game ROM to CMOS RAM. Register B contains
2997   E0F5             ;* either $01 or $02 which specifies which 
2998   E0F5             ;* default table to copy based on MPU jumper W29
2999   E0F5             ;*
3000   E0F5             ;* Requires: B
3001   E0F5             ;************************************************               
3002   E0F5 F7 01 AE    loadpricing     stab    adj_pricecontrol+1      ;Get the LSB of the pricing index
3003   E0F8 CE 01 AF                    ldx #cmos_pricingbase   
3004   E0FB DF B8                       stx temp1
3005   E0FD 58                          aslb                        
3006   E0FE 17                          tba 
3007   E0FF 48                          asla    
3008   E100 1B                          aba 
3009   E101 CE D0 15                    ldx #gr_gameadjust7         ;*** Table Pointer ***
3010   E104 BD E0 24                    jsr xplusa              ;X = X + A
3011   E107 C6 06                       ldab    #$06
3012   E109 36          copyblock2      psha
3013   E10A                             begin   
3013   E10A             
3014   E10A A6 00                           ldaa    $00,X
3015   E10C 08                              inx 
3016   E10D DF BA                           stx temp2
3017   E10F DE B8                           ldx temp1
3018   E111 8D C1                           bsr a_cmosinc               ;A -> CMOS,X++
3019   E113 DF B8                           stx temp1
3020   E115 DE BA                           ldx temp2
3021   E117 5A                              decb    
3022   E118                             eqend
3022   E118             
3022   E118             
3022   E118~                            eqend
3022   E118~                            eqend
3022   E118~                            eqend
3022   E118             
3022   E118 26 F0       
3022   E11A             
3022   E11A~                            eqend
3022   E11A~                            eqend
3022   E11A             
3023   E11A 32                          pula    
3024   E11B 39                          rts
3025   E11C                         
3026   E11C             ;******************************************************
3027   E11C             ;* IRQ Routine
3028   E11C             ;*
3029   E11C             ;* This is the main timekeeping section of the code. 
3030   E11C             ;* All events are kept track of by couting the IRQ's
3031   E11C             ;* that have run.
3032   E11C             ;*
3033   E11C             ;* Tasks processed in the IRQ:
3034   E11C             ;*      
3035   E11C             ;*      Update Next Lamp
3036   E11C             ;******************************************************
3037   E11C             sys_irq_entry
3038   E11C D6 A5                       ldab    irq_counter
3039   E11E 7A 00 F5                    dec     randomseed
3040   E121 56                          rorb            ;lamp strobe is changed every other irq_counter
3041   E122                             ifcc
3041   E122             
3041   E122 25 FE       
3042   E124 7C 00 A7                        inc     lamp_index_wordx
3043   E127 96 A8                           ldaa    cur_lampstrobe
3044   E129 48                              asla  
3045   E12A                                 ifeq                ;if strobes have cycled, then reset everything
3045   E12A             
3045   E12A 26 FE       
3046   E12C 97 A7                               staa    lamp_index_wordx
3047   E12E 97 A5                               staa    irq_counter
3048   E130 97 AE                               staa    alpha_digit_cur+1
3049   E132 4C                                  inca            ;reset strobe to $01 and start again
3050   E133                                 endif
3050   E133             
3050   E133             
3050   E133             
3050   E133             
3050   E133             
3050   E133~                                endif
3050   E133~                                endif
3050   E133             
3050   E133~                                endif
3050   E133~                                endif
3050   E133             
3050   E12B             
3050   E12B 07          
3050   E12C             
3050   E12C             
3050   E12C~                                endif
3050   E12C~                                endif
3050   E12C~                                endif
3050   E12C             
3050   E133             
3050   E133~                                endif
3050   E133~                                endif
3050   E133             
3051   E133 97 A8                           staa   cur_lampstrobe
3052   E135                             endif
3052   E135             
3052   E135             
3052   E135             
3052   E135             
3052   E135             
3052   E135~                            endif
3052   E135~                            endif
3052   E135             
3052   E135~                            endif
3052   E135~                            endif
3052   E135             
3052   E123             
3052   E123 11          
3052   E124             
3052   E124             
3052   E124~                            endif
3052   E124~                            endif
3052   E124~                            endif
3052   E124             
3052   E135             
3052   E135~                            endif
3052   E135~                            endif
3052   E135             
3053   E135                             ;***********************************
3054   E135                             ;* Now we will do the displays
3055   E135                             ;***********************************
3056   E135 DE A6                       ldx     lamp_index_word         ;Reset X back to $0000
3057   E137 D6 A5                       ldab    irq_counter
3058   E139 C4 07                       andb    #$07
3059   E13B                             ifeq                ;Branch on Digits 2-8 or 10-16 (scores)
3059   E13B             
3059   E13B 26 FE       
3060   E13D 86 FF                           ldaa    #$FF
3061   E13F B7 28 02                        staa    pia_disp_seg_data
3062   E142 7F 40 00                        clr     pia_alphanum_segl_data
3063   E145 7F 40 02                        clr     pia_alphanum_segh_data
3064   E148 D6 A5                           ldab    irq_counter
3065   E14A F7 28 00                        stab    pia_disp_digit_data     ;Set the Digit 
3066   E14D 27 19                           beq     b_082
3067   E14F 7E E2 13                        jmp     skip_lots             ;short IRQ on Blanking 
3068   E152                             endif
3068   E152             
3068   E152             
3068   E152             
3068   E152             
3068   E152             
3068   E152~                            endif
3068   E152~                            endif
3068   E152             
3068   E152~                            endif
3068   E152~                            endif
3068   E152             
3068   E13C             
3068   E13C 15          
3068   E13D             
3068   E13D             
3068   E13D~                            endif
3068   E13D~                            endif
3068   E13D~                            endif
3068   E13D             
3068   E152             
3068   E152~                            endif
3068   E152~                            endif
3068   E152             
3069   E152                             ;here only when IRQ Counter != 0
3070   E152 D7 AC                       stab    swap_player_displays
3071   E154 5A                          decb  
3072   E155                             ifne   
3072   E155             
3072   E155 27 FE       
3073   E157 C0 03                           subb    #03
3074   E159 26 3D                           bne     clr_comma           ;Mask Away Comma
3075   E15B                             endif
3075   E15B             
3075   E15B             
3075   E15B             
3075   E15B             
3075   E15B             
3075   E15B~                            endif
3075   E15B~                            endif
3075   E15B             
3075   E15B~                            endif
3075   E15B~                            endif
3075   E15B             
3075   E156             
3075   E156 04          
3075   E157             
3075   E157             
3075   E157~                            endif
3075   E157~                            endif
3075   E157~                            endif
3075   E157             
3075   E15B             
3075   E15B~                            endif
3075   E15B~                            endif
3075   E15B             
3076   E15B 79 00 A9                    rol     comma_data_temp
3077   E15E 56                          rorb  
3078   E15F 79 00 A9                    rol     comma_data_temp
3079   E162 56                          rorb  
3080   E163 FA 21 02                    orab    pia_comma_data
3081   E166 20 35                       bra     sav_comma           ;Save Comma Data
3082   E168             ;Here on IRQ Counter == 0
3083   E168 7C 00 B3    b_082           inc     irqcount16
3084   E16B 78 13 9D                    asl     sparkle_rate
3085   E16E                             ifcs
3085   E16E             
3085   E16E 24 FE       
3086   E170 B6 13 9D                        ldaa    sparkle_rate
3087   E173 8A 01                           oraa    #$01
3088   E175 B7 13 9D                        staa    sparkle_rate
3089   E178                             endif               
3089   E178             
3089   E178             
3089   E178             
3089   E178             
3089   E178             
3089   E178~                            endif               
3089   E178~                            endif               
3089   E178             
3089   E178~                            endif               
3089   E178~                            endif               
3089   E178             
3089   E16F             
3089   E16F 08          
3089   E170             
3089   E170             
3089   E170~                            endif               
3089   E170~                            endif               
3089   E170~                            endif               
3089   E170             
3089   E178             
3089   E178~                            endif               
3089   E178~                            endif               
3089   E178             
3090   E178                             
3091   E178 96 7C                       ldaa    comma_flags
3092   E17A 97 A9                       staa    comma_data_temp
3093   E17C 96 78                       ldaa    dmask_p1
3094   E17E 97 AA                       staa    credp1p2_bufferselect
3095   E180 96 7A                       ldaa    dmask_alpha
3096   E182 97 AB                       staa    alpha_bufferselect
3097   E184 D6 5F                       ldab    p2_dispalt
3098   E186 79 00 AA                    rol     credp1p2_bufferselect
3099   E189                             ifcs
3099   E189             
3099   E189 24 FE       
3100   E18B D6 5F                          ldab   p2_dispalt
3101   E18D                             endif
3101   E18D             
3101   E18D             
3101   E18D             
3101   E18D             
3101   E18D             
3101   E18D~                            endif
3101   E18D~                            endif
3101   E18D             
3101   E18D~                            endif
3101   E18D~                            endif
3101   E18D             
3101   E18A             
3101   E18A 02          
3101   E18B             
3101   E18B             
3101   E18B~                            endif
3101   E18B~                            endif
3101   E18B~                            endif
3101   E18B             
3101   E18D             
3101   E18D~                            endif
3101   E18D~                            endif
3101   E18D             
3102   E18D 96 5E                       ldaa    p1_dispalt
3103   E18F 79 00 AB                    rol     alpha_bufferselect
3104   E192 24 77                       bcc     b_083
3105   E194 96 5E                       ldaa    p1_dispalt
3106   E196 20 73                       bra     b_083
3107   E198             
3108   E198                         ;***********************************
3109   E198                         ;* Clear Commas
3110   E198                         ;***********************************
3111   E198 F6 21 02    clr_comma       ldab    pia_comma_data
3112   E19B C4 3F                       andb    #$3F
3113   E19D F7 21 02    sav_comma       stab    pia_comma_data
3114   E1A0             
3115   E1A0                         ;************************************
3116   E1A0                         ;* Display Routines
3117   E1A0                         ;************************************
3118   E1A0                         ;reset displays
3119   E1A0 7F 40 00                    clr     pia_alphanum_segl_data
3120   E1A3 7F 40 02                    clr     pia_alphanum_segh_data      
3121   E1A6 86 FF                       ldaa    #$FF
3122   E1A8 B7 28 02                    staa    pia_disp_seg_data           ;clear the BCD output to display
3123   E1AB 96 A5                       ldaa    irq_counter
3124   E1AD B7 28 00                    staa    pia_disp_digit_data         ;Set the Display Digit     
3125   E1B0 A6 4C                       ldaa    score_p1_b0,X               ;Load main Score data
3126   E1B2 79 00 AA                    rol     credp1p2_bufferselect
3127   E1B5                             ifcs
3127   E1B5             
3127   E1B5 24 FE       
3128   E1B7 A6 54                           ldaa    score_p1_b1,X               ;Load secondary Score data
3129   E1B9                             endif
3129   E1B9             
3129   E1B9             
3129   E1B9             
3129   E1B9             
3129   E1B9             
3129   E1B9~                            endif
3129   E1B9~                            endif
3129   E1B9             
3129   E1B9~                            endif
3129   E1B9~                            endif
3129   E1B9             
3129   E1B6             
3129   E1B6 02          
3129   E1B7             
3129   E1B7             
3129   E1B7~                            endif
3129   E1B7~                            endif
3129   E1B7~                            endif
3129   E1B7             
3129   E1B9             
3129   E1B9~                            endif
3129   E1B9~                            endif
3129   E1B9             
3130   E1B9                             ;A now contains the value for the main score displays based on digit in irq_counter
3131   E1B9 C6 03                       ldab    #03
3132   E1BB D1 A5                       cmpb    irq_counter
3133   E1BD                             ifgt
3133   E1BD             
3133   E1BD 2F FE       
3134   E1BF 79 00 AB                        rol     alpha_bufferselect
3135   E1C2                             else
3135   E1C2             
3135   E1C2             
3135   E1C2             
3135   E1C2             
3135   E1BE             
3135   E1BE             
3135   E1BE             
3135   E1BE~                            else
3135   E1BE~                            else
3135   E1BE~                            else
3135   E1BE~                            else
3135   E1BE             
3135   E1BE~                            else
3135   E1BE~                            else
3135   E1BE~                            else
3135   E1BE~                            else
3135   E1BE             
3135   E1BE             
3135   E1BE 05          
3135   E1C2             
3135   E1C2 20 FE       
3135   E1C4             
3135   E1C4             
3135   E1C4             
3135   E1C4~                            else
3135   E1C4~                            else
3135   E1C4~                            else
3135   E1C4~                            else
3135   E1C4~                            else
3135   E1C4             
3135   E1C4~                            else
3135   E1C4~                            else
3135   E1C4             
3135   E1C4~                            else
3135   E1C4~                            else
3135   E1C4             
3136   E1C4 DE AD                           ldx     alpha_digit_cur
3137   E1C6 7C 00 AE                        inc     alpha_digit_cur+1       ;increment LSB
3138   E1C9 E6 60                           ldab    alpha_b0,X
3139   E1CB 79 00 AB                        rol     alpha_bufferselect
3140   E1CE                                 ifcs
3140   E1CE             
3140   E1CE 24 FE       
3141   E1D0 E6 6C                               ldab   alpha_b1,X
3142   E1D2                                 endif
3142   E1D2             
3142   E1D2             
3142   E1D2             
3142   E1D2             
3142   E1D2             
3142   E1D2~                                endif
3142   E1D2~                                endif
3142   E1D2             
3142   E1D2~                                endif
3142   E1D2~                                endif
3142   E1D2             
3142   E1CF             
3142   E1CF 02          
3142   E1D0             
3142   E1D0             
3142   E1D0~                                endif
3142   E1D0~                                endif
3142   E1D0~                                endif
3142   E1D0             
3142   E1D2             
3142   E1D2~                                endif
3142   E1D2~                                endif
3142   E1D2             
3143   E1D2 FE D0 61                        ldx     gr_character_defs_ptr   ;This is the index table for all characters
3144   E1D5 36                              psha  
3145   E1D6 17                              tba   
3146   E1D7 C4 3F                           andb    #$3F                ;max 3F characters in lookup table
3147   E1D9 58                              aslb  
3148   E1DA DF FE                           stx     character_ptr
3149   E1DC DB FF                           addb    character_ptr+1
3150   E1DE D7 FF                           stab    character_ptr+1
3151   E1E0                                 ifcs
3151   E1E0             
3151   E1E0 24 FE       
3152   E1E2 7C 00 FE                            inc     character_ptr
3153   E1E5                                 endif
3153   E1E5             
3153   E1E5             
3153   E1E5             
3153   E1E5             
3153   E1E5             
3153   E1E5~                                endif
3153   E1E5~                                endif
3153   E1E5             
3153   E1E5~                                endif
3153   E1E5~                                endif
3153   E1E5             
3153   E1E1             
3153   E1E1 03          
3153   E1E2             
3153   E1E2             
3153   E1E2~                                endif
3153   E1E2~                                endif
3153   E1E2~                                endif
3153   E1E2             
3153   E1E5             
3153   E1E5~                                endif
3153   E1E5~                                endif
3153   E1E5             
3154   E1E5 DE FE                           ldx     character_ptr
3155   E1E7 E6 00                           ldab    $00,X
3156   E1E9 BD E3 6A                        jsr     sparkleb
3157   E1EC F7 40 00                        stab    pia_alphanum_segl_data   ;write character data
3158   E1EF E6 01                           ldab    $01,X
3159   E1F1 85 80                           bita    #$80
3160   E1F3                                 ifne
3160   E1F3             
3160   E1F3 27 FE       
3161   E1F5 CA 40                               orab   #$40
3162   E1F7                                 endif
3162   E1F7             
3162   E1F7             
3162   E1F7             
3162   E1F7             
3162   E1F7             
3162   E1F7~                                endif
3162   E1F7~                                endif
3162   E1F7             
3162   E1F7~                                endif
3162   E1F7~                                endif
3162   E1F7             
3162   E1F4             
3162   E1F4 02          
3162   E1F5             
3162   E1F5             
3162   E1F5~                                endif
3162   E1F5~                                endif
3162   E1F5~                                endif
3162   E1F5             
3162   E1F7             
3162   E1F7~                                endif
3162   E1F7~                                endif
3162   E1F7             
3163   E1F7 85 40                           bita    #$40
3164   E1F9                                 ifne   
3164   E1F9             
3164   E1F9 27 FE       
3165   E1FB CA 80                               orab   #$80
3166   E1FD                                 endif
3166   E1FD             
3166   E1FD             
3166   E1FD             
3166   E1FD             
3166   E1FD             
3166   E1FD~                                endif
3166   E1FD~                                endif
3166   E1FD             
3166   E1FD~                                endif
3166   E1FD~                                endif
3166   E1FD             
3166   E1FA             
3166   E1FA 02          
3166   E1FB             
3166   E1FB             
3166   E1FB~                                endif
3166   E1FB~                                endif
3166   E1FB~                                endif
3166   E1FB             
3166   E1FD             
3166   E1FD~                                endif
3166   E1FD~                                endif
3166   E1FD             
3167   E1FD BD E3 6A                        jsr     sparkleb
3168   E200 F7 40 02                        stab    pia_alphanum_segh_data   ;write comma/dot data
3169   E203 32                              pula    
3170   E204                             endif
3170   E204             
3170   E204             
3170   E204             
3170   E204             
3170   E204             
3170   E204~                            endif
3170   E204~                            endif
3170   E204             
3170   E204~                            endif
3170   E204~                            endif
3170   E204             
3170   E1C3             
3170   E1C3 40          
3170   E1C4             
3170   E1C4             
3170   E1C4~                            endif
3170   E1C4~                            endif
3170   E1C4~                            endif
3170   E1C4             
3170   E204             
3170   E204~                            endif
3170   E204~                            endif
3170   E204             
3171   E204 C6 FF                       ldab    #$FF
3172   E206 76 00 AC                    ror     swap_player_displays
3173   E209                             ifcc
3173   E209             
3173   E209 25 FE       
3174   E20B 54          b_083               lsrb                        ;B BCD Values goes to high nybble
3175   E20C 54                              lsrb    
3176   E20D 54                              lsrb    
3177   E20E 54                              lsrb    
3178   E20F 84 F0                           anda    #$F0
3179   E211 20 20                           bra     disp_save                   ;save it now to PIA
3180   E213                                 
3181   E213 96 79       skip_lots           ldaa    dmask_p2
3182   E215 97 AA                           staa    credp1p2_bufferselect
3183   E217 96 7B                           ldaa    dmask_alpha+1
3184   E219 97 AB                           staa    alpha_bufferselect
3185   E21B                                 
3186   E21B 96 5D                           ldaa    p2_dispwiz
3187   E21D 79 00 AA                        rol     credp1p2_bufferselect
3188   E220                                 ifcs
3188   E220             
3188   E220 24 FE       
3189   E222 96 5F                              ldaa    p2_dispalt
3190   E224                                 endif
3190   E224             
3190   E224             
3190   E224             
3190   E224             
3190   E224             
3190   E224~                                endif
3190   E224~                                endif
3190   E224             
3190   E224~                                endif
3190   E224~                                endif
3190   E224             
3190   E221             
3190   E221 02          
3190   E222             
3190   E222             
3190   E222~                                endif
3190   E222~                                endif
3190   E222~                                endif
3190   E222             
3190   E224             
3190   E224~                                endif
3190   E224~                                endif
3190   E224             
3191   E224 D6 5C                           ldab    p1_dispwiz
3192   E226 79 00 AB                        rol     alpha_bufferselect
3193   E229                                 ifcs
3193   E229             
3193   E229 24 FE       
3194   E22B D6 5E                              ldab    p1_dispalt
3195   E22D                                 endif
3195   E22D             
3195   E22D             
3195   E22D             
3195   E22D             
3195   E22D             
3195   E22D~                                endif
3195   E22D~                                endif
3195   E22D             
3195   E22D~                                endif
3195   E22D~                                endif
3195   E22D             
3195   E22A             
3195   E22A 02          
3195   E22B             
3195   E22B             
3195   E22B~                                endif
3195   E22B~                                endif
3195   E22B~                                endif
3195   E22B             
3195   E22D             
3195   E22D~                                endif
3195   E22D~                                endif
3195   E22D             
3196   E22D                             endif
3196   E22D             
3196   E22D             
3196   E22D             
3196   E22D             
3196   E22D             
3196   E22D~                            endif
3196   E22D~                            endif
3196   E22D             
3196   E22D~                            endif
3196   E22D~                            endif
3196   E22D             
3196   E20A             
3196   E20A 22          
3196   E20B             
3196   E20B             
3196   E20B~                            endif
3196   E20B~                            endif
3196   E20B~                            endif
3196   E20B             
3196   E22D             
3196   E22D~                            endif
3196   E22D~                            endif
3196   E22D             
3197   E22D 48                          asla                        ;Show AB
3198   E22E 48                          asla    
3199   E22F 48                          asla    
3200   E230 48                          asla    
3201   E231 C4 0F                       andb    #$0F                    ;Fall through to end
3202   E233 1B          disp_save       aba 
3203   E234 B7 28 02                    staa    pia_disp_seg_data           ;Store Digit BCD Data
3204   E237                             ;***********************************
3205   E237                             ;* Done with Displays
3206   E237                             ;* Increment the IRQ counter
3207   E237                             ;***********************************
3208   E237 86 FF                       ldaa    #$FF
3209   E239 D6 A5                       ldab    irq_counter
3210   E23B 56                          rorb    
3211   E23C                             ifcc                        ;Do Lamps every other IRQ
3211   E23C             
3211   E23C 25 FE       
3212   E23E CE 24 00                        ldx #pia_lamp_row_data          ;Lamp PIA Offset
3213   E241 A7 00                           staa    $00,X                   ;Blank Lamp Rows with an $FF
3214   E243 B7 22 00                        staa    pia_sol_low_data
3215   E246 E6 03                           ldab    $03,X
3216   E248 6F 03                           clr     $03,X
3217   E24A A7 02                           staa    $02,X                   ;Blank Lamp Columns with $FF
3218   E24C E7 03                           stab    $03,X
3219   E24E 96 A8                           ldaa    cur_lampstrobe          ;Which strobe are we on
3220   E250 A7 02                           staa    $02,X                   ;Put the strobe out there
3221   E252 A1 02                           cmpa    $02,X                   ;Did it take?
3222   E254                                 ifeq
3222   E254             
3222   E254 26 FE       
3223   E256 DE A6                               ldx lamp_index_word         ;This will always be $0001-$0080, it is
3224   E258                                                             ;used to index the lamp buffer bit positions.           
3225   E258 A6 28                               ldaa    lampbufferselect,X      ;0=buffer_0 1=buffer_1
3226   E25A 16                                  tab 
3227   E25B 53                                  comb    
3228   E25C E4 10                               andb    lampbuffer0,X
3229   E25E A4 34                               anda    lampbuffer1,X
3230   E260 1B                                  aba 
3231   E261 43                                  coma    
3232   E262 B7 24 00                            staa    pia_lamp_row_data           ;Store Lamp Row Data
3233   E265             
3234   E265                                     ;* In Hyperball we have another half matrix of lamps too
3235   E265 96 A7                               ldaa    lamp_index_wordx
3236   E267 16                                  tab   
3237   E268 44                                  lsra  
3238   E269 97 A7                               staa    lamp_index_wordx
3239   E26B DE A6                               ldx     lamp_index_word
3240   E26D D7 A7                               stab    lamp_index_wordx
3241   E26F A6 30                               ldaa    lampbufferselect+8,X
3242   E271 16                                  tab   
3243   E272 53                                  comb  
3244   E273 E4 18                               andb    lampbuffer0+8,X
3245   E275 A4 3C                               anda    lampbuffer1+8,X
3246   E277 1B                                  aba   
3247   E278 43                                  coma  
3248   E279 D6 A7                               ldab    lamp_index_wordx
3249   E27B 0C                                  clc   
3250   E27C 56                                  rorb  
3251   E27D                                     ifcs
3251   E27D             
3251   E27D 24 FE       
3252   E27F 44                                      lsra  
3253   E280 44                                      lsra  
3254   E281 44                                      lsra  
3255   E282 44                                      lsra  
3256   E283                                     endif
3256   E283             
3256   E283             
3256   E283             
3256   E283             
3256   E283             
3256   E283~                                    endif
3256   E283~                                    endif
3256   E283             
3256   E283~                                    endif
3256   E283~                                    endif
3256   E283             
3256   E27E             
3256   E27E 04          
3256   E27F             
3256   E27F             
3256   E27F~                                    endif
3256   E27F~                                    endif
3256   E27F~                                    endif
3256   E27F             
3256   E283             
3256   E283~                                    endif
3256   E283~                                    endif
3256   E283             
3257   E283 84 0F                               anda  #0F
3258   E285 B7 22 00                            staa   pia_sol_low_data
3259   E288                                 endif
3259   E288             
3259   E288             
3259   E288             
3259   E288             
3259   E288             
3259   E288~                                endif
3259   E288~                                endif
3259   E288             
3259   E288~                                endif
3259   E288~                                endif
3259   E288             
3259   E255             
3259   E255 32          
3259   E256             
3259   E256             
3259   E256~                                endif
3259   E256~                                endif
3259   E256~                                endif
3259   E256             
3259   E288             
3259   E288~                                endif
3259   E288~                                endif
3259   E288             
3260   E288                             endif
3260   E288             
3260   E288             
3260   E288             
3260   E288             
3260   E288             
3260   E288~                            endif
3260   E288~                            endif
3260   E288             
3260   E288~                            endif
3260   E288~                            endif
3260   E288             
3260   E23D             
3260   E23D 4A          
3260   E23E             
3260   E23E             
3260   E23E~                            endif
3260   E23E~                            endif
3260   E23E~                            endif
3260   E23E             
3260   E288             
3260   E288~                            endif
3260   E288~                            endif
3260   E288             
3261   E288                                 
3262   E288                             ;***********************************
3263   E288                             ;* Done with Lamps
3264   E288                             ;* Increment the IRQ counter
3265   E288                             ;***********************************
3266   E288 96 A5                       ldaa    irq_counter             ;We need to increment this every time.
3267   E28A 4C                          inca    
3268   E28B 97 A5                       staa    irq_counter
3269   E28D             
3270   E28D                             ;******************************************************************
3271   E28D                             ;* Now do switches, The switch logic has a total of 5 data buffers.
3272   E28D                             ;* These are used for debouncing the switch through software. The
3273   E28D                             ;* original Level7 code used an X indexed loop to do this, which was
3274   E28D                             ;* much more compact, however because of the indexed addressing it
3275   E28D                             ;* was substantially slower, while this takes more ROM space it ends
3276   E28D                             ;* up being about 100 clock cycles faster
3277   E28D                             ;******************************************************************
3278   E28D 46                          rora    
3279   E28E                             ifcs
3279   E28E             
3279   E28E 24 FE       
3280   E290 7E E3 58                        jmp irq_sol
3281   E293                             endif
3281   E293             
3281   E293             
3281   E293             
3281   E293             
3281   E293             
3281   E293~                            endif
3281   E293~                            endif
3281   E293             
3281   E293~                            endif
3281   E293~                            endif
3281   E293             
3281   E28F             
3281   E28F 03          
3281   E290             
3281   E290             
3281   E290~                            endif
3281   E290~                            endif
3281   E290~                            endif
3281   E290             
3281   E293             
3281   E293~                            endif
3281   E293~                            endif
3281   E293             
3282   E293 86 01                       ldaa    #$01
3283   E295 B7 30 02                    staa    pia_switch_strobe_data      ;Store Switch Column Drives
3284   E298                                         
3285   E298 96 7D                       ldaa    switch_debounced
3286   E29A B8 30 00                    eora    pia_switch_return_data      ;Switch Row Return Data
3287   E29D 16                          tab 
3288   E29E 94 85                       anda    switch_masked
3289   E2A0 9A 8D                       oraa    switch_pending
3290   E2A2 97 8D                       staa    switch_pending
3291   E2A4 D7 85                       stab    switch_masked
3292   E2A6 53                          comb    
3293   E2A7 D4 8D                       andb    switch_pending
3294   E2A9 DA 95                       orab    switch_aux
3295   E2AB D7 95                       stab    switch_aux
3296   E2AD 78 30 02                    asl pia_switch_strobe_data      ;Shift to Next Column Drive
3297   E2B0 96 7E                       ldaa    switch_debounced+1
3298   E2B2 B8 30 00                    eora    pia_switch_return_data      ;Switch Row Return Data
3299   E2B5 16                          tab 
3300   E2B6 94 86                       anda    switch_masked+1
3301   E2B8 9A 8E                       oraa    switch_pending+1
3302   E2BA 97 8E                       staa    switch_pending+1
3303   E2BC D7 86                       stab    switch_masked+1
3304   E2BE 53                          comb    
3305   E2BF D4 8E                       andb    switch_pending+1
3306   E2C1 DA 96                       orab    switch_aux+1
3307   E2C3 D7 96                       stab    switch_aux+1
3308   E2C5 78 30 02                    asl pia_switch_strobe_data      ;Shift to Next Column Drive
3309   E2C8 96 7F                       ldaa    switch_debounced+2
3310   E2CA B8 30 00                    eora    pia_switch_return_data      ;Switch Row Return Data
3311   E2CD 16                          tab 
3312   E2CE 94 87                       anda    switch_masked+2
3313   E2D0 9A 8F                       oraa    switch_pending+2
3314   E2D2 97 8F                       staa    switch_pending+2
3315   E2D4 D7 87                       stab    switch_masked+2
3316   E2D6 53                          comb    
3317   E2D7 D4 8F                       andb    switch_pending+2
3318   E2D9 DA 97                       orab    switch_aux+2
3319   E2DB D7 97                       stab    switch_aux+2
3320   E2DD 78 30 02                    asl pia_switch_strobe_data      ;Shift to Next Column Drive
3321   E2E0 96 80                       ldaa    switch_debounced+3
3322   E2E2 B8 30 00                    eora    pia_switch_return_data      ;Switch Row Return Data
3323   E2E5 16                          tab 
3324   E2E6 94 88                       anda    switch_masked+3
3325   E2E8 9A 90                       oraa    switch_pending+3
3326   E2EA 97 90                       staa    switch_pending+3
3327   E2EC D7 88                       stab    switch_masked+3
3328   E2EE 53                          comb    
3329   E2EF D4 90                       andb    switch_pending+3
3330   E2F1 DA 98                       orab    switch_aux+3
3331   E2F3 D7 98                       stab    switch_aux+3
3332   E2F5 78 30 02                    asl pia_switch_strobe_data      ;Shift to Next Column Drive
3333   E2F8 96 81                       ldaa    switch_debounced+4
3334   E2FA B8 30 00                    eora    pia_switch_return_data      ;Switch Row Return Data
3335   E2FD 16                          tab 
3336   E2FE 94 89                       anda    switch_masked+4
3337   E300 9A 91                       oraa    switch_pending+4
3338   E302 97 91                       staa    switch_pending+4
3339   E304 D7 89                       stab    switch_masked+4
3340   E306 53                          comb    
3341   E307 D4 91                       andb    switch_pending+4
3342   E309 DA 99                       orab    switch_aux+4
3343   E30B D7 99                       stab    switch_aux+4
3344   E30D 78 30 02                    asl pia_switch_strobe_data      ;Shift to Next Column Drive
3345   E310 96 82                       ldaa    switch_debounced+5
3346   E312 B8 30 00                    eora    pia_switch_return_data      ;Switch Row Return Data
3347   E315 16                          tab 
3348   E316 94 8A                       anda    switch_masked+5
3349   E318 9A 92                       oraa    switch_pending+5
3350   E31A 97 92                       staa    switch_pending+5
3351   E31C D7 8A                       stab    switch_masked+5
3352   E31E 53                          comb    
3353   E31F D4 92                       andb    switch_pending+5
3354   E321 DA 9A                       orab    switch_aux+5
3355   E323 D7 9A                       stab    switch_aux+5
3356   E325 78 30 02                    asl     pia_switch_strobe_data      ;Shift to Next Column Drive
3357   E328 96 83                       ldaa    switch_debounced+6
3358   E32A B8 30 00                    eora    pia_switch_return_data      ;Switch Row Return Data
3359   E32D 16                          tab 
3360   E32E 94 8B                       anda    switch_masked+6
3361   E330 9A 93                       oraa    switch_pending+6
3362   E332 97 93                       staa    switch_pending+6
3363   E334 D7 8B                       stab    switch_masked+6
3364   E336 53                          comb    
3365   E337 D4 93                       andb    switch_pending+6
3366   E339 DA 9B                       orab    switch_aux+6
3367   E33B D7 9B                       stab    switch_aux+6
3368   E33D 78 30 02                    asl     pia_switch_strobe_data      ;Shift to Next Column Drive
3369   E340 96 84                       ldaa    switch_debounced+7
3370   E342 B8 30 00                    eora    pia_switch_return_data      ;Switch Row Return Data
3371   E345 16                          tab 
3372   E346 94 8C                       anda    switch_masked+7
3373   E348 9A 94                       oraa    switch_pending+7
3374   E34A 97 94                       staa    switch_pending+7
3375   E34C D7 8C                       stab    switch_masked+7
3376   E34E 53                          comb    
3377   E34F D4 94                       andb    switch_pending+7
3378   E351 DA 9C                       orab    switch_aux+7
3379   E353 D7 9C                       stab    switch_aux+7
3380   E355 78 30 02                    asl pia_switch_strobe_data      ;Shift to Next Column Drive
3381   E358                             ;***********************************
3382   E358                             ;* Now do solenoids
3383   E358                             ;***********************************
3384   E358 96 B2       irq_sol         ldaa    solenoid_counter            ;Solenoid Counter
3385   E35A                             ifne
3385   E35A             
3385   E35A 27 FE       
3386   E35C 7A 00 B2                        dec solenoid_counter            ;Solenoid Counter
3387   E35F                                 ifeq
3387   E35F             
3387   E35F 26 FE       
3388   E361 DE AF                               ldx solenoid_address
3389   E363 A6 00                               ldaa    $00,X
3390   E365 98 B1                               eora    solenoid_bitpos
3391   E367 A7 00                               staa    $00,X
3392   E369                                 endif
3392   E369             
3392   E369             
3392   E369             
3392   E369             
3392   E369             
3392   E369~                                endif
3392   E369~                                endif
3392   E369             
3392   E369~                                endif
3392   E369~                                endif
3392   E369             
3392   E360             
3392   E360 08          
3392   E361             
3392   E361             
3392   E361~                                endif
3392   E361~                                endif
3392   E361~                                endif
3392   E361             
3392   E369             
3392   E369~                                endif
3392   E369~                                endif
3392   E369             
3393   E369                             endif
3393   E369             
3393   E369             
3393   E369             
3393   E369             
3393   E369             
3393   E369~                            endif
3393   E369~                            endif
3393   E369             
3393   E369~                            endif
3393   E369~                            endif
3393   E369             
3393   E35B             
3393   E35B 0D          
3393   E35C             
3393   E35C             
3393   E35C~                            endif
3393   E35C~                            endif
3393   E35C~                            endif
3393   E35C             
3393   E369             
3393   E369~                            endif
3393   E369~                            endif
3393   E369             
3394   E369 3B                          rti
3395   E36A             
3396   E36A             ;*************************************************************************
3397   E36A             ;* End IRQ
3398   E36A             ;*************************************************************************
3399   E36A 37          sparkleb        pshb
3400   E36B D6 1C                       ldab     bitflags
3401   E36D 57                          asrb
3402   E36E 33                          pulb
3403   E36F                             ifcs
3403   E36F             
3403   E36F 24 FE       
3404   E371                                 ;sparkle is on. modify b
3405   E371 F4 13 9D                        andb    sparkle_rate
3406   E374                             endif
3406   E374             
3406   E374             
3406   E374             
3406   E374             
3406   E374             
3406   E374~                            endif
3406   E374~                            endif
3406   E374             
3406   E374~                            endif
3406   E374~                            endif
3406   E374             
3406   E370             
3406   E370 03          
3406   E371             
3406   E371             
3406   E371~                            endif
3406   E371~                            endif
3406   E371~                            endif
3406   E371             
3406   E374             
3406   E374~                            endif
3406   E374~                            endif
3406   E374             
3407   E374 39                          rts
3408   E375             
3409   E375             ;*************************************************************************
3410   E375             ;* PIA Data Direction Register Data - Loaded on Initialization
3411   E375             ;*************************************************************************
3412   E375 7F 3E C0 3E pia_ddr_data    .db $7F,$3E,$C0,$3E ;$2100 - Sound PIA
3413   E379 FF 3C FF 34                 .db $FF,$3C,$FF,$34 ;$2200 - Solenoid PIA
3414   E37D FF 3C FF 3C                 .db $FF,$3C,$FF,$3C ;$2400 - Lamp PIA
3415   E381 FF 3C FF 3C                 .db $FF,$3C,$FF,$3C ;$2800 - Display PIA
3416   E385 00 3C FF 3C                 .db $00,$3C,$FF,$3C ;$3000 - Switch PIA
3417   E389 FF 3C FF 3C                 .db $FF,$3C,$FF,$3C ;$4000 - Alpha PIA
3418   E38D             
3419   E38D 00 10       lampbuffers     .dw lampbuffer0     ;Lower Buffer for 1X Commands, $40 Flag Clear
3420   E38F 00 1C                       .dw bitflags        ;Upper Buffer for 1X Commands, $40 Flag Set
3421   E391 00 34                       .dw lampbuffer1     ;Lower Buffer for 2X Commands, $40 Flag Clear
3422   E393 00 28                       .dw lampbufferselect    ;Upper Buffer for 2X Commands, $40 Flag Set
3423   E395             
3424   E395             ;*************************************************************************
3425   E395             ;* Turn On Lamp: Lamp number is in A (packed format). This can also be 
3426   E395             ;*               used to set a bitflag.
3427   E395             ;*************************************************************************
3428   E395 DF BC       lamp_on         stx temp3
3429   E397 CE 00 10    lamp_onx        ldx #lampbuffer0            ;Set up correct index to lampbuffer
3430   E39A 37          lamp_or         pshb    
3431   E39B 8D 79                       bsr unpack_byte             
3432   E39D 37                          pshb                        ;B now contains the bitpos
3433   E39E EA 00                       orab    $00,X
3434   E3A0 E7 00       lamp_commit     stab    $00,X                   ;turn it on
3435   E3A2 DF BA                       stx temp2
3436   E3A4 D6 BB                       ldab    temp2+1             ;was item worked on within lampbuffer0
3437   E3A6 C1 1C                       cmpb    #(bitflags)&$FF         ;compare index against start of bitflags
3438   E3A8 33                          pulb    
3439   E3A9 24 05                       bcc lamp_done
3440   E3AB 53                          comb                        ;If we are here, then we must switch buffers.
3441   E3AC E4 30                       andb    lampbufferselect+8,X     ;We are now on buffer 0
3442   E3AE E7 30                       stab    lampbufferselect+8,X
3443   E3B0 33          lamp_done       pulb    
3444   E3B1 DE BC                       ldx temp3
3445   E3B3 39                          rts
3446   E3B4             
3447   E3B4             ;*************************************************************************
3448   E3B4             ;* Turn Off Lamp: Lamp number is in A (packed format). This can also be 
3449   E3B4             ;*               used to clear a bitflag.
3450   E3B4             ;*************************************************************************          
3451   E3B4 DF BC       lamp_off        stx temp3
3452   E3B6 CE 00 10    lamp_offx       ldx #lampbuffer0
3453   E3B9 37          lamp_and        pshb    
3454   E3BA 8D 5A                       bsr unpack_byte             ;seperate into X and B
3455   E3BC 37                          pshb    
3456   E3BD 53                          comb    
3457   E3BE E4 00                       andb    $00,X
3458   E3C0 20 DE                       bra lamp_commit
3459   E3C2             
3460   E3C2             ;*************************************************************************
3461   E3C2             ;* Sets a Lamp to 'flashing' state
3462   E3C2             ;*************************************************************************          
3463   E3C2 DF BC       lamp_flash      stx temp3
3464   E3C4 CE 00 40                    ldx #lampflashflag
3465   E3C7 20 D1                       bra lamp_or
3466   E3C9             
3467   E3C9             ;*************************************************************************
3468   E3C9             ;* Toggle Lamp from existing state. This may be used on bitflags as well.
3469   E3C9             ;*************************************************************************          
3470   E3C9 DF BC       lamp_invert     stx temp3
3471   E3CB CE 00 10                    ldx #lampbuffer0
3472   E3CE 37          lamp_eor        pshb    
3473   E3CF 8D 45                       bsr unpack_byte             ;(X = X + A>>3), B = (bitpos(A&07))
3474   E3D1 E8 00                       eorb    $00,X
3475   E3D3 E7 00                       stab    $00,X
3476   E3D5 20 D9                       bra lamp_done               ;Leave now
3477   E3D7                             
3478   E3D7 DF BC       bsel_on         stx temp3
3479   E3D9 CE 00 28                    ldx #lampbufferselect
3480   E3DC 20 BC                       bra lamp_or
3481   E3DE             
3482   E3DE DF BC       bsel_off        stx temp3
3483   E3E0 CE 00 28                    ldx #lampbufferselect
3484   E3E3 20 D4                       bra lamp_and
3485   E3E5             
3486   E3E5 DF BC       bsel_invert     stx temp3
3487   E3E7 CE 00 28                    ldx #lampbufferselect
3488   E3EA 20 E2                       bra lamp_eor
3489   E3EC             
3490   E3EC DF BC       lamp_on_1       stx temp3
3491   E3EE CE 00 34    lamp_on_1x      ldx #lampbuffer1
3492   E3F1 20 A7                       bra lamp_or
3493   E3F3             
3494   E3F3 DF BC       lamp_off_1      stx temp3
3495   E3F5 CE 00 34    lamp_off_1x     ldx #lampbuffer1
3496   E3F8 20 BF                       bra lamp_and
3497   E3FA             
3498   E3FA DF BC       lamp_invert_1   stx temp3
3499   E3FC CE 00 34                    ldx #lampbuffer1
3500   E3FF 20 CD                       bra lamp_eor
3501   E401                         
3502   E401 DF BC       bit_on          stx temp3
3503   E403 CE 00 1C                    ldx #bitflags
3504   E406 20 92                       bra lamp_or
3505   E408             
3506   E408 DF BC       bit_off         stx temp3
3507   E40A CE 00 1C                    ldx #bitflags
3508   E40D 20 AA                       bra lamp_and
3509   E40F             
3510   E40F DF BC       bit_invert      stx temp3
3511   E411 CE 00 1C                    ldx #bitflags
3512   E414 20 B8                       bra lamp_eor
3513   E416             
3514   E416             ;*********************************************************
3515   E416             ;* Converts Packed Byte data into an Index in X and a
3516   E416             ;* bitpos in B
3517   E416             ;*
3518   E416             ;* Packed Data Format: IIII IBBB
3519   E416             ;*
3520   E416             ;*  Where IIIII is the index to the lamp buffers.
3521   E416             ;*    Values between 
3522   E416             ;*      0-7     lampbuffer0
3523   E416             ;*      7-15    
3524   E416             ;*********************************************************  
3525   E416 36          unpack_byte     psha    
3526   E417 44                          lsra    
3527   E418 44                          lsra    
3528   E419 44                          lsra    
3529   E41A BD E0 24                    jsr xplusa              ;X = X + A
3530   E41D 32                          pula    
3531   E41E 7E DC CF                    jmp hex2bitpos              ;Convert Hex (A&07) into bitpos (B)
3532   E421             
3533   E421             ;***************************************************************
3534   E421             ;* Lamp Range Manipulation Code Start Here
3535   E421             ;***************************************************************
3536   E421             ;Clears all lamps in specified buffer, sets active buffer to 0      
3537   E421 8D 71       lampm_clr0      bsr lampr_start             ;A=Current State,B=Bitpos,X=Lamp Byte Postion
3538   E423                             begin
3538   E423             
3539   E423 17                              tba 
3540   E424 43                              coma    
3541   E425 A4 00                           anda    $00,X
3542   E427 8D 07                           bsr lampm_buf0          ;Set Lamp to Buffer 0
3543   E429 BD E4 CF                        jsr lamp_left           ;Shift Lamp Bit Left, De-increment Lamp Counter, Write it
3544   E42C                             csend                       ;Loop it!
3544   E42C             
3544   E42C             
3544   E42C~                            csend                       ;Loop it!
3544   E42C~                            csend                       ;Loop it!
3544   E42C~                            csend                       ;Loop it!
3544   E42C             
3544   E42C 24 F5       
3544   E42E             
3544   E42E~                            csend                       ;Loop it!
3544   E42E~                            csend                       ;Loop it!
3544   E42E             
3545   E42E 20 5D                       bra abx_ret
3546   E430             
3547   E430 A7 00       lampm_buf0      staa    $00,X
3548   E432 DF BA                       stx temp2
3549   E434 96 BB                       ldaa    temp2+1
3550   E436 81 1C                       cmpa    #$1C                    ;If we are not using Buffer $0010 then skip this
3551   E438                             ifcs
3551   E438             
3551   E438 24 FE       
3552   E43A 17                              tba 
3553   E43B 43                              coma    
3554   E43C A4 30                           anda    lampbufferselect+8,X
3555   E43E A7 30                           staa    lampbufferselect+8,X
3556   E440                             endif
3556   E440             
3556   E440             
3556   E440             
3556   E440             
3556   E440             
3556   E440~                            endif
3556   E440~                            endif
3556   E440             
3556   E440~                            endif
3556   E440~                            endif
3556   E440             
3556   E439             
3556   E439 06          
3556   E43A             
3556   E43A             
3556   E43A~                            endif
3556   E43A~                            endif
3556   E43A~                            endif
3556   E43A             
3556   E440             
3556   E440~                            endif
3556   E440~                            endif
3556   E440             
3557   E440 39                          rts  
3558   E441             
3559   E441             ;Invert entire range
3560   E441 8D 51       lampm_f         bsr lampr_start             ;A=Current State,B=Bitpos,X=Lamp Byte Postion
3561   E443                             begin
3561   E443             
3562   E443 17                              tba 
3563   E444 A8 00                           eora    $00,X
3564   E446 A7 00                           staa    $00,X
3565   E448 BD E4 CF                        jsr lamp_left               ;Shift Lamp Bit Left, De-increment Lamp Counter, Write it
3566   E44B                             csend
3566   E44B             
3566   E44B             
3566   E44B~                            csend
3566   E44B~                            csend
3566   E44B~                            csend
3566   E44B             
3566   E44B 24 F6       
3566   E44D             
3566   E44D~                            csend
3566   E44D~                            csend
3566   E44D             
3567   E44D 20 3E                       bra abx_ret
3568   E44F             
3569   E44F             ;This is unused in the macros. You must call it directly at $F1D5
3570   E44F             ;The behavior of this command is probably the most complex. It 
3571   E44F             ;starts at the last lamp in the range. If it is already set, then
3572   E44F             ;the routine simply exits. If the last lamp is not set, the routine
3573   E44F             ;goes down through each lamp in the range. If if finds a lamp on,
3574   E44F             ;then it turns off that lamp, then goes back up to the next lamp
3575   E44F             ;and turns it on. If no lamps are on in the range, then the first
3576   E44F             ;lamp in the range is turned on.
3577   E44F             ;The best example of this routine is for the 10-20-30 lamps on 
3578   E44F             ;Jungle Lord. It will simply incrment the 10-20-30 lamps sequentially
3579   E44F             ;and then stop at 30. If none are on, then it will turn on 10.
3580   E44F             lampm_g             
3581   E44F 8D 4F                       bsr lampr_end               ;A = Last Lamp Level, B = Last Lamp BitPos
3582   E451 26 3A                       bne abx_ret
3583   E453                             begin
3583   E453             
3584   E453 BD E4 DE                        jsr lamp_right              ;Shift Lamp Bit Right, De-increment Lamp Counter, Write it
3585   E456 25 08                           bcs b_098
3586   E458                             neend
3586   E458             
3586   E458             
3586   E458~                            neend
3586   E458~                            neend
3586   E458~                            neend
3586   E458             
3586   E458 27 F9       
3586   E45A             
3586   E45A~                            neend
3586   E45A~                            neend
3586   E45A             
3587   E45A 17                          tba 
3588   E45B 43                          coma    
3589   E45C A4 00                       anda    $00,X
3590   E45E A7 00                       staa    $00,X
3591   E460 8D 6D       b_098           bsr lamp_left               ;Shift Lamp Bit Left, De-increment Lamp Counter, Write it
3592   E462 EA 00       b_09A           orab    $00,X
3593   E464 E7 00                       stab    $00,X
3594   E466 20 25                       bra abx_ret
3595   E468             
3596   E468             ;***************************************************
3597   E468             ;* Goes through range bits from low to high and
3598   E468             ;* finds first cleared bit, sets it and exits.  
3599   E468             ;***************************************************    
3600   E468 8D 2A       lampm_a         bsr lampr_start             ;A=Current State,B=Bitpos,X=Lamp Byte Postion
3601   E46A                             begin
3601   E46A             
3602   E46A 27 F6                           beq b_09A
3603   E46C 8D 61                           bsr lamp_left               ;Shift Lamp Bit Left, De-increment Lamp Counter, Write it
3604   E46E 25 1D                           bcs abx_ret             ;Return if we have reached end lamp
3605   E470                             loopend
3605   E470             
3605   E470             
3605   E470~                            loopend
3605   E470~                            loopend
3605   E470~                            loopend
3605   E470             
3605   E470 20 F8       
3605   E472             
3605   E472~                            loopend
3605   E472~                            loopend
3605   E472             
3606   E472             
3607   E472             ;***************************************************
3608   E472             ;* Goes through range bits from low to high and
3609   E472             ;* finds first cleared bit, sets it and exits. If 
3610   E472             ;* all bits in range are already set, then routine 
3611   E472             ;* clears all bits in range.
3612   E472             ;***************************************************            
3613   E472 8D 20       lampm_b         bsr lampr_start             ;A=Current State,B=Bitpos,X=Lamp Byte Postion
3614   E474                             begin
3614   E474             
3615   E474 27 EC                           beq b_09A
3616   E476 8D 57                           bsr lamp_left               ;Shift Lamp Bit Left, De-increment Lamp Counter, Write it
3617   E478                             csend
3617   E478             
3617   E478             
3617   E478~                            csend
3617   E478~                            csend
3617   E478~                            csend
3617   E478             
3617   E478 24 FA       
3617   E47A             
3617   E47A~                            csend
3617   E47A~                            csend
3617   E47A             
3618   E47A DE BC                       ldx temp3
3619   E47C 96 BE                       ldaa    sys_temp1
3620   E47E D6 BF                       ldab    sys_temp2
3621   E480 20 9F                       bra lampm_clr0              ;Turn OFF All lamps in Range
3622   E482             
3623   E482             ;Sets all lamp bits specified buffer, sets active buffer to 0 if action is on buffer 0          
3624   E482 8D 10       lampm_set0      bsr lampr_start             ;A=Current State,B=Bitpos,X=Lamp Byte Postion
3625   E484                             begin
3625   E484             
3626   E484 17                              tba 
3627   E485 AA 00                           oraa    $00,X
3628   E487 8D A7                           bsr lampm_buf0          ;Set Lamp to Buffer 0
3629   E489 8D 44                           bsr lamp_left           ;Shift Lamp Bit Left, De-increment Lamp Counter, Write it
3630   E48B                             csend
3630   E48B             
3630   E48B             
3630   E48B~                            csend
3630   E48B~                            csend
3630   E48B~                            csend
3630   E48B             
3630   E48B 24 F7       
3630   E48D             
3630   E48D~                            csend
3630   E48D~                            csend
3630   E48D             
3631   E48D 96 BE       abx_ret         ldaa    sys_temp1
3632   E48F D6 BF                       ldab    sys_temp2
3633   E491 DE BC                       ldx temp3
3634   E493 39                          rts  
3635   E494             
3636   E494             ;************************************************************
3637   E494             ;* Lamp Group Routines: This take care of manipulating
3638   E494             ;*                      a collection of sequential lamps
3639   E494             ;*                      to create various lighting effects.
3640   E494             ;************************************************************
3641   E494             ;* Loads the Lamp Group data
3642   E494             ;*
3643   E494             ;* sys_temp3 = start lamp
3644   E494             ;* sys_temp4 = end lamp
3645   E494             ;* A = XX-YYYYY: XX = Buffer Selection, YYYYY = Lamp Group
3646   E494             ;* B = Bitpos
3647   E494             ;* X = Selected Buffer Address
3648   E494             ;*
3649   E494             ;************************************           
3650   E494 BD E4 A6    lampr_start     jsr lampr_setup             ;Set up Lamp: $A2=start $A3=last B=Bitpos X=Buffer
3651   E497 96 C0                       ldaa    sys_temp3               ;Starting lamp in range
3652   E499 BD E4 16    lr_ret          jsr unpack_byte             ;(X = X + A>>3), B = (bitpos(A&07))
3653   E49C 17                          tba 
3654   E49D A4 00                       anda    $00,X
3655   E49F 39                          rts  
3656   E4A0             
3657   E4A0 8D 04       lampr_end       bsr lampr_setup             ;Set up Lamp: $A2=start $A3=last B=Bitpos X=Buffer
3658   E4A2 96 C1                       ldaa    sys_temp4               ;End Lamp In range
3659   E4A4 20 F3                       bra lr_ret
3660   E4A6                         
3661   E4A6 DF BC       lampr_setup     stx temp3
3662   E4A8 97 BE                       staa    sys_temp1
3663   E4AA D7 BF                       stab    sys_temp2
3664   E4AC FE D0 4F                    ldx gr_lamptable_ptr            ;Game ROM: Lamp Range Table
3665   E4AF 16                          tab 
3666   E4B0 58                          aslb    
3667   E4B1 C4 7F                       andb    #$7F
3668   E4B3 BD E0 72                    jsr xplusb
3669   E4B6 EE 00                       ldx $00,X                   ;Get the start lamp
3670   E4B8 DF C0                       stx sys_temp3               ;Save Lamp Range
3671   E4BA CE E3 8D                    ldx #lampbuffers            ;Lamp Buffer Locations, shifts bits 6+7 around into 1+2
3672   E4BD 49                          rola    
3673   E4BE 49                          rola    
3674   E4BF 49                          rola    
3675   E4C0 48                          asla    
3676   E4C1 84 07                       anda    #$07
3677   E4C3 BD E0 24                    jsr xplusa              ;X = X + A
3678   E4C6 EE 00                       ldx $00,X                   ;Get the Buffer Pointer Specified
3679   E4C8 D6 C1                       ldab    sys_temp4
3680   E4CA D0 C0                       subb    sys_temp3
3681   E4CC D7 B8                       stab    temp1                   ;Store how many lamps affected
3682   E4CE 39                          rts  
3683   E4CF             
3684   E4CF             ;*************************************************************
3685   E4CF             ;* Moves current lamp bit up one bit. If shifted off end of 
3686   E4CF             ;* current lamp buffer byte, then byte is incremented and bit
3687   E4CF             ;* is reset to $01.
3688   E4CF             ;*************************************************************          
3689   E4CF 58          lamp_left       aslb                    ;shift it
3690   E4D0                             ifcs                    ;did it go off end
3690   E4D0             
3690   E4D0 24 FE       
3691   E4D2 59                              rolb                    ;yes, rolb to #$01
3692   E4D3 08                              inx                 ;increment the byte position
3693   E4D4                             endif
3693   E4D4             
3693   E4D4             
3693   E4D4             
3693   E4D4             
3693   E4D4             
3693   E4D4~                            endif
3693   E4D4~                            endif
3693   E4D4             
3693   E4D4~                            endif
3693   E4D4~                            endif
3693   E4D4             
3693   E4D1             
3693   E4D1 02          
3693   E4D2             
3693   E4D2             
3693   E4D2~                            endif
3693   E4D2~                            endif
3693   E4D2~                            endif
3693   E4D2             
3693   E4D4             
3693   E4D4~                            endif
3693   E4D4~                            endif
3693   E4D4             
3694   E4D4 96 B8       ls_ret          ldaa    temp1               ;load up the original lamp counter until end lamp
3695   E4D6 80 01                       suba    #$01                ;take one off
3696   E4D8 97 B8                       staa    temp1               ;store it again
3697   E4DA 17                          tba                 ;get the bit back again
3698   E4DB A4 00                       anda    $00,X               ;AND accum A with current buffer location
3699   E4DD 39                          rts 
3700   E4DE             
3701   E4DE             ;*************************************************************
3702   E4DE             ;* Moves current lamp bit down one bit. If shifted off start of 
3703   E4DE             ;* current lamp buffer byte, then byte is deincremented and bit
3704   E4DE             ;* is reset to #$80
3705   E4DE             ;*************************************************************          
3706   E4DE 54          lamp_right      lsrb    
3707   E4DF 24 F3                       bcc ls_ret
3708   E4E1 56                          rorb    
3709   E4E2 09                          dex 
3710   E4E3 20 EF                       bra ls_ret
3711   E4E5             
3712   E4E5             ;***************************************************
3713   E4E5             ;* Goes through range bits from high to low, routine
3714   E4E5             ;* finds first bit in range that is set and clears
3715   E4E5             ;* it and then exits.
3716   E4E5             ;***************************************************            
3717   E4E5 8D B9       lampm_c         bsr lampr_end               ;A=Current State,B=Bitpos,X=Lamp Byte Postion
3718   E4E7             lm_test         ifeq
3718   E4E7             
3718   E4E7 26 FE       
3719   E4E9 8D F3                           bsr lamp_right              ;Shift Lamp Bit Right, De-increment Lamp Counter, Write it
3720   E4EB 24 FA                           bcc lm_test
3721   E4ED 20 9E                           bra abx_ret
3722   E4EF                             endif
3722   E4EF             
3722   E4EF             
3722   E4EF             
3722   E4EF             
3722   E4EF             
3722   E4EF~                            endif
3722   E4EF~                            endif
3722   E4EF             
3722   E4EF~                            endif
3722   E4EF~                            endif
3722   E4EF             
3722   E4E8             
3722   E4E8 06          
3722   E4E9             
3722   E4E9             
3722   E4E9~                            endif
3722   E4E9~                            endif
3722   E4E9~                            endif
3722   E4E9             
3722   E4EF             
3722   E4EF~                            endif
3722   E4EF~                            endif
3722   E4EF             
3723   E4EF 53                          comb    
3724   E4F0 E4 00                       andb    $00,X
3725   E4F2 E7 00                       stab    $00,X
3726   E4F4 20 97                       bra abx_ret
3727   E4F6             
3728   E4F6             ;Rotate Up          
3729   E4F6 8D 9C       lampm_e         bsr lampr_start             ;A=Current State,B=Bitpos,X=Lamp Byte Postion
3730   E4F8 DF BA                       stx temp2
3731   E4FA D7 B9                       stab    temp1+1
3732   E4FC                             begin
3732   E4FC             
3733   E4FC 97 C2                           staa    sys_temp5
3734   E4FE 8D CF                           bsr lamp_left               ;Shift Lamp Bit Left, De-increment Lamp Counter, Write it
3735   E500 25 04                           bcs b_0A2                   ;Branch if we are at the end of the range
3736   E502 8D 1A                           bsr b_0A3
3737   E504                             loopend
3737   E504             
3737   E504             
3737   E504~                            loopend
3737   E504~                            loopend
3737   E504~                            loopend
3737   E504             
3737   E504 20 F6       
3737   E506             
3737   E506~                            loopend
3737   E506~                            loopend
3737   E506             
3738   E506                         
3739   E506 DE BA       b_0A2           ldx temp2                   ;Get the last Byte location
3740   E508 D6 B9                       ldab    temp1+1             ;Get the last Bitpos
3741   E50A 8D 12                       bsr b_0A3
3742   E50C 20 38                       bra to_abx_ret
3743   E50E             
3744   E50E             ;Rotate Down            
3745   E50E 8D 90       lampm_d         bsr lampr_end               ;A = Last Lamp Level, B = Last Lamp BitPos
3746   E510 DF BA                       stx temp2
3747   E512 D7 B9                       stab    temp1+1
3748   E514                             begin
3748   E514             
3749   E514 97 C2                           staa    sys_temp5
3750   E516 8D C6                           bsr lamp_right              ;Shift Lamp Bit Right, De-increment Lamp Counter, Write it
3751   E518 25 EC                           bcs b_0A2
3752   E51A 8D 02                           bsr b_0A3
3753   E51C                             loopend
3753   E51C             
3753   E51C             
3753   E51C~                            loopend
3753   E51C~                            loopend
3753   E51C~                            loopend
3753   E51C             
3753   E51C 20 F6       
3753   E51E             
3753   E51E~                            loopend
3753   E51E~                            loopend
3753   E51E             
3754   E51E             
3755   E51E 36          b_0A3           psha                    
3756   E51F 17                          tba                 ;B has the bitpos
3757   E520 43                          coma    
3758   E521 A4 00                       anda    $00,X               ;Mask it off
3759   E523 7D 00 C2                    tst sys_temp5           ;sys_temp5 has the first bit in range's value or 0s
3760   E526                             ifne                    ;if it was on
3760   E526             
3760   E526 27 FE       
3761   E528 1B                              aba                 ;make it on again
3762   E529                             endif
3762   E529             
3762   E529             
3762   E529             
3762   E529             
3762   E529             
3762   E529~                            endif
3762   E529~                            endif
3762   E529             
3762   E529~                            endif
3762   E529~                            endif
3762   E529             
3762   E527             
3762   E527 01          
3762   E528             
3762   E528             
3762   E528~                            endif
3762   E528~                            endif
3762   E528~                            endif
3762   E528             
3762   E529             
3762   E529~                            endif
3762   E529~                            endif
3762   E529             
3763   E529 A7 00                       staa    $00,X               ;store it
3764   E52B 32                          pula    
3765   E52C 39                          rts
3766   E52D             
3767   E52D BD E4 A0    lampm_z         jsr     lampr_end               ;A = Last Lamp Level, B = Last Lamp BitPos
3768   E530                             ifeq
3768   E530             
3768   E530 26 FE       
3769   E532                                 begin
3769   E532             
3770   E532 8D AA                               bsr     lamp_right              ;Shift Lamp Bit Right, De-increment Lamp Counter, Write it
3771   E534 25 10                               bcs     to_abx_ret
3772   E536                                 neend
3772   E536             
3772   E536             
3772   E536~                                neend
3772   E536~                                neend
3772   E536~                                neend
3772   E536             
3772   E536 27 FA       
3772   E538             
3772   E538~                                neend
3772   E538~                                neend
3772   E538             
3773   E538                             endif
3773   E538             
3773   E538             
3773   E538             
3773   E538             
3773   E538             
3773   E538~                            endif
3773   E538~                            endif
3773   E538             
3773   E538~                            endif
3773   E538~                            endif
3773   E538             
3773   E531             
3773   E531 06          
3773   E532             
3773   E532             
3773   E532~                            endif
3773   E532~                            endif
3773   E532~                            endif
3773   E532             
3773   E538             
3773   E538~                            endif
3773   E538~                            endif
3773   E538             
3774   E538 17                          tba 
3775   E539 A8 00                       eora    $00,X
3776   E53B A7 00                       staa    $00,X
3777   E53D BD E4 DE                    jsr     lamp_right              ;Shift Lamp Bit Right, De-increment Lamp Counter, Write it
3778   E540 25 04                       bcs     to_abx_ret
3779   E542 EA 00                       orab    $00,X
3780   E544 E7 00                       stab    $00,X
3781   E546 7E E4 8D    to_abx_ret      jmp     abx_ret
3782   E549             
3783   E549 BD E4 94    lfill_a         jsr     lampr_start             ;A=Current State,B=Bitpos,X=Lamp Byte Postion
3784   E54C             b_0AB           ifne
3784   E54C             
3784   E54C 27 FE       
3785   E54E BD E4 CF                        jsr     lamp_left               ;Shift Lamp Bit Left, De-increment Lamp Counter, Write it
3786   E551 24 F9                           bcc     b_0AB
3787   E553 20 F1                           bra     to_abx_ret
3788   E555                             endif
3788   E555             
3788   E555             
3788   E555             
3788   E555             
3788   E555             
3788   E555~                            endif
3788   E555~                            endif
3788   E555             
3788   E555~                            endif
3788   E555~                            endif
3788   E555             
3788   E54D             
3788   E54D 07          
3788   E54E             
3788   E54E             
3788   E54E~                            endif
3788   E54E~                            endif
3788   E54E~                            endif
3788   E54E             
3788   E555             
3788   E555~                            endif
3788   E555~                            endif
3788   E555             
3789   E555 0C          lmp_clc         clc 
3790   E556 20 EE                       bra     to_abx_ret
3791   E558             
3792   E558 BD E4 94    lfill_b         jsr     lampr_start             ;A=Current State,B=Bitpos,X=Lamp Byte Postion
3793   E55B                             begin
3793   E55B             
3794   E55B 26 F8                           bne lmp_clc
3795   E55D BD E4 CF                        jsr lamp_left               ;Shift Lamp Bit Left, De-increment Lamp Counter, Write it
3796   E560                             csend
3796   E560             
3796   E560             
3796   E560~                            csend
3796   E560~                            csend
3796   E560~                            csend
3796   E560             
3796   E560 24 F9       
3796   E562             
3796   E562~                            csend
3796   E562~                            csend
3796   E562             
3797   E562 20 E2                       bra to_abx_ret
3798   E564             
3799   E564 CE 00 7D    bit_switch      ldx #switch_debounced
3800   E567 20 12                       bra bit_main
3801   E569 CE 00 40    bit_lamp_flash  ldx #lampflashflag
3802   E56C 20 0D                       bra bit_main
3803   E56E CE 00 34    bit_lamp_buf_1  ldx #lampbuffer1
3804   E571 20 08                       bra bit_main
3805   E573 CE 00 1C    bit_flags       ldx #bitflags
3806   E576 20 03                       bra bit_main
3807   E578 CE 00 10    bit_lamp_buf_0  ldx #lampbuffer0
3808   E57B BD E4 16    bit_main        jsr unpack_byte             ;(X = X + A>>3), B = (bitpos(A&07))
3809   E57E E5 00                       bitb    $00,X
3810   E580 39                          rts 
3811   E581             
3812   E581 84 3F       lampm_x         anda    #$3F
3813   E583 BD E4 94                    jsr lampr_start             ;A=Current State,B=Bitpos,X=Lamp Byte Postion
3814   E586                             begin
3814   E586             
3815   E586 97 C8                           staa    thread_priority         ;This is probably just a temp location?
3816   E588 17                              tba 
3817   E589 43                              coma    
3818   E58A A4 24                           anda    bitflags+8,X
3819   E58C 9A C8                           oraa    thread_priority         ;Recall temp
3820   E58E A7 24                           staa    bitflags+8,X
3821   E590 BD E4 CF                        jsr lamp_left                   ;Shift Lamp Bit Left, De-increment Lamp Counter, Write it
3822   E593                             csend
3822   E593             
3822   E593             
3822   E593~                            csend
3822   E593~                            csend
3822   E593~                            csend
3822   E593             
3822   E593 24 F1       
3822   E595             
3822   E595~                            csend
3822   E595~                            csend
3822   E595             
3823   E595 20 AF                       bra to_abx_ret
3824   E597                         
3825   E597             ;***************************************************
3826   E597             ;* System Checksum #2: Set to make ROM csum from
3827   E597             ;*                     $E000-$EFFF qual to $00
3828   E597             ;***************************************************
3829   E597                 
3830   E597 00          csum2           .chk $e000,$efff,$80,C
3831   E598             
3832   E598             ;***************************************************
3833   E598             ;* VM Macro Pointers: Master Lookup Table
3834   E598             ;***************************************************
3835   E598                             
3836   E598 E6 5E       master_vm_lookup    .dw vm_control_0x       ;Misc Functions
3837   E59A E6 7F                           .dw vm_control_1x       ;Lamp Functions
3838   E59C E6 C5                           .dw vm_control_2x       ;Lamp Functions
3839   E59E E6 E0                           .dw vm_control_3x       ;Solenoid Functions
3840   E5A0 E6 ED                           .dw vm_control_4x       ;Sound, Immediate Exe Functions
3841   E5A2 E7 3F                           .dw vm_control_5x       ;RAM,Delay,Jump,SimpleBransh Functions
3842   E5A4 E7 DE                           .dw vm_control_6x       ;Indexed Delay Functions
3843   E5A6 E7 E2                           .dw vm_control_7x       ;Immediate Delay Functions
3844   E5A8 E7 E6                           .dw vm_control_8x       ;Jump Relative 
3845   E5AA E7 F6                           .dw vm_control_9x       ;jsr Relative
3846   E5AC E8 00                           .dw vm_control_ax       ;jsr to Code Relative
3847   E5AE E8 09                           .dw vm_control_bx       ;Add RAM
3848   E5B0 E8 16                           .dw vm_control_cx       ;Set RAM
3849   E5B2 E6 D1                           .dw vm_control_dx       ;Extended Lamp Functions
3850   E5B4 E8 25                           .dw vm_control_ex       ;Play Sound Once
3851   E5B6 E8 25                           .dw vm_control_fx       ;Play Sound Once
3852   E5B8             
3853   E5B8 E6 66       vm_lookup_0x    .dw macro_pcminus100
3854   E5BA E6 40                       .dw macro_go
3855   E5BC E6 3A                       .dw macro_rts
3856   E5BE DB AE                       .dw killthread
3857   E5C0 E6 6D                       .dw macro_code_start
3858   E5C2 E6 75                       .dw macro_special
3859   E5C4 E6 7A                       .dw macro_extraball
3860   E5C6                 
3861   E5C6 E4 82       vm_lookup_1x_a  .dw lampm_set0
3862   E5C8 E4 21                       .dw lampm_clr0
3863   E5CA E4 68                       .dw lampm_a
3864   E5CC E4 72                       .dw lampm_b
3865   E5CE E4 E5                       .dw lampm_c
3866   E5D0 E5 0E                       .dw lampm_d
3867   E5D2 E4 F6                       .dw lampm_e
3868   E5D4 E4 41                       .dw lampm_f 
3869   E5D6               
3870   E5D6 E3 95       vm_lookup_1x_b  .dw lamp_on
3871   E5D8 E3 B4                       .dw lamp_off
3872   E5DA E3 C9                       .dw lamp_invert
3873   E5DC E3 C2                       .dw lamp_flash
3874   E5DE             
3875   E5DE             vm_lookup_2x
3876   E5DE E3 D7                       .dw bsel_on
3877   E5E0 E3 DE                       .dw bsel_off
3878   E5E2 E3 E5                       .dw bsel_invert
3879   E5E4             
3880   E5E4             vm_lookup_dx_l
3881   E5E4 E3 EC                       .dw lamp_on_1
3882   E5E6 E3 F3                       .dw lamp_off_1
3883   E5E8 E3 FA                       .dw lamp_invert_1
3884   E5EA             
3885   E5EA             vm_lookup_dx_h
3886   E5EA E4 01                       .dw bit_on
3887   E5EC E4 08                       .dw bit_off
3888   E5EE E4 0F                       .dw bit_invert
3889   E5F0             
3890   E5F0             vm_lookup_4x
3891   E5F0 DD B9                       .dw add_points
3892   E5F2 DD 23                       .dw score_main  
3893   E5F4 DD 1C                       .dw dsnd_pts 
3894   E5F6             
3895   E5F6             vm_lookup_5x    
3896   E5F6 E7 48                       .dw macro_ramadd
3897   E5F8 E7 5D                       .dw macro_ramcopy
3898   E5FA E7 68                       .dw macro_set_pri
3899   E5FC E7 70                       .dw macro_delay_imm_b
3900   E5FE E7 8D                       .dw macro_rem_th_s
3901   E600 E7 94                       .dw macro_rem_th_m
3902   E602 E7 9B                       .dw macro_jsr_noreturn
3903   E604 E7 C5                       .dw macro_jsr_return
3904   E606 E8 6B                       .dw macro_branch
3905   E608 E8 6B                       .dw macro_branch
3906   E60A E8 6B                       .dw macro_branch
3907   E60C E8 6B                       .dw macro_branch
3908   E60E E7 ED                       .dw macro_jmp_cpu
3909   E610 E8 42                       .dw macro_setswitch
3910   E612 E8 5A                       .dw macro_clearswitch
3911   E614 E8 04                       .dw macro_jmp_abs
3912   E616             
3913   E616             branch_cmpop
3914   E616 E8 F7                       .dw branch_tilt         ;F0: Tilt Flag              
3915   E618 E8 FE                       .dw branch_gameover     ;F1: Game Over Flag         
3916   E61A E7 33                       .dw macro_getnextbyte   ;F2: NextByte = Straight Data       
3917   E61C E8 DA                       .dw branch_invert       ;F3: Invert Result          
3918   E61E E8 DF                       .dw branch_lamp_on      ;F4: Check if Lamp is On or Flashing
3919   E620 E8 EB                       .dw branch_lamprangeoff ;F5: Lamp Range All Off         
3920   E622 E8 F2                       .dw branch_lamprangeon  ;F6: Lamp Range All On          
3921   E624 E9 05                       .dw branch_lampbuf1     ;F7: RAM Matrix $0028           
3922   E626 E9 11                       .dw branch_switch       ;F8: Check Encoded Switch       
3923   E628 E9 1B                       .dw branch_add          ;F9: A = A + B              
3924   E62A E9 16                       .dw branch_and          ;FA: Logical AND                
3925   E62C E9 1D                       .dw branch_or           ;FB: Logical OR                 
3926   E62E E9 22                       .dw branch_equal        ;FC: A = B ??               
3927   E630 E9 27                       .dw branch_ge           ;FD: A >= B ??              
3928   E632 E9 2A                       .dw branch_threadpri    ;FE: Check for Priority Thread??    
3929   E634 E9 31                       .dw branch_bitwise      ;FF: A && B 
3930   E636             
3931   E636             ;*************************************************************
3932   E636             ;* Virtual Machine Routines:
3933   E636             ;*
3934   E636             ;* These are the main routines that are called to interpret
3935   E636             ;* the commands written in WML7.
3936   E636             ;*************************************************************
3937   E636             macro_start     
3938   E636 97 00                       staa    ram_base
3939   E638 D7 01                       stab    ram_base+1
3940   E63A             macro_rts       
3941   E63A 32                          pula    
3942   E63B 97 EF                       staa    vm_pc
3943   E63D 32                          pula    
3944   E63E 97 F0                       staa    vm_pc+1
3945   E640             macro_go        
3946   E640 BD D0 BC                    jsr     gr_macro_event
3947   E643 BD E7 33                    jsr     macro_getnextbyte           ;Macro Data: A = Next Byte
3948   E646 16                          tab 
3949   E647 54                          lsrb                                ;Shift down to get macro handler lookup
3950   E648 54                          lsrb    
3951   E649 54                          lsrb    
3952   E64A C4 1E                       andb    #$1E
3953   E64C CE E5 98                    ldx #master_vm_lookup
3954   E64F BD E0 72                    jsr xplusb
3955   E652 EE 00                       ldx $00,X
3956   E654 6E 00                       jmp $00,X                           ;do it
3957   E656             
3958   E656 DF EF       macro_next      stx vm_pc
3959   E658 97 00       abreg_sto       staa    vm_reg_a
3960   E65A D7 01       breg_sto        stab    vm_reg_b
3961   E65C 20 E2                       bra macro_go
3962   E65E                         
3963   E65E             
3964   E65E CE E5 B8    vm_control_0x   ldx #vm_lookup_0x
3965   E661 BD E7 2C                    jsr gettabledata_b          ;X = data at (X + (A*2))
3966   E664 6E 00                       jmp $00,X
3967   E666                         
3968   E666             macro_pcminus100    
3969   E666 DE EF                       ldx vm_pc
3970   E668 09                          dex 
3971   E669 DF EF                       stx vm_pc
3972   E66B 20 D3                       bra macro_go
3973   E66D             
3974   E66D             macro_code_start    
3975   E66D DE EF                       ldx vm_pc
3976   E66F 96 00                       ldaa    ram_base
3977   E671 D6 01                       ldab    ram_base+1
3978   E673 6E 00                       jmp $00,X
3979   E675             
3980   E675 BD E9 50    macro_special   jsr award_replay            ;Award Special
3981   E678 20 C6                       bra macro_go
3982   E67A             
3983   E67A BD E9 60    macro_extraball jsr award_extraball         ;Award Extra Ball
3984   E67D 20 C1                       bra macro_go
3985   E67F                         
3986   E67F 16          vm_control_1x   tab 
3987   E680 C4 0F                       andb    #$0F
3988   E682 C0 08                       subb    #$08
3989   E684 25 1D                       bcs macro_17                ;Branch for Macros 10-17
3990   E686 58          macro_x8f       aslb    
3991   E687 CE E5 C6                    ldx #vm_lookup_1x_a
3992   E68A BD E0 72                    jsr xplusb              ;X = X + B)
3993   E68D EE 00                       ldx $00,X
3994   E68F 16                          tab                     ;Original Command #
3995   E690 58                          aslb    
3996   E691 58                          aslb    
3997   E692 C4 80                       andb    #$80
3998   E694             b_0AF           begin
3998   E694             
3999   E694 BD E7 33                        jsr macro_getnextbyte           ;Macro Data: A = Next Byte $D1+1
4000   E697 36                              psha    
4001   E698 84 7F                           anda    #$7F
4002   E69A 1B                              aba 
4003   E69B AD 00                           jsr $00,X
4004   E69D 32                              pula    
4005   E69E 4D                              tsta    
4006   E69F                             plend
4006   E69F             
4006   E69F             
4006   E69F~                            plend
4006   E69F~                            plend
4006   E69F~                            plend
4006   E69F             
4006   E69F 2B F3       
4006   E6A1             
4006   E6A1~                            plend
4006   E6A1~                            plend
4006   E6A1             
4007   E6A1 20 9D                       bra macro_go
4008   E6A3                             
4009   E6A3 CE E5 D6    macro_17        ldx #vm_lookup_1x_b
4010   E6A6 16          macro_x17       tab                     ;A = still instruction #
4011   E6A7 84 03                       anda    #$03
4012   E6A9 BD E7 2C                    jsr gettabledata_b          ;X = data at (X + (A*2))
4013   E6AC C5 04                       bitb    #$04
4014   E6AE                             ifeq                    ;Branch on 14-17
4014   E6AE             
4014   E6AE 26 FE       
4015   E6B0 5F                              clrb    
4016   E6B1 20 E1                           bra b_0AF
4017   E6B3                             endif
4017   E6B3             
4017   E6B3             
4017   E6B3             
4017   E6B3             
4017   E6B3             
4017   E6B3~                            endif
4017   E6B3~                            endif
4017   E6B3             
4017   E6B3~                            endif
4017   E6B3~                            endif
4017   E6B3             
4017   E6AF             
4017   E6AF 03          
4017   E6B0             
4017   E6B0             
4017   E6B0~                            endif
4017   E6B0~                            endif
4017   E6B0~                            endif
4017   E6B0             
4017   E6B3             
4017   E6B3~                            endif
4017   E6B3~                            endif
4017   E6B3             
4018   E6B3                             begin
4018   E6B3             
4019   E6B3 8D 7E                           bsr macro_getnextbyte           ;Macro Data: A = Next Byte $D1+1
4020   E6B5 16                              tab 
4021   E6B6 DF BC                           stx temp3
4022   E6B8 BD E7 B6                        jsr macro_b_ram             ;$00,LSD(A)->A
4023   E6BB AD 00                           jsr $00,X
4024   E6BD DE BC                           ldx temp3
4025   E6BF 5D                              tstb    
4026   E6C0                             plend
4026   E6C0             
4026   E6C0             
4026   E6C0~                            plend
4026   E6C0~                            plend
4026   E6C0~                            plend
4026   E6C0             
4026   E6C0 2B F1       
4026   E6C2             
4026   E6C2~                            plend
4026   E6C2~                            plend
4026   E6C2             
4027   E6C2 7E E6 40    to_macro_go1    jmp macro_go
4028   E6C5             
4029   E6C5 16          vm_control_2x   tab                     ;A= macro
4030   E6C6 C4 0F                       andb    #$0F
4031   E6C8 C0 08                       subb    #$08
4032   E6CA 24 BA                       bcc macro_x8f               ;Branch for Macros 28-2F
4033   E6CC CE E5 DE                    ldx #vm_lookup_2x
4034   E6CF 20 D5                       bra macro_x17
4035   E6D1                         
4036   E6D1 CE E5 E4    vm_control_dx   ldx   #vm_lookup_dx_l
4037   E6D4 16                          tab   
4038   E6D5 C4 0F                       andb  #$0F
4039   E6D7 C0 08                       subb  #$08
4040   E6D9 25 CB                       bcs   macro_x17
4041   E6DB CE E5 EA                    ldx   #vm_lookup_dx_h
4042   E6DE 20 C6                       bra   macro_x17
4043   E6E0             
4044   E6E0 16          vm_control_3x   tab 
4045   E6E1 C4 0F                       andb    #$0F                    ;16 Solenoids Max 
4046   E6E3                             begin
4046   E6E3             
4047   E6E3 8D 4E                           bsr macro_getnextbyte           ;Macro Data: A = Next Byte $D1+1
4048   E6E5 BD DC 6D                        jsr solbuf              ;Turn On/Off Solenoid
4049   E6E8 5A                              decb    
4050   E6E9                             eqend
4050   E6E9             
4050   E6E9             
4050   E6E9~                            eqend
4050   E6E9~                            eqend
4050   E6E9~                            eqend
4050   E6E9             
4050   E6E9 26 F8       
4050   E6EB             
4050   E6EB~                            eqend
4050   E6EB~                            eqend
4050   E6EB             
4051   E6EB 20 D5                       bra to_macro_go1
4052   E6ED             
4053   E6ED 84 0F       vm_control_4x   anda    #$0F
4054   E6EF                             ifeq
4054   E6EF             
4054   E6EF 26 FE       
4055   E6F1 BD E7 88                        jsr macro_get2bytes         ;Macro Data: Next Two Bytes into B & A:
4056   E6F4 BD DD 18                        jsr isnd_pts                ;Play Sound Index(B)Once, Add Points(A)
4057   E6F7 20 C9                           bra to_macro_go1
4058   E6F9                             endif
4058   E6F9             
4058   E6F9             
4058   E6F9             
4058   E6F9             
4058   E6F9             
4058   E6F9~                            endif
4058   E6F9~                            endif
4058   E6F9             
4058   E6F9~                            endif
4058   E6F9~                            endif
4058   E6F9             
4058   E6F0             
4058   E6F0 08          
4058   E6F1             
4058   E6F1             
4058   E6F1~                            endif
4058   E6F1~                            endif
4058   E6F1~                            endif
4058   E6F1             
4058   E6F9             
4058   E6F9~                            endif
4058   E6F9~                            endif
4058   E6F9             
4059   E6F9 81 04                       cmpa    #$04
4060   E6FB 24 0C                       bcc macro_exec              ;Branch for Macros 44-4F (execute cpu)
4061   E6FD CE E5 EE                    ldx #vm_lookup_4x-2
4062   E700 BD E7 2C                    jsr gettabledata_b          ;X = data at (X + (A*2))
4063   E703 8D 2E                       bsr macro_getnextbyte           ;Macro Data: A = Next Byte $D1+1
4064   E705 AD 00                       jsr $00,X
4065   E707 20 B9                       bra to_macro_go1            ;Continue Executing Macros
4066   E709             
4067   E709 16          macro_exec      tab 
4068   E70A C0 02                       subb    #$02
4069   E70C CE 11 30                    ldx #exe_buffer
4070   E70F                             begin
4070   E70F             
4071   E70F 8D 22                           bsr macro_getnextbyte           ;Macro Data: A = Next Byte $D1+1
4072   E711 A7 00                           staa    $00,X
4073   E713 08                              inx 
4074   E714 5A                              decb    
4075   E715                             eqend                       ;Add B bytes to exe Buffer 
4075   E715             
4075   E715             
4075   E715~                            eqend                       ;Add B bytes to exe Buffer 
4075   E715~                            eqend                       ;Add B bytes to exe Buffer 
4075   E715~                            eqend                       ;Add B bytes to exe Buffer 
4075   E715             
4075   E715 26 F8       
4075   E717             
4075   E717~                            eqend                       ;Add B bytes to exe Buffer 
4075   E717~                            eqend                       ;Add B bytes to exe Buffer 
4075   E717             
4076   E717 86 7E                       ldaa    #$7E
4077   E719 A7 00                       staa    $00,X
4078   E71B 86 E6                       ldaa    #((abreg_sto>>8)&$FF)
4079   E71D A7 01                       staa    $01,X
4080   E71F 86 58                       ldaa    #((abreg_sto)&$FF)      ;Tack a jmp macro_next at the end of the routine
4081   E721 A7 02                       staa    $02,X
4082   E723 96 00                       ldaa    vm_reg_a
4083   E725 D6 01                       ldab    vm_reg_b
4084   E727 7E 11 30                    jmp exe_buffer              ;Go there Now, put return A and B into RAM $00 and $01 
4085   E72A             
4086   E72A 84 0F       gettabledata_w  anda    #$0F
4087   E72C 48          gettabledata_b  asla    
4088   E72D BD E0 24                    jsr xplusa
4089   E730 EE 00                       ldx $00,X
4090   E732 39                          rts
4091   E733             
4092   E733             ;******************************************************
4093   E733             ;Get the next byte from the VM PC and return it in A   
4094   E733             ;******************************************************         
4095   E733             macro_getnextbyte   
4096   E733 DF B8                       stx     temp1
4097   E735 DE EF                       ldx     vm_pc
4098   E737 A6 00                       ldaa    $00,X
4099   E739 08                          inx 
4100   E73A DF EF                       stx     vm_pc
4101   E73C DE B8       getx_rts        ldx     temp1
4102   E73E 39                          rts 
4103   E73F             
4104   E73F CE E5 F6    vm_control_5x   ldx #vm_lookup_5x
4105   E742 16                          tab                     ;Move our Data into B
4106   E743 BD E7 2A                    jsr gettabledata_w          ;X = data at (X + LSD(A)*2)
4107   E746 6E 00                       jmp $00,X
4108   E748             
4109   E748 8D E9       macro_ramadd    bsr macro_getnextbyte           ;Macro Data: A = Next Byte $D1+1
4110   E74A 16                          tab 
4111   E74B 8D 69                       bsr macro_b_ram             ;$00,LSD(A)->A
4112   E74D 97 BC                       staa    temp3
4113   E74F 54                          lsrb    
4114   E750 54                          lsrb    
4115   E751 54                          lsrb    
4116   E752 54                          lsrb    
4117   E753 17                          tba 
4118   E754 8D 60                       bsr macro_b_ram             ;$00,LSD(A)->A
4119   E756 9B BC                       adda    temp3
4120   E758 8D 4D       ram_sto2        bsr macro_a_ram             ;A->$00,LSD(B)
4121   E75A 7E E6 40    to_macro_go2    jmp macro_go
4122   E75D             
4123   E75D 8D D4       macro_ramcopy   bsr macro_getnextbyte           ;Macro Data: A = Next Byte $D1+1
4124   E75F 16                          tab 
4125   E760 8D 54                       bsr macro_b_ram             ;$00,LSD(A)->A
4126   E762 54                          lsrb    
4127   E763 54                          lsrb    
4128   E764 54                          lsrb    
4129   E765 54                          lsrb    
4130   E766 20 F0                       bra ram_sto2                ;A->$00,LSD(B),jmp $F3B5
4131   E768             
4132   E768 8D C9       macro_set_pri   bsr macro_getnextbyte           ;Macro Data: A = Next Byte $D1+1
4133   E76A DE CF                       ldx current_thread          ;Current VM Routine being run
4134   E76C A7 0D                       staa    threadobj_id,X
4135   E76E 20 EA                       bra to_macro_go2            ;Continue Executing Macros
4136   E770             
4137   E770             macro_delay_imm_b   
4138   E770 8D C1                       bsr macro_getnextbyte           ;Macro Data: A = Next Byte $D1+1
4139   E772 97 D5       dly_sto         staa    thread_timer_byte
4140   E774 DE EF                       ldx vm_pc
4141   E776 96 00                       ldaa    vm_reg_a
4142   E778 D6 01                       ldab    vm_reg_b
4143   E77A BD DB 5B                    jsr delaythread             ;Push Next Address onto VM, Timer at thread_timer_byte
4144   E77D 7E E6 56                    jmp macro_next
4145   E780             
4146   E780             macro_getnextword       
4147   E780 8D 06                       bsr macro_get2bytes         ;Macro Data: Next Two Bytes into B & A:
4148   E782 D7 B8                       stab    temp1
4149   E784 97 B9                       staa    temp1+1
4150   E786 20 B4                       bra getx_rts
4151   E788                         
4152   E788 8D A9       macro_get2bytes bsr macro_getnextbyte           ;Macro Data: A = Next Byte $D1+1
4153   E78A 16                          tab 
4154   E78B 20 A6                       bra macro_getnextbyte           ;Macro Data: A = Next Byte $D1+1
4155   E78D                         
4156   E78D 8D F9       macro_rem_th_s  bsr macro_get2bytes         ;Macro Data: Next Two Bytes into B & A:
4157   E78F BD DC 3D                    jsr kill_thread
4158   E792 20 C6                       bra to_macro_go2            ;Continue Executing Macros
4159   E794                         
4160   E794 8D F2       macro_rem_th_m  bsr macro_get2bytes         ;Macro Data: Next Two Bytes into B & A:
4161   E796 BD DC 45                    jsr kill_threads
4162   E799 20 BF                       bra to_macro_go2            ;Continue Executing Macros
4163   E79B             
4164   E79B             macro_jsr_noreturn  
4165   E79B 8D E3                       bsr macro_getnextword           ;Macro Data: Load X with Next Two Bytes
4166   E79D 96 F0                       ldaa    vm_pc+1
4167   E79F 36                          psha    
4168   E7A0 96 EF                       ldaa    vm_pc
4169   E7A2 36                          psha    
4170   E7A3 DF EF       pc_sto2         stx vm_pc
4171   E7A5 20 B3                       bra to_macro_go2            ;jContinue Executing Macros
4172   E7A7                         
4173   E7A7 DF B8       macro_a_ram     stx temp1
4174   E7A9 C4 0F                       andb    #$0F
4175   E7AB D7 BB                       stab    temp2+1
4176   E7AD 7F 00 BA                    clr temp2
4177   E7B0 DE BA                       ldx temp2
4178   E7B2 A7 00                       staa    $00,X
4179   E7B4 20 86       to_getx_rts     bra getx_rts
4180   E7B6             
4181   E7B6 DF B8       macro_b_ram     stx     temp1
4182   E7B8 84 0F                       anda    #$0F
4183   E7BA 97 BB                       staa    temp2+1
4184   E7BC 7F 00 BA                    clr     temp2
4185   E7BF DE BA                       ldx     temp2
4186   E7C1 A6 00                       ldaa    $00,X
4187   E7C3 20 EF                       bra to_getx_rts             ;ldx temp1, rts.
4188   E7C5             
4189   E7C5 8D B9       macro_jsr_return    bsr macro_getnextword           ;Macro Data: Load X with Next Two Bytes
4190   E7C7 96 F0       ret_sto         ldaa    vm_pc+1
4191   E7C9 36                          psha    
4192   E7CA 96 EF                       ldaa    vm_pc
4193   E7CC 36                          psha                        ;Push Macro PC
4194   E7CD 96 00                       ldaa    ram_base
4195   E7CF D6 01                       ldab    ram_base+1
4196   E7D1 AD 00                       jsr $00,X
4197   E7D3 97 00                       staa    ram_base
4198   E7D5 32                          pula    
4199   E7D6 97 EF                       staa    vm_pc                   ;Pull Macro PC
4200   E7D8 32                          pula    
4201   E7D9 97 F0                       staa    vm_pc+1
4202   E7DB 7E E6 5A                    jmp breg_sto
4203   E7DE             
4204   E7DE 8D D6       vm_control_6x   bsr macro_b_ram             ;Load RAM Data
4205   E7E0 20 90                       bra dly_sto             ;Delay it
4206   E7E2                         
4207   E7E2 84 0F       vm_control_7x   anda    #$0F
4208   E7E4 20 8C                       bra dly_sto             ;Delay it
4209   E7E6                         
4210   E7E6 8D 44       vm_control_8x   bsr macro_pcadd             ;Add LSD(A)+NextByte to $D1,$D2 -> X
4211   E7E8 DF EF       pc_sto          stx vm_pc                   ;Store X into VMPC
4212   E7EA 7E E6 40    to_macro_go4    jmp macro_go
4213   E7ED             
4214   E7ED BD E7 80    macro_jmp_cpu   jsr macro_getnextword           ;Macro Data: Load X with Next Two Bytes
4215   E7F0 96 00                       ldaa    vm_reg_a
4216   E7F2 D6 01                       ldab    vm_reg_b
4217   E7F4 6E 00                       jmp $00,X
4218   E7F6                         
4219   E7F6 8D 34       vm_control_9x   bsr macro_pcadd             ;Add LSD(A)+NextByte to $D1,$D2 -> X
4220   E7F8 D6 F0                       ldab    vm_pc+1
4221   E7FA 37                          pshb    
4222   E7FB D6 EF                       ldab    vm_pc
4223   E7FD 37                          pshb    
4224   E7FE 20 E8                       bra pc_sto              ;Store X into VMPC, continue
4225   E800             
4226   E800 8D 2A       vm_control_ax   bsr macro_pcadd             ;Add LSD(A)+NextByte to $D1,$D2 -> X
4227   E802 20 C3                       bra ret_sto
4228   E804                         
4229   E804 BD E7 80    macro_jmp_abs   jsr macro_getnextword           ;Macro Data: Load X with Next Two Bytes
4230   E807 20 DF                       bra pc_sto
4231   E809                         
4232   E809 16          vm_control_bx   tab 
4233   E80A 8D AA                       bsr     macro_b_ram             ;RAM Data (A&0f)->A
4234   E80C 97 BA                       staa    temp2
4235   E80E 8D 58                       bsr     to_macro_getnextbyte
4236   E810 9B BA                       adda    temp2
4237   E812 8D 93       ram_sto         bsr     macro_a_ram             ;A->RAM(B&0f)
4238   E814 20 D4                       bra     to_macro_go4
4239   E816             
4240   E816 16          vm_control_cx   tab 
4241   E817 8D 4F                       bsr to_macro_getnextbyte
4242   E819 20 F7                       bra ram_sto             ;Save to RAM and continue
4243   E81B                         
4244   E81B 84 0F       vm_control_nu   anda    #$0F
4245   E81D 16                          tab 
4246   E81E 8D 48                       bsr to_macro_getnextbyte        ;Macro Data: A = Next Byte $D1+1
4247   E820 BD DE 28                    jsr sound_sub
4248   E823 20 C5                       bra to_macro_go4            ;jmp  $F3B5 
4249   E825             
4250   E825             vm_control_ex
4251   E825 84 1F       vm_control_fx   anda    #$1F
4252   E827 BD DE 21                    jsr isnd_once               ;Play Sound Index(A) Once
4253   E82A 20 BE                       bra to_macro_go4
4254   E82C                         
4255   E82C 84 0F       macro_pcadd     anda    #$0F
4256   E82E 85 08                       bita    #$08
4257   E830                             ifne
4257   E830             
4257   E830 27 FE       
4258   E832 8A F0                           oraa    #$F0
4259   E834                             endif
4259   E834             
4259   E834             
4259   E834             
4259   E834             
4259   E834             
4259   E834~                            endif
4259   E834~                            endif
4259   E834             
4259   E834~                            endif
4259   E834~                            endif
4259   E834             
4259   E831             
4259   E831 02          
4259   E832             
4259   E832             
4259   E832~                            endif
4259   E832~                            endif
4259   E832~                            endif
4259   E832             
4259   E834             
4259   E834~                            endif
4259   E834~                            endif
4259   E834             
4260   E834 16                          tab 
4261   E835 8D 31                       bsr to_macro_getnextbyte        ;Macro Data: A = Next Byte $D1+1
4262   E837 9B F0                       adda    vm_pc+1
4263   E839 97 B9                       staa    temp1+1
4264   E83B D9 EF                       adcb    vm_pc
4265   E83D D7 B8                       stab    temp1
4266   E83F DE B8                       ldx temp1
4267   E841 39                          rts 
4268   E842             
4269   E842 8D 0A       macro_setswitch bsr load_sw_no              ;Get switch number from the data
4270   E844 EA 00                       orab    $00,X
4271   E846 E7 00                       stab    $00,X
4272   E848 96 C6                       ldaa    sys_temp_w3
4273   E84A 2B F6                       bmi macro_setswitch
4274   E84C 20 17                       bra to_macro_go3            ;jmp  $F3B5
4275   E84E                         
4276   E84E 8D 18       load_sw_no      bsr to_macro_getnextbyte        ;Macro Data: A = Next Byte $D1+1
4277   E850 97 C6                       staa    sys_temp_w3
4278   E852 84 3F                       anda    #$3F
4279   E854 CE 00 7D                    ldx #switch_debounced
4280   E857 7E E4 16                    jmp unpack_byte             ;(X = X + A>>3), B = (bitpos(A&07))
4281   E85A             
4282   E85A             macro_clearswitch   
4283   E85A 8D F2                       bsr load_sw_no              ;Get switch number from the data
4284   E85C 53                          comb    
4285   E85D E4 00                       andb    $00,X
4286   E85F E7 00                       stab    $00,X
4287   E861 96 C6                       ldaa    sys_temp_w3
4288   E863 2B F5                       bmi macro_clearswitch
4289   E865 7E E6 40    to_macro_go3    jmp macro_go
4290   E868             
4291   E868             to_macro_getnextbyte            
4292   E868 7E E7 33                    jmp macro_getnextbyte           ;Macro Data: A = Next Byte $D1+1
4293   E86B             
4294   E86B             ;-------------------------------------------
4295   E86B             ; Branch Handler for $55,$59,$5A,$5B
4296   E86B             ;-------------------------------------------
4297   E86B 37          macro_branch    pshb    
4298   E86C 8D 28                       bsr branchdata              ;Gets Main Result
4299   E86E BD E9 3D                    jsr test_a                  ;Returns #80 or #81 in (A) based on Test of A
4300   E871 33                          pulb                        ;Get Back Command in B
4301   E872 1B                          aba 
4302   E873 36                          psha    
4303   E874 C5 02                       bitb    #$02                    ;Relative or Absolute Branch Flag
4304   E876                             ifeq
4304   E876             
4304   E876 26 FE       
4305   E878 BD E7 80                        jsr macro_getnextword           ;Macro Data: Load X with Next Two Bytes
4306   E87B                             else
4306   E87B             
4306   E87B             
4306   E87B             
4306   E87B             
4306   E877             
4306   E877             
4306   E877             
4306   E877~                            else
4306   E877~                            else
4306   E877~                            else
4306   E877~                            else
4306   E877             
4306   E877~                            else
4306   E877~                            else
4306   E877~                            else
4306   E877~                            else
4306   E877             
4306   E877             
4306   E877 05          
4306   E87B             
4306   E87B 20 FE       
4306   E87D             
4306   E87D             
4306   E87D             
4306   E87D~                            else
4306   E87D~                            else
4306   E87D~                            else
4306   E87D~                            else
4306   E87D~                            else
4306   E87D             
4306   E87D~                            else
4306   E87D~                            else
4306   E87D             
4306   E87D~                            else
4306   E87D~                            else
4306   E87D             
4307   E87D 8D E9                           bsr to_macro_getnextbyte        ;Macro Data: A = Next Byte $D1+1
4308   E87F C6 FF                           ldab    #$FF
4309   E881 81 80                           cmpa    #$80
4310   E883 C9 00                           adcb    #$00
4311   E885 9B F0                           adda    vm_pc+1
4312   E887 D9 EF                           adcb    vm_pc
4313   E889 97 B9                           staa    temp1+1
4314   E88B D7 B8                           stab    temp1
4315   E88D DE B8                           ldx temp1
4316   E88F                             endif
4316   E88F             
4316   E88F             
4316   E88F             
4316   E88F             
4316   E88F             
4316   E88F~                            endif
4316   E88F~                            endif
4316   E88F             
4316   E88F~                            endif
4316   E88F~                            endif
4316   E88F             
4316   E87C             
4316   E87C 12          
4316   E87D             
4316   E87D             
4316   E87D~                            endif
4316   E87D~                            endif
4316   E87D~                            endif
4316   E87D             
4316   E88F             
4316   E88F~                            endif
4316   E88F~                            endif
4316   E88F             
4317   E88F 32                          pula                        ;Get our result from above push
4318   E890 46                          rora                        ;Test LSB
4319   E891 24 D2                       bcc to_macro_go3            ;If result was #80, then ignore this branch (jmp  $F3B5)
4320   E893 7E E7 A3                    jmp pc_sto2             ;Else, we will branch now. (stx  $D1, jmp $F3B5)
4321   E896             
4322   E896             ;-----------------------------------------------------
4323   E896             ; This appears to be the main routine for doing a 
4324   E896             ; logic test
4325   E896 8D D0       branchdata      bsr     to_macro_getnextbyte        ;Macro Data: A = Next Byte $D1+1
4326   E898 81 D0                       cmpa    #$D0
4327   E89A 27 1D                       beq     cbra2
4328   E89C 25 40                       bcs     to_rts3             ;(rts) if data is below #D0
4329   E89E 81 F0                       cmpa    #$F0
4330   E8A0 24 13                       bcc     complexbranch           ;Branch if #F0 or above (Complex)
4331   E8A2 81 E0                       cmpa    #$E0
4332   E8A4                             ifcc                        ;Branch if less than #E0
4332   E8A4             
4332   E8A4 25 FE       
4333   E8A6 7E E7 B6                        jmp macro_b_ram             ;RAM Data (A&0f)->A (Data is E_)
4334   E8A9                             endif
4334   E8A9             
4334   E8A9             
4334   E8A9             
4334   E8A9             
4334   E8A9             
4334   E8A9~                            endif
4334   E8A9~                            endif
4334   E8A9             
4334   E8A9~                            endif
4334   E8A9~                            endif
4334   E8A9             
4334   E8A5             
4334   E8A5 03          
4334   E8A6             
4334   E8A6             
4334   E8A6~                            endif
4334   E8A6~                            endif
4334   E8A6~                            endif
4334   E8A6             
4334   E8A9             
4334   E8A9~                            endif
4334   E8A9~                            endif
4334   E8A9             
4335   E8A9 CE 01 95                    ldx #adj_gamebase           ;Pointer to Bottom of Game Adjustments
4336   E8AC 84 0F                       anda    #$0F                ;A = Index for Game Adjustment Lookup
4337   E8AE 48                          asla    
4338   E8AF BD E0 24                    jsr xplusa              ;X = X + A
4339   E8B2 7E E0 78                    jmp cmosinc_a               ;CMOS,X++ -> A
4340   E8B5             
4341   E8B5 81 F3       complexbranch   cmpa    #$F3
4342   E8B7                             ifcc                            ;data is below #F3 (not complex)
4342   E8B7             
4342   E8B7 25 FE       
4343   E8B9 36          cbra2               psha                        ;Push Current Branch Inst.
4344   E8BA 8D DA                           bsr branchdata              ;Gets Encoded Data Type
4345   E8BC 16                              tab 
4346   E8BD D7 B8                           stab    temp1
4347   E8BF 32                              pula    
4348   E8C0 81 F9                           cmpa    #$F9
4349   E8C2                                 ifcc                        ;Branch if below #F9 (Lamp or Bit Test)
4349   E8C2             
4349   E8C2 25 FE       
4350   E8C4 36                                  psha    
4351   E8C5 37                                  pshb    
4352   E8C6 8D CE                               bsr branchdata              ;Gets Encoded Data Type
4353   E8C8 97 B8                               staa    temp1
4354   E8CA 33                                  pulb    
4355   E8CB 32                                  pula    
4356   E8CC                                 endif
4356   E8CC             
4356   E8CC             
4356   E8CC             
4356   E8CC             
4356   E8CC             
4356   E8CC~                                endif
4356   E8CC~                                endif
4356   E8CC             
4356   E8CC~                                endif
4356   E8CC~                                endif
4356   E8CC             
4356   E8C3             
4356   E8C3 08          
4356   E8C4             
4356   E8C4             
4356   E8C4~                                endif
4356   E8C4~                                endif
4356   E8C4~                                endif
4356   E8C4             
4356   E8CC             
4356   E8CC~                                endif
4356   E8CC~                                endif
4356   E8CC             
4357   E8CC                             endif
4357   E8CC             
4357   E8CC             
4357   E8CC             
4357   E8CC             
4357   E8CC             
4357   E8CC~                            endif
4357   E8CC~                            endif
4357   E8CC             
4357   E8CC~                            endif
4357   E8CC~                            endif
4357   E8CC             
4357   E8B8             
4357   E8B8 13          
4357   E8B9             
4357   E8B9             
4357   E8B9~                            endif
4357   E8B9~                            endif
4357   E8B9~                            endif
4357   E8B9             
4357   E8CC             
4357   E8CC~                            endif
4357   E8CC~                            endif
4357   E8CC             
4358   E8CC 81 D0                       cmpa    #$D0
4359   E8CE 27 3A                       beq     branch_bitflag
4360   E8D0 CE E6 16                    ldx     #branch_cmpop
4361   E8D3 BD E7 2A                    jsr     gettabledata_w          ;X = data at (X + LSD(A)*2)
4362   E8D6 96 B8                       ldaa    temp1
4363   E8D8 6E 00                       jmp     $00,X
4364   E8DA             
4365   E8DA 8D 61       branch_invert   bsr test_a
4366   E8DC 88 01                       eora    #$01
4367   E8DE 39          to_rts3         rts 
4368   E8DF             
4369   E8DF BD E5 78    branch_lamp_on  jsr bit_lamp_buf_0          ;Bit Test B with Lamp Data (A)
4370   E8E2 26 1E                       bne ret_true                ;return true
4371   E8E4 BD E5 69                    jsr bit_lamp_flash          ;Check Encoded #(A) with $0030
4372   E8E7 26 19       test_z          bne ret_true                ;return true
4373   E8E9 20 10                       bra ret_false               ;return false
4374   E8EB                         
4375   E8EB             branch_lamprangeoff 
4376   E8EB BD E5 58                    jsr lfill_b
4377   E8EE 25 12       test_c          bcs ret_true                ;return true
4378   E8F0 20 09                       bra ret_false               ;return false
4379   E8F2                         
4380   E8F2             branch_lamprangeon  
4381   E8F2 BD E5 49                    jsr lfill_a
4382   E8F5 20 F7                       bra test_c
4383   E8F7             
4384   E8F7 96 E6       branch_tilt     ldaa    flag_tilt               ;tilt flag?
4385   E8F9 26 07                       bne ret_true                ;return true
4386   E8FB 86 80       ret_false       ldaa    #$80                    ;return false
4387   E8FD 39                          rts 
4388   E8FE                         
4389   E8FE 96 E7       branch_gameover ldaa    flag_gameover           ;game over?
4390   E900 27 F9                       beq ret_false               ;return false
4391   E902 86 81       ret_true        ldaa    #$81
4392   E904 39                          rts
4393   E905             
4394   E905 BD E5 6E    branch_lampbuf1 jsr bit_lamp_buf_1          ;Check Encoded #(A) with $0028
4395   E908 20 DD                       bra test_z              ;Return Bool based on Z
4396   E90A             
4397   E90A             
4398   E90A 96 B8       branch_bitflag  ldaa  temp1                 ;Check Encoded #(A) with bitflags
4399   E90C BD E5 73                    jsr   bit_flags
4400   E90F 20 D6                       bra test_z              ;Return Boolean based on Z
4401   E911             
4402   E911 BD E5 64    branch_switch   jsr bit_switch              ;Check Encoded #(A) with $0061:
4403   E914 20 D1                       bra test_z              ;Return Boolean based on Z
4404   E916                         
4405   E916 8D 1E       branch_and      bsr set_logic
4406   E918 94 B8                       anda    temp1
4407   E91A 39                          rts 
4408   E91B                         
4409   E91B 1B          branch_add      aba 
4410   E91C 39                          rts 
4411   E91D 8D 17       branch_or       bsr set_logic
4412   E91F 9A B8                       oraa    temp1
4413   E921 39                          rts 
4414   E922                         
4415   E922 11          branch_equal    cba 
4416   E923 27 DD                       beq ret_true                ;lda  #$81, rts
4417   E925 20 D4                       bra ret_false               ;lda  #$80, rts
4418   E927                         
4419   E927 11          branch_ge       cba 
4420   E928 20 C4                       bra test_c
4421   E92A             
4422   E92A             branch_threadpri    
4423   E92A BD DC 4A                    jsr check_threadid
4424   E92D 24 D3                       bcc ret_true                ;lda  #$81, rts
4425   E92F 20 CA                       bra ret_false               ;lda  #$80, rts
4426   E931                         
4427   E931 D7 B8       branch_bitwise  stab    temp1
4428   E933 94 B8                       anda    temp1
4429   E935 39          to_rts4         rts 
4430   E936             
4431   E936 36          set_logic       psha    
4432   E937 17                          tba 
4433   E938 8D 03                       bsr     test_a
4434   E93A 97 B8                       staa    temp1
4435   E93C 32                          pula    
4436   E93D 4D          test_a          tsta    
4437   E93E 2B F5                       bmi     to_rts4             ;rts
4438   E940 BD E5 78                    jsr     bit_lamp_buf_0          ;Bit Test B with Lamp Data (A)
4439   E943 27 B6                       beq     ret_false               ;return false
4440   E945 81 40                       cmpa    #$40                    ;Check Encoded Lamp #
4441   E947 24 B9                       bcc     ret_true                ;return true
4442   E949 BD E5 69                    jsr     bit_lamp_flash          ;Bittest with $0030
4443   E94C 26 AD                       bne     ret_false               ;return false
4444   E94E 20 B2                       bra     ret_true                ;return true
4445   E950                         
4446   E950             ;*******************************************************
4447   E950             ;* End VM Code Section
4448   E950             ;*******************************************************            
4449   E950             
4450   E950 36          award_replay    psha    
4451   E951 DF FA                       stx   credit_x_temp
4452   E953 CE 01 16                    ldx #aud_replaycredits      ;AUD: Replay Score Credits
4453   E956 BD E9 EB                    jsr ptrx_plus_1             ;Add 1 to data at X
4454   E959 BD D0 BA                    jsr gr_special_event            ;Game ROM Hook
4455   E95C DE FA                       ldx   credit_x_temp
4456   E95E 20 0E                       bra eb_rts  
4457   E960             
4458   E960 36          award_extraball psha    
4459   E961 DF F8       do_eb           stx eb_x_temp               ;Save X for later
4460   E963 BD D0 B8                    jsr gr_eb_event
4461   E966 CE 01 22                    ldx #aud_extraballs         ;AUD: Total Extra Balls
4462   E969 BD E9 EB                    jsr ptrx_plus_1             ;Add 1 to data at X
4463   E96C DE F8                       ldx eb_x_temp               ;Restore X
4464   E96E 32          eb_rts          pula    
4465   E96F 39                          rts
4466   E970             
4467   E970 DF FA       addcredits      stx credit_x_temp           ;Save X
4468   E972 36                          psha    
4469   E973 37          addcredit2      pshb    
4470   E974 8D 3C                       bsr checkmaxcredits         ;Check Max Credits (Carry Set if Okay)
4471   E976                             ifcs                        ;No more if Carry Clear.
4471   E976             
4471   E976 24 FE       
4472   E978 BD E0 88                        jsr cmosinc_b               ;CMOS,X++ -> B
4473   E97B 09                              dex 
4474   E97C 09                              dex 
4475   E97D 1B                              aba                     ;Add the new credits.
4476   E97E 19                              daa                     ;Adjust
4477   E97F                                 ifcs
4477   E97F             
4477   E97F 24 FE       
4478   E981 86 99                               ldaa    #$99                    ;If it rolled, set it to 99
4479   E983                                 endif
4479   E983             
4479   E983             
4479   E983             
4479   E983             
4479   E983             
4479   E983~                                endif
4479   E983~                                endif
4479   E983             
4479   E983~                                endif
4479   E983~                                endif
4479   E983             
4479   E980             
4479   E980 02          
4479   E981             
4479   E981             
4479   E981~                                endif
4479   E981~                                endif
4479   E981~                                endif
4479   E981             
4479   E983             
4479   E983~                                endif
4479   E983~                                endif
4479   E983             
4480   E983 BD E0 D4                        jsr a_cmosinc               ;A -> CMOS,X++
4481   E986 F1 11 9A                        cmpb    current_credits         ;Actual Credits
4482   E989                                 ifeq                        ;Check against shown credits
4482   E989             
4482   E989 26 FE       
4483   E98B C6 0E                               ldab    #$0E
4484   E98D D7 C8                               stab    thread_priority
4485   E98F CE E9 C8                            ldx #creditq                ;Thread: Add on Queued Credits
4486   E992 BD DB C2                            jsr newthread_sp            ;Push VM: Data in A,B,X,threadpriority,$A6,$A7
4487   E995                                     ifcs                        ;If Carry is set, thread was not added
4487   E995             
4487   E995 24 FE       
4488   E997 B7 11 9A                                staa    current_credits         ;Actual Credits
4489   E99A                                     endif
4489   E99A             
4489   E99A             
4489   E99A             
4489   E99A             
4489   E99A             
4489   E99A~                                    endif
4489   E99A~                                    endif
4489   E99A             
4489   E99A~                                    endif
4489   E99A~                                    endif
4489   E99A             
4489   E996             
4489   E996 03          
4489   E997             
4489   E997             
4489   E997~                                    endif
4489   E997~                                    endif
4489   E997~                                    endif
4489   E997             
4489   E99A             
4489   E99A~                                    endif
4489   E99A~                                    endif
4489   E99A             
4490   E99A                                 endif
4490   E99A             
4490   E99A             
4490   E99A             
4490   E99A             
4490   E99A             
4490   E99A~                                endif
4490   E99A~                                endif
4490   E99A             
4490   E99A~                                endif
4490   E99A~                                endif
4490   E99A             
4490   E98A             
4490   E98A 0F          
4490   E98B             
4490   E98B             
4490   E98B~                                endif
4490   E98B~                                endif
4490   E98B~                                endif
4490   E98B             
4490   E99A             
4490   E99A~                                endif
4490   E99A~                                endif
4490   E99A             
4491   E99A 8D 04                           bsr coinlockout             ;Check Max Credits, Adjust Coin Lockout If Necessary
4492   E99C                             endif
4492   E99C             
4492   E99C             
4492   E99C             
4492   E99C             
4492   E99C             
4492   E99C~                            endif
4492   E99C~                            endif
4492   E99C             
4492   E99C~                            endif
4492   E99C~                            endif
4492   E99C             
4492   E977             
4492   E977 24          
4492   E978             
4492   E978             
4492   E978~                            endif
4492   E978~                            endif
4492   E978~                            endif
4492   E978             
4492   E99C             
4492   E99C~                            endif
4492   E99C~                            endif
4492   E99C             
4493   E99C DE FA                       ldx credit_x_temp           ;Restore X
4494   E99E 20 25                       bra pull_ba_rts             ;pulb,pula,rts
4495   E9A0             
4496   E9A0             ;**********************************************
4497   E9A0             ;* Adjust the coin lockout solenoid and the 
4498   E9A0             ;* credit lamp on playfield if installed.
4499   E9A0             ;**********************************************         
4500   E9A0 36          coinlockout     psha    
4501   E9A1 BD E9 B2                    jsr checkmaxcredits         ;Check Max Credits (Carry Set if Okay)
4502   E9A4 B6 D0 63                    ldaa    gr_coinlockout          ;Get coil number
4503   E9A7 8A F0                       oraa    #$F0
4504   E9A9                             ifcc
4504   E9A9             
4504   E9A9 25 FE       
4505   E9AB 84 0F                           anda    #$0F
4506   E9AD                             endif
4506   E9AD             
4506   E9AD             
4506   E9AD             
4506   E9AD             
4506   E9AD             
4506   E9AD~                            endif
4506   E9AD~                            endif
4506   E9AD             
4506   E9AD~                            endif
4506   E9AD~                            endif
4506   E9AD             
4506   E9AA             
4506   E9AA 02          
4506   E9AB             
4506   E9AB             
4506   E9AB~                            endif
4506   E9AB~                            endif
4506   E9AB~                            endif
4506   E9AB             
4506   E9AD             
4506   E9AD~                            endif
4506   E9AD~                            endif
4506   E9AD             
4507   E9AD BD DC 6D                    jsr solbuf              ;Turn Off Lockout Coils
4508   E9B0 32                          pula    
4509   E9B1 39                          rts 
4510   E9B2             
4511   E9B2             ;**********************************************
4512   E9B2             ;* See if we are at the adjustable maximum 
4513   E9B2             ;* credits allowed. If we are at max then
4514   E9B2             ;* carry flag is cleared, if we are not at
4515   E9B2             ;* max then the carry flag is set.
4516   E9B2             ;**********************************************         
4517   E9B2 36          checkmaxcredits psha    
4518   E9B3 37                          pshb    
4519   E9B4 CE 01 AB                    ldx #adj_max_credits            ;ADJ: Max Credits
4520   E9B7 BD E0 88                    jsr cmosinc_b               ;CMOS,X++ -> B
4521   E9BA CE 01 6E                    ldx #aud_currentcredits     ;CMOS: Current Credits
4522   E9BD 5D                          tstb                        ;Max Credits allowed
4523   E9BE 0D                          sec 
4524   E9BF                             ifne
4524   E9BF             
4524   E9BF 27 FE       
4525   E9C1 BD EF B0                        jsr cmos_a              ;CMOS, X -> A
4526   E9C4 11                              cba 
4527   E9C5                             endif
4527   E9C5             
4527   E9C5             
4527   E9C5             
4527   E9C5             
4527   E9C5             
4527   E9C5~                            endif
4527   E9C5~                            endif
4527   E9C5             
4527   E9C5~                            endif
4527   E9C5~                            endif
4527   E9C5             
4527   E9C0             
4527   E9C0 04          
4527   E9C1             
4527   E9C1             
4527   E9C1~                            endif
4527   E9C1~                            endif
4527   E9C1~                            endif
4527   E9C1             
4527   E9C5             
4527   E9C5~                            endif
4527   E9C5~                            endif
4527   E9C5             
4528   E9C5 33          pull_ba_rts     pulb    
4529   E9C6 32                          pula    
4530   E9C7 39                          rts
4531   E9C8             
4532   E9C8             ;***********************************************
4533   E9C8             ;* This routine is spawned as a thread when the
4534   E9C8             ;* credits in memory space do not match
4535   E9C8             ;* the number of credits in the CMOS RAM. It 
4536   E9C8             ;* Takes care of bringing them equal in a timely
4537   E9C8             ;* fashion and calling the game ROM hook each
4538   E9C8             ;* time a credit is added to the memory location. 
4539   E9C8             ;* With this, the game ROM can control the credit 
4540   E9C8             ;* award process.
4541   E9C8             ;***********************************************            
4542   E9C8 CE 01 6E    creditq         ldx #aud_currentcredits     ;CMOS: Current Credits
4543   E9CB BD E0 88                    jsr cmosinc_b               ;CMOS,X++ -> B
4544   E9CE F1 11 9A                    cmpb    current_credits
4545   E9D1                             ifne
4545   E9D1             
4545   E9D1 27 FE       
4546   E9D3 B6 11 9A                        ldaa    current_credits
4547   E9D6 8B 01                           adda    #$01
4548   E9D8 19                              daa 
4549   E9D9 B7 11 9A                        staa    current_credits
4550   E9DC FE D0 CA                        ldx gr_coin_ptr         ;Game ROM:
4551   E9DF 11                              cba 
4552   E9E0                                 ifne
4552   E9E0             
4552   E9E0 27 FE       
4553   E9E2 AD 00                               jsr $00,X                   ;jsr to Game ROM Credit Hook
4554   E9E4 20 E2                               bra creditq             ;Loop it.
4555   E9E6                                 endif
4555   E9E6             
4555   E9E6             
4555   E9E6             
4555   E9E6             
4555   E9E6             
4555   E9E6~                                endif
4555   E9E6~                                endif
4555   E9E6             
4555   E9E6~                                endif
4555   E9E6~                                endif
4555   E9E6             
4555   E9E1             
4555   E9E1 04          
4555   E9E2             
4555   E9E2             
4555   E9E2~                                endif
4555   E9E2~                                endif
4555   E9E2~                                endif
4555   E9E2             
4555   E9E6             
4555   E9E6~                                endif
4555   E9E6~                                endif
4555   E9E6             
4556   E9E6 AD 00                           jsr $00,X                   ;jsr to Game ROM/bell?
4557   E9E8                             endif
4557   E9E8             
4557   E9E8             
4557   E9E8             
4557   E9E8             
4557   E9E8             
4557   E9E8~                            endif
4557   E9E8~                            endif
4557   E9E8             
4557   E9E8~                            endif
4557   E9E8~                            endif
4557   E9E8             
4557   E9D2             
4557   E9D2 15          
4557   E9D3             
4557   E9D3             
4557   E9D3~                            endif
4557   E9D3~                            endif
4557   E9D3~                            endif
4557   E9D3             
4557   E9E8             
4557   E9E8~                            endif
4557   E9E8~                            endif
4557   E9E8             
4558   E9E8 7E DB AE                    jmp killthread              ;Remove Current Thread from VM
4559   E9EB             
4560   E9EB             ;*************************************************
4561   E9EB             ;* Some utility routines for getting data from
4562   E9EB             ;* the CMOS RAM areas.
4563   E9EB             ;*************************************************
4564   E9EB 36          ptrx_plus_1     psha    
4565   E9EC 86 01                       ldaa    #$01
4566   E9EE 20 01                       bra ptrx_plus
4567   E9F0 36          ptrx_plus_a     psha    
4568   E9F1 37          ptrx_plus       pshb    
4569   E9F2 DF B8                       stx temp1
4570   E9F4 BD E0 88                    jsr cmosinc_b               ;CMOS,X++ -> B
4571   E9F7 37                          pshb    
4572   E9F8 BD E0 88                    jsr cmosinc_b               ;CMOS,X++ -> B
4573   E9FB 1B                          aba 
4574   E9FC 19                          daa 
4575   E9FD 16                          tab 
4576   E9FE 32                          pula    
4577   E9FF 89 00                       adca    #$00
4578   EA01 19                          daa 
4579   EA02 DE B8                       ldx temp1
4580   EA04 BD E0 D4                    jsr a_cmosinc               ;A -> CMOS,X++
4581   EA07 BD E0 8E                    jsr b_cmosinc               ;B -> CMOS,X++
4582   EA0A DE B8                       ldx temp1
4583   EA0C 20 B7                       bra pull_ba_rts             ;pula, pulb, rts.
4584   EA0E                     
4585   EA0E             coin_accepted   
4586   EA0E                             ;Starts with macro
4587   EA0E                             JSRR_(do_coin)  ;MJSR $F7A7
4587   EA0E~                            JSRR_(do_coin)  ;MJSR $F7A7
4587   EA0E~                            JSRR_(do_coin)  ;MJSR $F7A7
4587   EA0E             
4587   EA0E~                            JSRR_(do_coin)  ;MJSR $F7A7
4587   EA0E~                            JSRR_(do_coin)  ;MJSR $F7A7
4587   EA0E             
4587   EA0E             
4587   EA0E 90          
4587   EA0F 03          
4588   EA10 7E DB AE                    jmp killthread
4589   EA13                         
4590   EA13             do_coin         PRI_($0E)       ;Set this loops priority to #0E
4590   EA13 52 0E       
4591   EA15                             SLEEP_($20)     ;Delay $20
4591   EA15~                            SLEEP_($20)     ;Delay $20
4591   EA15~                            SLEEP_($20)     ;Delay $20
4591   EA15             
4591   EA15 53 20       
4591   EA17             
4592   EA17                             CPUX_           ;Resume CPU execution       
4592   EA17 04          
4593   EA18 43                          coma 
4594   EA19 8B 06                       adda    #$06
4595   EA1B 48                          asla 
4596   EA1C 16                          tab                     ;A is 0,2,4  
4597   EA1D 58                          aslb                    ;B is 0,4,8
4598   EA1E CE 01 02                    ldx     #aud_leftcoins      ;AUD: Coins Left/Center/Right Chute Base for counter
4599   EA21 BD E0 72                    jsr     xplusb          ;Adjust Pointer
4600   EA24 BD E9 EB                    jsr     ptrx_plus_1         ;Add 1 click to the counter
4601   EA27 CE 01 AF                    ldx     #cmos_pricingbase       ;AUD: Coin Slot Multiplier Base
4602   EA2A BD E0 24                    jsr     xplusa              ;Adjust Pointer
4603   EA2D BD E0 88                    jsr     cmosinc_b           ;Get Multiplier into B
4604   EA30 8D 6F                       bsr     dec2hex             ;Make it hex
4605   EA32 CE 01 62                    ldx     #cmos_bonusunits    
4606   EA35 8D 46                       bsr     cmos_a_plus_b_cmos      ;Load Previous Coin Count, Add B, Save it in CMOS++
4607   EA37 8D 44                       bsr     cmos_a_plus_b_cmos      ;Load A with CMOS $0164, add B, Save in CMOS++
4608   EA39 CE 01 B9                    ldx     #cmos_minimumcoins  ;ADJ: Minimum Coin Units
4609   EA3C BD E0 88                    jsr     cmosinc_b           ;Get Minimum Coin Amount into B
4610   EA3F 8D 60                       bsr dec2hex
4611   EA41 11                          cba  
4612   EA42                             ifcc                    ;Have we met inserted minimum coins?
4612   EA42             
4612   EA42 25 FE       
4613   EA44                                                     ;Yes!
4614   EA44 CE 01 B5                        ldx     #cmos_coinsforcredit    ;ADJ: Coin Units required for Credit
4615   EA47 BD E0 88                        jsr     cmosinc_b           ;Get Value
4616   EA4A 8D 55                           bsr     dec2hex             ;Convert Decimal(B) to Hex(B)
4617   EA4C 8D 36                           bsr     divide_ab
4618   EA4E 97 B8                           staa  temp1
4619   EA50 CE 01 64                        ldx     #cmos_coinunits     ;Save remainder coin units for next time
4620   EA53 BD E0 8E                        jsr     b_cmosinc           ;( B -> CMOS,X++)
4621   EA56 CE 01 B7                        ldx     #cmos_bonuscoins        ;ADJ: Coin Unit Bonus Point
4622   EA59 BD E0 88                        jsr     cmosinc_b           ;( CMOS,X++ -> B )
4623   EA5C CE 01 62                        ldx     #cmos_bonusunits    
4624   EA5F BD E0 78                        jsr     cmosinc_a           ;( CMOS,X++ -> A )
4625   EA62 8D 3D                           bsr     dec2hex             ;Convert Decimal(B) to Hex(B)
4626   EA64 8D 1E                           bsr     divide_ab
4627   EA66 4D                              tsta 
4628   EA67                                 ifne
4628   EA67             
4628   EA67 27 FE       
4629   EA69 8D 2C                               bsr clr_bonus_coins
4630   EA6B                                 endif
4630   EA6B             
4630   EA6B             
4630   EA6B             
4630   EA6B             
4630   EA6B             
4630   EA6B~                                endif
4630   EA6B~                                endif
4630   EA6B             
4630   EA6B~                                endif
4630   EA6B~                                endif
4630   EA6B             
4630   EA68             
4630   EA68 02          
4630   EA69             
4630   EA69             
4630   EA69~                                endif
4630   EA69~                                endif
4630   EA69~                                endif
4630   EA69             
4630   EA6B             
4630   EA6B~                                endif
4630   EA6B~                                endif
4630   EA6B             
4631   EA6B 9B B8                           adda    temp1
4632   EA6D 19                              daa  
4633   EA6E CE 01 0E                        ldx     #aud_paidcredits        ;AUD: Total Paid Credits
4634   EA71 BD E9 F0                        jsr     ptrx_plus_a         ;Add A to data at X:
4635   EA74 7E E9 70                        jmp     addcredits          ;Add Credits if Possible
4636   EA77                             endif
4636   EA77             
4636   EA77             
4636   EA77             
4636   EA77             
4636   EA77             
4636   EA77~                            endif
4636   EA77~                            endif
4636   EA77             
4636   EA77~                            endif
4636   EA77~                            endif
4636   EA77             
4636   EA43             
4636   EA43 33          
4636   EA44             
4636   EA44             
4636   EA44~                            endif
4636   EA44~                            endif
4636   EA44~                            endif
4636   EA44             
4636   EA77             
4636   EA77~                            endif
4636   EA77~                            endif
4636   EA77             
4637   EA77 B6 D0 5C                    ldaa    gr_creditsound      ;Game ROM Data: Credit Sound
4638   EA7A 7E DE 21                    jmp     isnd_once           ;Play Sound Index(A) Once
4639   EA7D             
4640   EA7D             ;*********************************************************
4641   EA7D             ;* Load A with value in X, Add B, Save to CMOS and 
4642   EA7D             ;* post increment
4643   EA7D             ;*********************************************************
4644   EA7D             cmos_a_plus_b_cmos  
4645   EA7D BD EF B0                    jsr cmos_a          ;CMOS, X -> A 
4646   EA80 1B                          aba 
4647   EA81 7E E0 D4                    jmp a_cmosinc           ;A -> CMOS,X++
4648   EA84             
4649   EA84             ;********************************************************
4650   EA84             ;* Divides A by B, returns result in A and remainder in
4651   EA84             ;* B. Input values are in Hex and not decimal.
4652   EA84             ;********************************************************           
4653   EA84 D7 BB       divide_ab       stab    temp2+1
4654   EA86                             ifne
4654   EA86             
4654   EA86 27 FE       
4655   EA88 16                              tab 
4656   EA89 86 99                           ldaa    #$99    
4657   EA8B                                 begin
4657   EA8B             
4658   EA8B 8B 01                               adda    #$01
4659   EA8D 19                                  daa 
4660   EA8E D0 BB                               subb    temp2+1
4661   EA90                                 csend
4661   EA90             
4661   EA90             
4661   EA90~                                csend
4661   EA90~                                csend
4661   EA90~                                csend
4661   EA90             
4661   EA90 24 F9       
4661   EA92             
4661   EA92~                                csend
4661   EA92~                                csend
4661   EA92             
4662   EA92 DB BB                           addb    temp2+1
4663   EA94 39                              rts 
4664   EA95                             endif
4664   EA95             
4664   EA95             
4664   EA95             
4664   EA95             
4664   EA95             
4664   EA95~                            endif
4664   EA95~                            endif
4664   EA95             
4664   EA95~                            endif
4664   EA95~                            endif
4664   EA95             
4664   EA87             
4664   EA87 0D          
4664   EA88             
4664   EA88             
4664   EA88~                            endif
4664   EA88~                            endif
4664   EA88~                            endif
4664   EA88             
4664   EA95             
4664   EA95~                            endif
4664   EA95~                            endif
4664   EA95             
4665   EA95 17                          tba 
4666   EA96 39                          rts
4667   EA97             
4668   EA97             ;********************************************************
4669   EA97             ;* Cleans out any half credits and bonus coins
4670   EA97             ;********************************************************           
4671   EA97 CE 00 00    clr_bonus_coins ldx #0000
4672   EA9A FF 01 64                    stx cmos_coinunits
4673   EA9D FF 01 62                    stx cmos_bonusunits
4674   EAA0 39                          rts 
4675   EAA1             
4676   EAA1             ;********************************************************
4677   EAA1             ;* Convert 2 digit decimal value into a hex number
4678   EAA1             ;*
4679   EAA1             ;* Requires:    Decimal Number in B
4680   EAA1             ;* Protects:    A
4681   EAA1             ;* Destroys:    
4682   EAA1             ;* Output:      Hex Number in B
4683   EAA1             ;********************************************************
4684   EAA1 36          dec2hex         psha    
4685   EAA2 17                          tba 
4686   EAA3 5F                          clrb    
4687   EAA4                             begin
4687   EAA4             
4688   EAA4 4D                              tsta    
4689   EAA5 27 6A                           beq to_pula_rts     ;done
4690   EAA7 8B 99                           adda    #$99
4691   EAA9 19                              daa 
4692   EAAA 5C                              incb    
4693   EAAB                             loopend         ;Loop forever
4693   EAAB             
4693   EAAB             
4693   EAAB~                            loopend         ;Loop forever
4693   EAAB~                            loopend         ;Loop forever
4693   EAAB~                            loopend         ;Loop forever
4693   EAAB             
4693   EAAB 20 F7       
4693   EAAD             
4693   EAAD~                            loopend         ;Loop forever
4693   EAAD~                            loopend         ;Loop forever
4693   EAAD             
4694   EAAD             
4695   EAAD             ;*********************************************************
4696   EAAD             ;* Stores A from X to X+B
4697   EAAD             ;* 
4698   EAAD             ;* Requires:    A,B,X
4699   EAAD             ;* Destroys:    B
4700   EAAD             ;********************************************************           
4701   EAAD             write_range     begin
4701   EAAD             
4702   EAAD A7 00                           staa    $00,X
4703   EAAF 08                              inx 
4704   EAB0 5A                              decb    
4705   EAB1                             eqend
4705   EAB1             
4705   EAB1             
4705   EAB1~                            eqend
4705   EAB1~                            eqend
4705   EAB1~                            eqend
4705   EAB1             
4705   EAB1 26 FA       
4705   EAB3             
4705   EAB3~                            eqend
4705   EAB3~                            eqend
4705   EAB3             
4706   EAB3 39                          rts 
4707   EAB4             
4708   EAB4             ;*********************************************************
4709   EAB4             ;* Initialzes a new game.
4710   EAB4             ;*********************************************************          
4711   EAB4 FE D0 CC    do_game_init    ldx gr_gamestart_ptr            ;Game Start Hook
4712   EAB7 AD 00                       jsr $00,X                   ;jsr to Game ROM Hook
4713   EAB9 BD EC 22                    jsr dump_score_queue            ;Clean the score queue
4714   EABC 8D 55                       bsr clear_displays          ;Blank all Player Displays (buffer 0)
4715   EABE 4A                          deca
4716   EABF 97 5E                       staa   p1_dispalt
4717   EAC1 8D 34                       bsr initialize_game         ;Remove one Credit, init some game variables
4718   EAC3 8D 03                       bsr add_player              ;Add one Player
4719   EAC5 7E EB 53                    jmp init_player_up
4720   EAC8             
4721   EAC8             
4722   EAC8             ;****************************************************
4723   EAC8             ;* Add Player: Increments player count and loads    
4724   EAC8             ;*             default game data for that player.  
4725   EAC8             ;*             Plays start sound and inits display.
4726   EAC8             ;*
4727   EAC8             ;* Requires:   No Variables
4728   EAC8             ;****************************************************   
4729   EAC8 BD D0 C0    add_player      jsr   gr_addplayer_event
4730   EACB 7C 00 EA                    inc   num_players
4731   EACE D6 EA                       ldab  num_players
4732   EAD0 8D 5C                       bsr   init_player_game
4733   EAD2                         
4734   EAD2 CE D0 57                    ldx #gr_p1_startsound           ;Game ROM Table: Player Start Sounds
4735   EAD5 BD E0 72                    jsr xplusb              ;X = X + B)
4736   EAD8 A6 00                       ldaa    $00,X
4737   EADA BD DE 21                    jsr isnd_once               ;Play Player Start Sound From Game ROM Table
4738   EADD CE 01 93                    ldx #adj_wizardspergame
4739   EAE0 BD E0 78                    jsr cmosinc_a           
4740   EAE3 5D                          tstb
4741   EAE4                             ifne
4741   EAE4             
4741   EAE4 27 FE       
4742   EAE6 97 5D                           staa    p2_dispwiz
4743   EAE8                             else
4743   EAE8             
4743   EAE8             
4743   EAE8             
4743   EAE8             
4743   EAE5             
4743   EAE5             
4743   EAE5             
4743   EAE5~                            else
4743   EAE5~                            else
4743   EAE5~                            else
4743   EAE5~                            else
4743   EAE5             
4743   EAE5~                            else
4743   EAE5~                            else
4743   EAE5~                            else
4743   EAE5~                            else
4743   EAE5             
4743   EAE5             
4743   EAE5 04          
4743   EAE8             
4743   EAE8 20 FE       
4743   EAEA             
4743   EAEA             
4743   EAEA             
4743   EAEA~                            else
4743   EAEA~                            else
4743   EAEA~                            else
4743   EAEA~                            else
4743   EAEA~                            else
4743   EAEA             
4743   EAEA~                            else
4743   EAEA~                            else
4743   EAEA             
4743   EAEA~                            else
4743   EAEA~                            else
4743   EAEA             
4744   EAEA 97 5C                           staa    p1_dispwiz
4745   EAEC                             endif
4745   EAEC             
4745   EAEC             
4745   EAEC             
4745   EAEC             
4745   EAEC             
4745   EAEC~                            endif
4745   EAEC~                            endif
4745   EAEC             
4745   EAEC~                            endif
4745   EAEC~                            endif
4745   EAEC             
4745   EAE9             
4745   EAE9 02          
4745   EAEA             
4745   EAEA             
4745   EAEA~                            endif
4745   EAEA~                            endif
4745   EAEA~                            endif
4745   EAEA             
4745   EAEC             
4745   EAEC~                            endif
4745   EAEC~                            endif
4745   EAEC             
4746   EAEC 58          ap_shft         aslb
4747   EAED 58                          aslb
4748   EAEE CE 00 4C                    ldx #score_p1_b0
4749   EAF1 BD E0 72                    jsr xplusb
4750   EAF4 6F 03                       clr $03,X
4751   EAF6 39                          rts
4752   EAF7             
4753   EAF7             ;****************************************************   
4754   EAF7             ;* Sets up all gameplay variables for a new game.
4755   EAF7             ;****************************************************       
4756   EAF7 4F          initialize_game clra    
4757   EAF8 97 F4                       staa    flag_timer_bip          ;Ball in Play Flag
4758   EAFA 97 EB                       staa    player_up               ;Default player 1 DOH
4759   EAFC 97 E7                       staa    flag_gameover           ;Game Play On
4760   EAFE 97 7C                       staa    comma_flags
4761   EB00 C6 08                       ldab    #$08
4762   EB02 BD DC 45                    jsr     kill_threads
4763   EB05 4A                          deca    
4764   EB06 97 EA                       staa    num_players             ;Subtract one Credit
4765   EB08 C6 12                       ldab    #$12
4766   EB0A CE 00 1C                    ldx     #bitflags               ;Clear all bitflags
4767   EB0D 36          clear_range     psha    
4768   EB0E 4F                          clra    
4769   EB0F 8D 9C                       bsr     write_range             ;Store A from X to X+B
4770   EB11 32          to_pula_rts     pula    
4771   EB12 39                          rts 
4772   EB13             
4773   EB13             ;******************************************************
4774   EB13             ;* Resets all player display scores to Blank 'FFFFFFFF'
4775   EB13             ;******************************************************         
4776   EB13 86 FF       clear_displays  ldaa    #$FF
4777   EB15 C6 10                       ldab    #$10
4778   EB17 CE 00 4C                    ldx     #score_p1_b0
4779   EB1A 8D 91                       bsr     write_range             ;Store A from X to X+B
4780   EB1C 4F                          clra    
4781   EB1D C6 0C                       ldab    #$0C
4782   EB1F CE 00 60                    ldx     #alpha_b0
4783   EB22 8D 89                       bsr     write_range
4784   EB24                             
4785   EB24 4F          clr_dis_masks   clra
4786   EB25 97 7B                       staa    dmask_alpha+1                ;These are the Display Buffer Toggles
4787   EB27 97 7A                       staa    dmask_alpha
4788   EB29 97 79       set_dis_masks12 staa    dmask_p2
4789   EB2B 97 78                       staa    dmask_p1
4790   EB2D 39                          rts 
4791   EB2E             
4792   EB2E             ;**********************************************************
4793   EB2E             ;* Loads the default game data into the player number 
4794   EB2E             ;* passed in B.
4795   EB2E             ;*
4796   EB2E             ;* Requires:        Player Number to init in B
4797   EB2E             ;* Destroys:        X
4798   EB2E             ;* Protects:    A,B
4799   EB2E             ;**********************************************************         
4800   EB2E             init_player_game    
4801   EB2E 36                          psha    
4802   EB2F 37                          pshb    
4803   EB30 8D 0B                       bsr setplayerbuffer         ;Set up the Pointer to the Players Buffer
4804   EB32 8D 15                       bsr copyplayerdata          ;Copy Default Player Data into Player Buffer (X)
4805   EB34 DE B8                       ldx temp1
4806   EB36 C6 06                       ldab    #$06
4807   EB38 8D D3                       bsr clear_range             ;Clear Temp vars temp1,temp2,temp3
4808   EB3A 33                          pulb    
4809   EB3B 32                          pula    
4810   EB3C 39                          rts 
4811   EB3D             
4812   EB3D             ;**********************************************************
4813   EB3D             ;* Will set up X to point at the start of the player 
4814   EB3D             ;* specified in B.
4815   EB3D             ;*
4816   EB3D             ;* Requires:    Player Number in B
4817   EB3D             ;* Destroys:    A,B
4818   EB3D             ;* Protects:    None
4819   EB3D             ;* Output:      X
4820   EB3D             ;**********************************************************         
4821   EB3D 86 24       setplayerbuffer ldaa    #gamedata_size          ;Length of Player Buffer
4822   EB3F CE 11 1C                    ldx     #p1_gamedata-gamedata_size  ;Player 1 base
4823   EB42                             begin
4823   EB42             
4824   EB42 BD E0 24                        jsr     xplusa  ;X = X + A
4825   EB45 5A                              decb    
4826   EB46                             miend
4826   EB46             
4826   EB46             
4826   EB46~                            miend
4826   EB46~                            miend
4826   EB46~                            miend
4826   EB46             
4826   EB46 2A FA       
4826   EB48             
4826   EB48~                            miend
4826   EB48~                            miend
4826   EB48             
4827   EB48 39                          rts 
4828   EB49             
4829   EB49             ;***********************************************************
4830   EB49             ;* Copies Player default data from game ROM to the player 
4831   EB49             ;* buffer specified by X.
4832   EB49             ;*
4833   EB49             ;* Requires: Player Buffer to Fill in X
4834   EB49             ;***********************************************************            
4835   EB49 DF B8       copyplayerdata  stx     temp1
4836   EB4B CE D0 76                    ldx     #gr_playerstartdata     ;*** Table Pointer ***
4837   EB4E C6 1E                       ldab    #$1E
4838   EB50 7E E0 E1                    jmp     copyblock               ;Copy Block: X -> temp1 B=Length
4839   EB53             
4840   EB53             ;***********************************************************
4841   EB53             ; Player Init
4842   EB53             ;    Subtracts 1 from current Wizards remaining
4843   EB53             ;    Resets Player Data
4844   EB53             ;    Flashes Score until a score is made
4845   EB53             ;***********************************************************
4846   EB53 8D 6C       init_player_up  bsr     init_player_sys
4847   EB55 CE 00 5C                    ldx     #p1_dispwiz
4848   EB58 D6 EB                       ldab    player_up
4849   EB5A                             ifne
4849   EB5A             
4849   EB5A 27 FE       
4850   EB5C CE 00 5D                        ldx     #p2_dispwiz
4851   EB5F                             endif
4851   EB5F             
4851   EB5F             
4851   EB5F             
4851   EB5F             
4851   EB5F             
4851   EB5F~                            endif
4851   EB5F~                            endif
4851   EB5F             
4851   EB5F~                            endif
4851   EB5F~                            endif
4851   EB5F             
4851   EB5B             
4851   EB5B 03          
4851   EB5C             
4851   EB5C             
4851   EB5C~                            endif
4851   EB5C~                            endif
4851   EB5C~                            endif
4851   EB5C             
4851   EB5F             
4851   EB5F~                            endif
4851   EB5F~                            endif
4851   EB5F             
4852   EB5F A6 00                       ldaa   $00,X
4853   EB61                             ;ifmi
4854   EB61                             ;   anda  #0F
4855   EB61                             ;endif
4856   EB61 4A                          deca
4857   EB62 A7 00                       staa    $00,X
4858   EB64 8D 7A                       bsr   resetplayerdata
4859   EB66 FE D0 CE                    ldx   gr_playerinit_ptr
4860   EB69 AD 00                       jsr   $00,X
4861   EB6B                             begin
4861   EB6B             
4862   EB6B             player_ready        SLEEP($05)      
4862   EB6B BD DB 66    
4862   EB6E 05          
4863   EB6F                                 ;This following loop makes the current players
4864   EB6F                                 ;score flash until any score is made.
4865   EB6F 8D 36                           bsr   disp_mask
4866   EB71 43                              coma  
4867   EB72 94 7C                           anda  comma_flags
4868   EB74 97 7C                           staa  comma_flags
4869   EB76 8D 3C                           bsr   disp_clear
4870   EB78 DE CF                           ldx   current_thread
4871   EB7A 86 07                           ldaa  #07
4872   EB7C A7 0D                           staa  threadobj_id,X
4873   EB7E CE 00 78                        ldx   #dmask_p1
4874   EB81 BD E0 72                        jsr   xplusb
4875   EB84 A6 00                           ldaa  $00,X
4876   EB86 8A 7F                           oraa    #$7F
4877   EB88 A7 00                           staa  $00,X
4878   EB8A                                 SLEEP($05)
4878   EB8A BD DB 66    
4878   EB8D 05          
4879   EB8E BD D0 BE                        jsr   gr_ballstart_event            ;Game ROM Hook
4880   EB91 A6 00                           ldaa  $00,X
4881   EB93 84 80                           anda  #$80
4882   EB95 A7 00                           staa  $00,X
4883   EB97 BD DC DE                        jsr   update_commas
4884   EB9A DE CF                           ldx   current_thread
4885   EB9C 86 04                           ldaa  #04
4886   EB9E A7 0D                           staa  threadobj_id,X
4887   EBA0 96 F4                           ldaa  flag_timer_bip
4888   EBA2                             neend
4888   EBA2             
4888   EBA2             
4888   EBA2~                            neend
4888   EBA2~                            neend
4888   EBA2~                            neend
4888   EBA2             
4888   EBA2 27 C7       
4888   EBA4             
4888   EBA4~                            neend
4888   EBA4~                            neend
4888   EBA4             
4889   EBA4 7E DB AE                    jmp   killthread            ;Remove Current Thread from Control Stack
4890   EBA7             
4891   EBA7 D6 EB       disp_mask       ldab    player_up               ;Current Player Up (0-1)
4892   EBA9 CE DC DA                    ldx     #comma_million          ;Comma Tables
4893   EBAC BD E0 72                    jsr     xplusb              ;X = X + B)
4894   EBAF A6 00                       ldaa    $00,X                   ;comma_million: 40 04 NOTUSED: 80 08
4895   EBB1 AA 04                       oraa    $04,X                   ;comma_thousand: 10 01 NOTUSED: 20 02
4896   EBB3 39                          rts 
4897   EBB4                             
4898   EBB4 DE EC       disp_clear      ldx     pscore_buf              ;Start of Current Player Score Buffer
4899   EBB6 86 FF                       ldaa    #$FF
4900   EBB8 A7 08                       staa    $08,X
4901   EBBA A7 09                       staa    $09,X
4902   EBBC A7 0A                       staa    $0A,X
4903   EBBE A7 0B                       staa    $0B,X
4904   EBC0 39                          rts 
4905   EBC1             
4906   EBC1             ;********************************************************
4907   EBC1             ;* Initializes new player. Clears tilt counter, reset 
4908   EBC1             ;* bonus ball enable, enables flippers, Loads Player 
4909   EBC1             ;* score buffer pointer.
4910   EBC1             ;********************************************************           
4911   EBC1 96 7D       init_player_sys ldaa    switch_debounced
4912   EBC3 84 FE                       anda    #$FE
4913   EBC5 97 7D                       staa    switch_debounced        ;Blank the Tilt Lines?
4914   EBC7 4F                          clra    
4915   EBC8 97 E6                       staa    flag_tilt               ;Clear Tilt Flag
4916   EBCA 97 F1                       staa    num_tilt                ;Clear Plumb Bob Tilts
4917   EBCC 97 E8                       staa    random_bool             ;Clear Random
4918   EBCE 86 F9                       ldaa    #$F9
4919   EBD0 BD DC 6D                    jsr     solbuf                  ;Turn on Solenoid $09 (Ball Lift)
4920   EBD3 96 EB                       ldaa    player_up               ;Current Player Up (0-2)
4921   EBD5 48                          asla    
4922   EBD6 48                          asla    
4923   EBD7 CE 00 4C                    ldx     #score_p1_b0
4924   EBDA BD E0 24                    jsr     xplusa                  ;X= P1:0038 P2:003C
4925   EBDD DF EC                       stx     pscore_buf              ;Pointer to Start of Score Buffer 0
4926   EBDF 39                          rts 
4927   EBE0             
4928   EBE0             ;*********************************************************
4929   EBE0             ;* Applies Game ROM mask to player game data to reset 
4930   EBE0             ;* specific bits of data. Loads the flashing lamp data
4931   EBE0             ;* Resets Player game data at start of RAM.
4932   EBE0             ;*********************************************************  
4933   EBE0 CE 00 10    resetplayerdata ldx #lampbuffer0
4934   EBE3 DF B8                       stx temp1                   ;temp1 Points to Base of Lamp Matrix Data
4935   EBE5 BD EB 3D                    jsr setplayerbuffer         
4936   EBE8 DF BA                       stx temp2                   ;temp2 Points to Base of Player Game Data Buffer
4937   EBEA CE D0 76                    ldx #gr_playerstartdata     ;X points to base of default player data
4938   EBED                             begin
4938   EBED             
4939   EBED A6 1E                           ldaa    $1E,X                   ;Get Game Data Reset Data
4940   EBEF 16                              tab 
4941   EBF0 53                              comb    
4942   EBF1 E4 00                           andb    $00,X                   ;AND !B with Players Last Lamps
4943   EBF3 08                              inx 
4944   EBF4 DF BC                           stx temp3                   ;X points to base of default player data +1
4945   EBF6 DE BA                           ldx temp2                   ;Player Game Data Buffer
4946   EBF8 A4 00                           anda    $00,X
4947   EBFA 08                              inx 
4948   EBFB DF BA                           stx temp2
4949   EBFD 1B                              aba 
4950   EBFE DE B8                           ldx temp1
4951   EC00 A7 00                           staa    $00,X
4952   EC02 08                              inx 
4953   EC03 8C 00 22                        cpx #$0022
4954   EC06                                 ifeq
4954   EC06             
4954   EC06 26 FE       
4955   EC08 CE 00 40                            ldx #lampflashflag
4956   EC0B                                 endif
4956   EC0B             
4956   EC0B             
4956   EC0B             
4956   EC0B             
4956   EC0B             
4956   EC0B~                                endif
4956   EC0B~                                endif
4956   EC0B             
4956   EC0B~                                endif
4956   EC0B~                                endif
4956   EC0B             
4956   EC07             
4956   EC07 03          
4956   EC08             
4956   EC08             
4956   EC08~                                endif
4956   EC08~                                endif
4956   EC08~                                endif
4956   EC08             
4956   EC0B             
4956   EC0B~                                endif
4956   EC0B~                                endif
4956   EC0B             
4957   EC0B DF B8                           stx temp1
4958   EC0D DE BC                           ldx temp3
4959   EC0F 8C D0 94                        cpx #gr_playerresetdata     ;End of Default Player Game Data
4960   EC12                             eqend                       ;Loop it!
4960   EC12             
4960   EC12             
4960   EC12~                            eqend                       ;Loop it!
4960   EC12~                            eqend                       ;Loop it!
4960   EC12~                            eqend                       ;Loop it!
4960   EC12             
4960   EC12 26 D9       
4960   EC14             
4960   EC14~                            eqend                       ;Loop it!
4960   EC14~                            eqend                       ;Loop it!
4960   EC14             
4961   EC14 CE 00 02                    ldx #$0002
4962   EC17 DF B8                       stx temp1
4963   EC19 DE BA                       ldx temp2
4964   EC1B C6 06                       ldab    #$06
4965   EC1D 8D 50                       bsr to_copyblock            ;Copy Data Block: Current Game Data 0-6 -> Player Game Data 0-6
4966   EC1F 7E E9 A0                    jmp coinlockout             ;Check Max Credits, Adjust Coin Lockout If Necessary 
4967   EC22             
4968   EC22             ;*********************************************************************
4969   EC22             ;* Scoring Queue: This will bring all scores up to date with current *
4970   EC22             ;*                scores waiting to be applied.                      *
4971   EC22             ;*********************************************************************          
4972   EC22             dump_score_queue    
4973   EC22 CE 11 28                    ldx #score_queue
4974   EC25 86 0F                       ldaa    #$0F
4975   EC27                             begin
4975   EC27             
4976   EC27 E6 00                           ldab    $00,X
4977   EC29                                 ifne
4977   EC29             
4977   EC29 27 FE       
4978   EC2B                                     begin
4978   EC2B             
4979   EC2B BD DD 23                                jsr score_main              ;Main Add Points Routine
4980   EC2E 6A 00                                   dec $00,X
4981   EC30                                     eqend
4981   EC30             
4981   EC30             
4981   EC30~                                    eqend
4981   EC30~                                    eqend
4981   EC30~                                    eqend
4981   EC30             
4981   EC30 26 F9       
4981   EC32             
4981   EC32~                                    eqend
4981   EC32~                                    eqend
4981   EC32             
4982   EC32                                 endif
4982   EC32             
4982   EC32             
4982   EC32             
4982   EC32             
4982   EC32             
4982   EC32~                                endif
4982   EC32~                                endif
4982   EC32             
4982   EC32~                                endif
4982   EC32~                                endif
4982   EC32             
4982   EC2A             
4982   EC2A 07          
4982   EC2B             
4982   EC2B             
4982   EC2B~                                endif
4982   EC2B~                                endif
4982   EC2B~                                endif
4982   EC2B             
4982   EC32             
4982   EC32~                                endif
4982   EC32~                                endif
4982   EC32             
4983   EC32 08                              inx 
4984   EC33 4A                              deca    
4985   EC34 85 08                           bita    #$08
4986   EC36                             eqend
4986   EC36             
4986   EC36             
4986   EC36~                            eqend
4986   EC36~                            eqend
4986   EC36~                            eqend
4986   EC36             
4986   EC36 26 EF       
4986   EC38             
4986   EC38~                            eqend
4986   EC38~                            eqend
4986   EC38             
4987   EC38 39                          rts 
4988   EC39             
4989   EC39             ;*********************************************************************
4990   EC39             ;* Main Outhole Routine: The outhole switch will jump here on closure
4991   EC39             ;*********************************************************************          
4992   EC39 8D E7       outhole_main    bsr dump_score_queue            
4993   EC3B 3F                          swi         ;Start Executing Macros
4994   EC3C                             SLEEP_(1)                       ;Delay 1
4994   EC3C             
4994   EC3C 71          
4994   EC3D~                            SLEEP_(1)                       ;Delay 1
4994   EC3D~                            SLEEP_(1)                       ;Delay 1
4994   EC3D             
4995   EC3D                             BEQR_($FE,$01,$01,$FA)          ;Branch if Priority #01 to $F9B0
4995   EC3D~                            BEQR_($FE,$01,$01,$FA)          ;Branch if Priority #01 to $F9B0
4995   EC3D~                            BEQR_($FE,$01,$01,$FA)          ;Branch if Priority #01 to $F9B0
4995   EC3D             
4995   EC3D             
4995   EC3D 5AFE010148  
4995   EC42~                            BEQR_($FE,$01,$01,$FA)          ;Branch if Priority #01 to $F9B0
4995   EC42~                            BEQR_($FE,$01,$01,$FA)          ;Branch if Priority #01 to $F9B0
4995   EC42             
4995   EC42             
4996   EC42                             REMTHREADS_($0A,$00)            ;Reset Threads Based on Priority #0A    
4996   EC42 55 0A 00    
4997   EC45                             CPUX_                   ;Resume CPU Execution
4997   EC45 04          
4998   EC46 FE D0 D0                    ldx     gr_outhole_ptr          ;Game ROM: Pointer
4999   EC49 AD 00                       jsr     $00,X               ;JSR to GameROM
5000   EC4B 7F 00 F4                    clr     flag_timer_bip          ;Ball in Play Flag (Stop Timer)
5001   EC4E D6 EB                       ldab    player_up                 ;Current Player Up (0-3)
5002   EC50 8D 05                       bsr     saveplayertobuffer          ;Save Player Data to Buffer
5003   EC52 8D 1E                       bsr     balladjust              ;Do Outhole Processing (EB, Bonus Ball)
5004   EC54 7E EB 53                    jmp     init_player_up          ;Init New Player Up
5005   EC57             
5006   EC57             ;*********************************************************************
5007   EC57             ;* Save Player Data: This will save lamp and game specific data to   
5008   EC57             ;*                   the holding area so information can carrry from 
5009   EC57             ;*                   ball to ball.            
5010   EC57             ;*********************************************************************
5011   EC57             saveplayertobuffer  
5012   EC57 BD EB 3D                    jsr     setplayerbuffer         ;X=#1126+((B+1)*#1A))
5013   EC5A DF B8                       stx     temp1
5014   EC5C CE 00 10                    ldx     #lampbuffer0
5015   EC5F C6 12                       ldab    #$12
5016   EC61 8D 0C                       bsr     to_copyblock            ;Save current lamp settings
5017   EC63 CE 00 40                    ldx     #lampflashflag
5018   EC66 C6 0C                       ldab    #$0C
5019   EC68 8D 05                       bsr     to_copyblock            ;Save Flashing lamps too!
5020   EC6A CE 00 02                    ldx     #$0002
5021   EC6D C6 06                       ldab    #$06
5022   EC6F 7E E0 E1    to_copyblock    jmp     copyblock               ;Finally, save player game data.
5023   EC72             
5024   EC72             ;*********************************************************************
5025   EC72             ;* Ball Update: This will increment to next player if there is one   
5026   EC72             ;*              or will increment to next ball. If we are on the last
5027   EC72             ;*              ball then it jumps to the gameover handler.
5028   EC72             ;*********************************************************************
5029   EC72 CE 01 2A    balladjust      ldx   #aud_totalballs
5030   EC75 BD E9 EB                    jsr   ptrx_plus_1           ;Add 1 to data in X
5031   EC78 5F          badj_loop       clrb  
5032   EC79 96 EA                       ldaa   num_players
5033   EC7B                             ifne
5033   EC7B             
5033   EC7B 27 FE       
5034   EC7D 96 EB                           ldaa   player_up
5035   EC7F                                 ifeq
5035   EC7F             
5035   EC7F 26 FE       
5036   EC81 5C                                  incb
5037   EC82                                 endif
5037   EC82             
5037   EC82             
5037   EC82             
5037   EC82             
5037   EC82             
5037   EC82~                                endif
5037   EC82~                                endif
5037   EC82             
5037   EC82~                                endif
5037   EC82~                                endif
5037   EC82             
5037   EC80             
5037   EC80 01          
5037   EC81             
5037   EC81             
5037   EC81~                                endif
5037   EC81~                                endif
5037   EC81~                                endif
5037   EC81             
5037   EC82             
5037   EC82~                                endif
5037   EC82~                                endif
5037   EC82             
5038   EC82 D7 EB                           stab   player_up
5039   EC84                                 ifeq
5039   EC84             
5039   EC84 26 FE       
5040   EC86 8D 16                               bsr   chk_p1
5041   EC88 27 05                               beq   badj_p2
5042   EC8A 39          badj_rts                rts 
5043   EC8B                                 endif
5043   EC8B             
5043   EC8B             
5043   EC8B             
5043   EC8B             
5043   EC8B             
5043   EC8B~                                endif
5043   EC8B~                                endif
5043   EC8B             
5043   EC8B~                                endif
5043   EC8B~                                endif
5043   EC8B             
5043   EC85             
5043   EC85 05          
5043   EC86             
5043   EC86             
5043   EC86~                                endif
5043   EC86~                                endif
5043   EC86~                                endif
5043   EC86             
5043   EC8B             
5043   EC8B~                                endif
5043   EC8B~                                endif
5043   EC8B             
5044   EC8B 96 5D                           ldaa   p2_dispwiz
5045   EC8D                                 ;cmpa  #$00
5046   EC8D 26 FB                           bne   badj_rts
5047   EC8F 8D 0D       badj_p2             bsr   chk_p1
5048   EC91 26 E5                           bne   badj_loop
5049   EC93 91 5D                           cmpa  p2_dispwiz
5050   EC95 26 E1                           bne   badj_loop
5051   EC97                             else
5051   EC97             
5051   EC97             
5051   EC97             
5051   EC97             
5051   EC7C             
5051   EC7C             
5051   EC7C             
5051   EC7C~                            else
5051   EC7C~                            else
5051   EC7C~                            else
5051   EC7C~                            else
5051   EC7C             
5051   EC7C~                            else
5051   EC7C~                            else
5051   EC7C~                            else
5051   EC7C~                            else
5051   EC7C             
5051   EC7C             
5051   EC7C 1C          
5051   EC97             
5051   EC97 20 FE       
5051   EC99             
5051   EC99             
5051   EC99             
5051   EC99~                            else
5051   EC99~                            else
5051   EC99~                            else
5051   EC99~                            else
5051   EC99~                            else
5051   EC99             
5051   EC99~                            else
5051   EC99~                            else
5051   EC99             
5051   EC99~                            else
5051   EC99~                            else
5051   EC99             
5052   EC99 8D 03                           bsr   chk_p1
5053   EC9B                                 ifne
5053   EC9B             
5053   EC9B 27 FE       
5054   EC9D 39                                  rts 
5055   EC9E 96 5C       chk_p1                  ldaa   p1_dispwiz
5056   ECA0                                     ;cmpa  #$F0
5057   ECA0 39                                  rts   
5058   ECA1 CE 00 54    show_hstd               ldx   #score_p1_b1
5059   ECA4 DF B8                               stx   temp1
5060   ECA6 86 02                               ldaa   #02
5061   ECA8                                     begin
5061   ECA8             
5062   ECA8 C6 04                                   ldab   #04
5063   ECAA CE 01 66                                ldx   #aud_currenthstd
5064   ECAD BD F1 A2                                jsr   block_copy
5065   ECB0 4A                                      deca  
5066   ECB1                                     eqend
5066   ECB1             
5066   ECB1             
5066   ECB1~                                    eqend
5066   ECB1~                                    eqend
5066   ECB1~                                    eqend
5066   ECB1             
5066   ECB1 26 F5       
5066   ECB3             
5066   ECB3~                                    eqend
5066   ECB3~                                    eqend
5066   ECB3             
5067   ECB3 39                                  rts                 ;all done, return
5068   ECB4                                 endif
5068   ECB4             
5068   ECB4             
5068   ECB4             
5068   ECB4             
5068   ECB4             
5068   ECB4~                                endif
5068   ECB4~                                endif
5068   ECB4             
5068   ECB4~                                endif
5068   ECB4~                                endif
5068   ECB4             
5068   EC9C             
5068   EC9C 17          
5068   EC9D             
5068   EC9D             
5068   EC9D~                                endif
5068   EC9D~                                endif
5068   EC9D~                                endif
5068   EC9D             
5068   ECB4             
5068   ECB4~                                endif
5068   ECB4~                                endif
5068   ECB4             
5069   ECB4                             endif
5069   ECB4             
5069   ECB4             
5069   ECB4             
5069   ECB4             
5069   ECB4             
5069   ECB4~                            endif
5069   ECB4~                            endif
5069   ECB4             
5069   ECB4~                            endif
5069   ECB4~                            endif
5069   ECB4             
5069   EC98             
5069   EC98 1B          
5069   EC99             
5069   EC99             
5069   EC99~                            endif
5069   EC99~                            endif
5069   EC99~                            endif
5069   EC99             
5069   ECB4             
5069   ECB4~                            endif
5069   ECB4~                            endif
5069   ECB4             
5070   ECB4                             ;fall through on game over
5071   ECB4 BD D0 C2    gameover        jsr   gr_gameover_event
5072   ECB7 CE 00 40                    ldx   #lampflashflag
5073   ECBA C6 0C                       ldab  #$0C
5074   ECBC BD EB 0D                    jsr   clear_range
5075   ECBF 20 29                       bra   check_hstd
5076   ECC1             
5077   ECC1 B6 D0 5B    endgame         ldaa  gr_gameoversound
5078   ECC4 BD DE 21                    jsr   isnd_once
5079   ECC7                             ;fall through to init
5080   ECC7             
5081   ECC7 B6 D0 5D    powerup_init    ldaa    gr_gameover_lamp            ;Game ROM: Game Over Lamp Location
5082   ECCA 3F                          swi 
5083   ECCB                             SOL_($09)               ;Turn Off Solenoid: Shooter/BallLift Disabled
5083   ECCB 31 09       
5084   ECCD                             BITFLP_($00)            ;Flash Lamp: Lamp Locatation at RAM $00
5084   ECCD             
5084   ECCD 17 00       
5085   ECCF                             CPUX_               ;Resume CPU execution
5085   ECCF 04          
5086   ECD0 7C 00 E7    set_gameover    inc flag_gameover           ;Set Game Over
5087   ECD3 FE D0 5F                    ldx gr_gameoverthread_ptr       ;Game ROM: Init Pointer
5088   ECD6 BD DC 0E                    jsr newthread_06            ;Push VM: Data in A,B,X,$A6,$A7,$AA=#06
5089   ECD9 BD EB 24                    jsr clr_dis_masks       
5090   ECDC 7E DB AE                    jmp killthread              ;Remove Current Thread from VM
5091   ECDF             
5092   ECDF             
5093   ECDF             get_aud_baseawd
5094   ECDF CE 01 46                    ldx   #aud_game7
5095   ECE2 96 EB                       ldaa   player_up
5096   ECE4                             ifne   
5096   ECE4             
5096   ECE4 27 FE       
5097   ECE6 CE 01 48                        ldx   #aud_game7+2
5098   ECE9                             endif
5098   ECE9             
5098   ECE9             
5098   ECE9             
5098   ECE9             
5098   ECE9             
5098   ECE9~                            endif
5098   ECE9~                            endif
5098   ECE9             
5098   ECE9~                            endif
5098   ECE9~                            endif
5098   ECE9             
5098   ECE5             
5098   ECE5 03          
5098   ECE6             
5098   ECE6             
5098   ECE6~                            endif
5098   ECE6~                            endif
5098   ECE6~                            endif
5098   ECE6             
5098   ECE9             
5098   ECE9~                            endif
5098   ECE9~                            endif
5098   ECE9             
5099   ECE9 39                          rts   
5100   ECEA             
5101   ECEA CE 01 81    check_hstd      ldx #adj_backuphstd         ;CMOS: Backup HSTD
5102   ECED BD E0 78                    jsr cmosinc_a               ;CMOS,X++ -> A
5103   ECF0                             ifne                        ;No award if backup HSTD is 0,000,000
5103   ECF0             
5103   ECF0 27 FE       
5104   ECF2 7F 00 BF                        clr sys_temp2
5105   ECF5 C6 02                           ldab    #$02
5106   ECF7 D7 BE                           stab    sys_temp1
5107   ECF9 CE 00 49                        ldx #score_p1_b0-3          ;Start High and work down low on the digits
5108   ECFC DF C2                           stx sys_temp5
5109   ECFE                                 begin
5109   ECFE             
5110   ECFE C6 04                               ldab    #$04
5111   ED00 D7 C6                               stab    sys_temp_w3             ;Number of score Bytes Per Player
5112   ED02 CE 01 66                            ldx #aud_currenthstd            ;CMOS: Current HSTD
5113   ED05                                     begin
5113   ED05             
5114   ED05 BD E0 88                                jsr cmosinc_b               ;CMOS,X++ -> B
5115   ED08 DF C4                                   stx sys_temp_w2
5116   ED0A DE C2                                   ldx sys_temp5
5117   ED0C BD DD A9                                jsr score2hex               ;Convert MSD Blanks to 0's on (X+03)
5118   ED0F 11                                      cba 
5119   ED10 22 2B                                   bhi update_hstd             ;HSTD beat by this digit, adjust HSTD so we dont have multiple awards by each player beating HSTD.
5120   ED12 26 48                                   bne hstd_adddig             ;Add LSB of sys_temp_w3 to sys_temp5 then continue
5121   ED14 08                                      inx                     ;Next Digit
5122   ED15 DF C2                                   stx sys_temp5               ;Store it
5123   ED17 DE C4                                   ldx sys_temp_w2             ;Next HSDT Digit (pointer)
5124   ED19 7A 00 C6                                dec sys_temp_w3             ;Goto Next Set of Digits
5125   ED1C                                     eqend                       ;Loop for all (4)2 digits
5125   ED1C             
5125   ED1C             
5125   ED1C~                                    eqend                       ;Loop for all (4)2 digits
5125   ED1C~                                    eqend                       ;Loop for all (4)2 digits
5125   ED1C~                                    eqend                       ;Loop for all (4)2 digits
5125   ED1C             
5125   ED1C 26 E7       
5125   ED1E             
5125   ED1E~                                    eqend                       ;Loop for all (4)2 digits
5125   ED1E~                                    eqend                       ;Loop for all (4)2 digits
5125   ED1E             
5126   ED1E 7A 00 BE    hstd_nextp              dec sys_temp1               ;Goto Next Player
5127   ED21                                 eqend                       ;Loop for all 4 Players
5127   ED21             
5127   ED21             
5127   ED21~                                eqend                       ;Loop for all 4 Players
5127   ED21~                                eqend                       ;Loop for all 4 Players
5127   ED21~                                eqend                       ;Loop for all 4 Players
5127   ED21             
5127   ED21 26 DB       
5127   ED23             
5127   ED23~                                eqend                       ;Loop for all 4 Players
5127   ED23~                                eqend                       ;Loop for all 4 Players
5127   ED23             
5128   ED23 96 BF                           ldaa    sys_temp2
5129   ED25                                 ifne
5129   ED25             
5129   ED25 27 FE       
5130   ED27 FE D0 64                            ldx gr_highscore_ptr            ;Game ROM Data: High Score Hook
5131   ED2A 6E 00                               jmp   $00,X
5132   ED2C B6 01 66    set_hstd                ldaa    aud_currenthstd         ;HSTD High Digit
5133   ED2F 84 0F                               anda    #$0F
5134   ED31                                     ifne                    ;Branch if Score is under 10 million
5134   ED31             
5134   ED31 27 FE       
5135   ED33 86 99                                   ldaa    #$99
5136   ED35 8D 36                                   bsr fill_hstd_digits            ;Set HSTD to 9,999,999
5137   ED37 7F 01 66                                clr aud_currenthstd         ;Clear 10 Million Digit
5138   ED3A                                     endif
5138   ED3A             
5138   ED3A             
5138   ED3A             
5138   ED3A             
5138   ED3A             
5138   ED3A~                                    endif
5138   ED3A~                                    endif
5138   ED3A             
5138   ED3A~                                    endif
5138   ED3A~                                    endif
5138   ED3A             
5138   ED32             
5138   ED32 07          
5138   ED33             
5138   ED33             
5138   ED33~                                    endif
5138   ED33~                                    endif
5138   ED33~                                    endif
5138   ED33             
5138   ED3A             
5138   ED3A~                                    endif
5138   ED3A~                                    endif
5138   ED3A             
5139   ED3A                                 endif
5139   ED3A             
5139   ED3A             
5139   ED3A             
5139   ED3A             
5139   ED3A             
5139   ED3A~                                endif
5139   ED3A~                                endif
5139   ED3A             
5139   ED3A~                                endif
5139   ED3A~                                endif
5139   ED3A             
5139   ED26             
5139   ED26 13          
5139   ED27             
5139   ED27             
5139   ED27~                                endif
5139   ED27~                                endif
5139   ED27~                                endif
5139   ED27             
5139   ED3A             
5139   ED3A~                                endif
5139   ED3A~                                endif
5139   ED3A             
5140   ED3A                             endif
5140   ED3A             
5140   ED3A             
5140   ED3A             
5140   ED3A             
5140   ED3A             
5140   ED3A~                            endif
5140   ED3A~                            endif
5140   ED3A             
5140   ED3A~                            endif
5140   ED3A~                            endif
5140   ED3A             
5140   ECF1             
5140   ECF1 48          
5140   ECF2             
5140   ECF2             
5140   ECF2~                            endif
5140   ECF2~                            endif
5140   ECF2~                            endif
5140   ECF2             
5140   ED3A             
5140   ED3A~                            endif
5140   ED3A~                            endif
5140   ED3A             
5141   ED3A 7E EC C1                    jmp   endgame
5142   ED3D             
5143   ED3D CE 01 66    update_hstd     ldx #aud_currenthstd            ;Current HSTD
5144   ED40 96 BE                       ldaa    sys_temp1
5145   ED42 97 BF                       staa    sys_temp2
5146   ED44 DF B8                       stx temp1
5147   ED46 8D 18                       bsr wordplusbyte            ;Add LSB of sys_temp_w3 to sys_temp5
5148   ED48 C6 04                       ldab    #$04
5149   ED4A 09                          dex 
5150   ED4B BD E1 09                    jsr copyblock2              ;Transfer Data Block at X to temp1, Length B
5151   ED4E 7C 01 66                    inc aud_currenthstd         ;Adjust HSTD to new player score
5152   ED51 B6 01 67                    ldaa    aud_currenthstd+1
5153   ED54 4C                          inca    
5154   ED55 84 0F                       anda    #$0F
5155   ED57 26 C5                       bne hstd_nextp              ;Go Check Next Player Score
5156   ED59 7F 01 67                    clr aud_currenthstd+1
5157   ED5C 8D 02       hstd_adddig     bsr wordplusbyte            ;Add LSB of sys_temp_w3 to sys_temp5
5158   ED5E 20 BE                       bra hstd_nextp              ;Go Check Next Player Score
5159   ED60                         
5160   ED60             ;*************************************************
5161   ED60             ;* Add LSB of sys_temp_w3 to sys_temp5
5162   ED60             ;*************************************************
5163   ED60 DE C2       wordplusbyte    ldx sys_temp5
5164   ED62 96 C6                       ldaa    sys_temp_w3
5165   ED64 7F 00 C6                    clr sys_temp_w3
5166   ED67 BD E0 24                    jsr xplusa              ;X = X + A
5167   ED6A DF C2                       stx sys_temp5
5168   ED6C 39          to_rts1         rts 
5169   ED6D                         
5170   ED6D             ;**************************************************
5171   ED6D             ;* This routine will fill the value of A into all
5172   ED6D             ;* high score digit data.
5173   ED6D             ;**************************************************
5174   ED6D             fill_hstd_digits    
5175   ED6D CE 01 66                    ldx #aud_currenthstd            ;CMOS: Current HSTD
5176   ED70 C6 04                       ldab    #$04
5177   ED72                             begin
5177   ED72             
5178   ED72 BD E0 D4                        jsr a_cmosinc               ;A -> CMOS,X++)
5179   ED75 5A                              decb    
5180   ED76                             eqend
5180   ED76             
5180   ED76             
5180   ED76~                            eqend
5180   ED76~                            eqend
5180   ED76~                            eqend
5180   ED76             
5180   ED76 26 FA       
5180   ED78             
5180   ED78~                            eqend
5180   ED78~                            eqend
5180   ED78             
5181   ED78 39                          rts
5182   ED79              
5183   ED79             ;Stay in this loop until the current sound has finished playing 
5184   ED79             wait_sound      begin
5184   ED79             
5185   ED79                                 SLEEP($02)
5185   ED79 BD DB 66    
5185   ED7C 02          
5186   ED7D 96 DF                           ldaa  sys_soundflags            
5187   ED7F                             eqend
5187   ED7F             
5187   ED7F             
5187   ED7F~                            eqend
5187   ED7F~                            eqend
5187   ED7F~                            eqend
5187   ED7F             
5187   ED7F 26 F8       
5187   ED81             
5187   ED81~                            eqend
5187   ED81~                            eqend
5187   ED81             
5188   ED81 39                          rts 
5189   ED82             
5190   ED82             ;******************************************************
5191   ED82             ;* Get Random: Will pull various system variables and
5192   ED82             ;*             calculate a pseudo-random number.
5193   ED82             ;******************************************************         
5194   ED82 37          get_random      pshb    
5195   ED83 96 F5                       ldaa    randomseed              ;This is changed by Switch Closures
5196   ED85 16                          tab 
5197   ED86 56                          rorb    
5198   ED87 56                          rorb    
5199   ED88 97 B8                       staa    temp1                   ;Use some Temp variables for data
5200   ED8A D8 B8                       eorb    temp1
5201   ED8C 49                          rola    
5202   ED8D 9B A5                       adda    irq_counter                 ;Throw in some switch matrix stuff
5203   ED8F 97 F5                       staa    randomseed
5204   ED91 33                          pulb    
5205   ED92 39          to_rts2         rts
5206   ED93             
5207   ED93             ;********************************************************
5208   ED93             ;* Credit Button Press: Called twice for 2-player game
5209   ED93             ;********************************************************
5210   ED93 CE 01 AB    credit_button   ldx #adj_max_credits            ;CMOS: Max. Credits
5211   ED96 BD E0 88                    jsr cmosinc_b               ;CMOS,X++ -> B
5212   ED99 CE 01 6E                    ldx #aud_currentcredits     ;CMOS: Current Credits
5213   ED9C BD EF B0                    jsr cmos_a              ;CMOS, X -> A )
5214   ED9F 26 03                       bne has_credit
5215   EDA1 5D                          tstb                        ;No credits, check for free play
5216   EDA2                             ifeq                        ;No Free Play, get outta here.
5216   EDA2             
5216   EDA2 26 FE       
5217   EDA4 D6 E7       has_credit          ldab    flag_gameover           ;Has valid credit or freeplay, is Game Over?
5218   EDA6 26 0F                           bne start_new_game          ;No, goto Start New Game
5219   EDA8 D6 EA                           ldab    num_players             ;Current # of Players
5220   EDAA F1 D0 4E                        cmpb    gr_numplayers           ;Max # of Players (Game ROM data)
5221   EDAD                                 ifcs                        ;Already max players, outta here.
5221   EDAD             
5221   EDAD 24 FE       
5222   EDAF 8D 0B                               bsr lesscredit              ;Subtract a credit
5223   EDB1 BD EA C8                            jsr add_player              ;Add a player.
5224   EDB4                                 endif
5224   EDB4             
5224   EDB4             
5224   EDB4             
5224   EDB4             
5224   EDB4             
5224   EDB4~                                endif
5224   EDB4~                                endif
5224   EDB4             
5224   EDB4~                                endif
5224   EDB4~                                endif
5224   EDB4             
5224   EDAE             
5224   EDAE 05          
5224   EDAF             
5224   EDAF             
5224   EDAF~                                endif
5224   EDAF~                                endif
5224   EDAF~                                endif
5224   EDAF             
5224   EDB4             
5224   EDB4~                                endif
5224   EDB4~                                endif
5224   EDB4             
5225   EDB4                             endif
5225   EDB4             
5225   EDB4             
5225   EDB4             
5225   EDB4             
5225   EDB4             
5225   EDB4~                            endif
5225   EDB4~                            endif
5225   EDB4             
5225   EDB4~                            endif
5225   EDB4~                            endif
5225   EDB4             
5225   EDA3             
5225   EDA3 10          
5225   EDA4             
5225   EDA4             
5225   EDA4~                            endif
5225   EDA4~                            endif
5225   EDA4~                            endif
5225   EDA4             
5225   EDB4             
5225   EDB4~                            endif
5225   EDB4~                            endif
5225   EDB4             
5226   EDB4 7E DB AE                    jmp killthread              ;Remove Current Thread from VM
5227   EDB7             
5228   EDB7             ;*********************************************************
5229   EDB7             ;* Resets Games and Starts Anew
5230   EDB7             ;*********************************************************
5231   EDB7 8D 03       start_new_game  bsr lesscredit              ;Subtract a credit
5232   EDB9 7E EA B4                    jmp do_game_init            ;Init Player 1
5233   EDBC             
5234   EDBC             ;*********************************************************
5235   EDBC             ;* Removes a credit and adjusts coin lockout and credit 
5236   EDBC             ;* lamp appropriately. Also updates audits.
5237   EDBC             ;*
5238   EDBC             ;*  Current Credits in A.
5239   EDBC             ;*********************************************************
5240   EDBC 4D          lesscredit      tsta    
5241   EDBD                             ifne                        ;Is it Zero?
5241   EDBD             
5241   EDBD 27 FE       
5242   EDBF 8B 99                           adda    #$99                    ;Subtract 1 credit
5243   EDC1 19                              daa                     ;dont' forget to adjust
5244   EDC2 BD E0 D4                        jsr a_cmosinc               ;A -> CMOS,X++)
5245   EDC5 B6 11 9A                        ldaa    current_credits             ;Current Credits
5246   EDC8 8B 99                           adda    #$99                    ;Subtract 1
5247   EDCA 19                              daa 
5248   EDCB B7 11 9A                        staa    current_credits             ;Store Credits
5249   EDCE                             endif
5249   EDCE             
5249   EDCE             
5249   EDCE             
5249   EDCE             
5249   EDCE             
5249   EDCE~                            endif
5249   EDCE~                            endif
5249   EDCE             
5249   EDCE~                            endif
5249   EDCE~                            endif
5249   EDCE             
5249   EDBE             
5249   EDBE 0F          
5249   EDBF             
5249   EDBF             
5249   EDBF~                            endif
5249   EDBF~                            endif
5249   EDBF~                            endif
5249   EDBF             
5249   EDCE             
5249   EDCE~                            endif
5249   EDCE~                            endif
5249   EDCE             
5250   EDCE BD E9 A0                    jsr coinlockout             ;Check Max Credits, Adjust Coin Lockout If Necessary
5251   EDD1 BD EA 97                    jsr clr_bonus_coins         ;Reset Any Bonus Coins... too bad!
5252   EDD4 CE 01 1E                    ldx #aud_totalcredits           ;Audit: Total Credits
5253   EDD7 7E E9 EB                    jmp ptrx_plus_1             ;Add 1 to data at X
5254   EDDA             
5255   EDDA             ;*********************************************************
5256   EDDA             ;* Tilt Contacts
5257   EDDA             ;*********************************************************          
5258   EDDA 7C 00 F1    tilt_warning    inc num_tilt                ;Add 1 Tilt
5259   EDDD B6 01 92                    ldaa    adj_maxplumbbobtilts+1      ;ADJ: LSD Max Plumb Bob Tilts
5260   EDE0 84 0F                       anda    #$0F
5261   EDE2 91 F1                       cmpa    num_tilt                ;Current # of Plumb Bob Tilts
5262   EDE4 22 AC                       bhi to_rts2             ;Not enough warnings yet.. Leave now!
5263   EDE6 B6 D0 5E    do_tilt         ldaa    gr_tilt_lamp            ;Game ROM: Tilt Lamp Location
5264   EDE9 97 E6                       staa    flag_tilt               ;Tilt Flag
5265   EDEB 3F                          swi
5266   EDEC                             ;BITONP_($00)       ;Turn on Tilt Lamp - but we don't have a tilt lamp in SB
5267   EDEC                             REMTHREADS_($0C,$00)    ;.db $55,$0C,$00    ;Get Rid of non-tilt threads
5267   EDEC 55 0C 00    
5268   EDEF                             CPUX_               ;Return to Program Execution 
5268   EDEF 04          
5269   EDF0 39                          rts
5270   EDF1             
5271   EDF1             
5272   EDF1             ;***********************************************************
5273   EDF1             ;* Self Test Routines Begin Here, first some data tables
5274   EDF1             ;***********************************************************
5275   EDF1             ;* Define our test entry points
5276   EDF1             ;***********************************************
5277   EDF1 EF D4       testdata        .dw st_display
5278   EDF3 F0 07                       .dw st_sound
5279   EDF5 F0 32                       .dw st_lamp
5280   EDF7 F0 71                       .dw st_solenoid
5281   EDF9 F0 AD                       .dw st_switch
5282   EDFB             
5283   EDFB             ;***********************************************
5284   EDFB             ;* This table defines which routines
5285   EDFB             ;* handel the various adjustment displays.
5286   EDFB             ;***********************************************            
5287   EDFB 00          testlists       .db $00         ;Function 00:    Game Identification
5288   EDFC EF 1F                       .dw fn_gameid   ;$FD,$23
5289   EDFE 01                          .db $01         ;Function 01-11: System Audits
5290   EDFF EF 2C                       .dw fn_sysaud   ;$FD,$30
5291   EE01 0C                          .db $0C         ;Function 12:    Current HSTD
5292   EE02 EF 3F                       .dw fn_hstd     ;$FD,$A9
5293   EE04 0D                          .db $0D         ;Function 13-17: Backup HSTD and Replays
5294   EE05 EF 43                       .dw fn_replay   ;$FD,$B1
5295   EE07 12                          .db $12         ;Function 18:    Max Credits
5296   EE08 EF B7                       .dw fn_credit   ;$FE,$26
5297   EE0A 13                          .db $13         ;Function 19:    Pricing Control
5298   EE0B EF 81                       .dw fn_pricec   ;$FD,$EF
5299   EE0D 14                          .db $14         ;Function 20-25: Pricing Settings
5300   EE0E EF 9B                       .dw fn_prices   ;$FE,$09
5301   EE10 1A                          .db $1A         ;Function 26-41: System and Game Adjustments
5302   EE11 EF C4                       .dw fn_adj      ;$FE,$33
5303   EE13 2A                          .db $2A         ;Function 42-49: Game Audits
5304   EE14 EF 2A                       .dw fn_gameaud  ;$FD,$2E
5305   EE16 32                          .db $32         ;Function 50:    Command Mode
5306   EE17 EF CF                       .dw fn_command  ;$FE,$3E
5307   EE19 33                          .db $33
5308   EE1A             
5309   EE1A             ;************************************************
5310   EE1A             ;* Main Self-Test Routine
5311   EE1A             ;************************************************
5312   EE1A             test_number     =   $000e           ;RAM Location to store where we are...
5313   EE1A             test_lamptimer  =   $000f           ;Timer for Lamp test loop
5314   EE1A             
5315   EE1A 8D 51       selftest_entry  bsr check_adv               ;Advance: - if Triggered
5316   EE1C                             ifpl
5316   EE1C             
5316   EE1C 2B FE       
5317   EE1E 7E DB AE                        jmp killthread              ;Kill Current Thread
5318   EE21                             endif
5318   EE21             
5318   EE21             
5318   EE21             
5318   EE21             
5318   EE21             
5318   EE21~                            endif
5318   EE21~                            endif
5318   EE21             
5318   EE21~                            endif
5318   EE21~                            endif
5318   EE21             
5318   EE1D             
5318   EE1D 03          
5318   EE1E             
5318   EE1E             
5318   EE1E~                            endif
5318   EE1E~                            endif
5318   EE1E~                            endif
5318   EE1E             
5318   EE21             
5318   EE21~                            endif
5318   EE21~                            endif
5318   EE21             
5319   EE21 86 09                       ldaa    #09
5320   EE23 BD DC 6D                    jsr solbuf
5321   EE26 8D 5B                       bsr st_init             ;Set up self test
5322   EE28 8D 4E                       bsr check_aumd              ;AUMD: + if Manual-Down
5323   EE2A 2B 77                       bmi do_audadj               ;Auto-Up, go do audits and adjustments instead
5324   EE2C 4F                          clra    
5325   EE2D 7F 00 0E    st_diagnostics  clr test_number             ;Start at 0
5326   EE30 CE ED F1                    ldx #testdata               ;Macro Pointer
5327   EE33 36                          psha    
5328   EE34 86 09                       ldaa    #09
5329   EE36 BD DC 6D                    jsr solbuf
5330   EE39 32                          pula
5331   EE3A 36                          psha
5332   EE3B BD E7 2C                    jsr gettabledata_b          ;Load up the pointer to our test routine in X
5333   EE3E 32                          pula    
5334   EE3F 16                          tab 
5335   EE40 5A                          decb                        ;Adjust back down to where it was before table lookup incremented it
5336   EE41 D7 50                       stab    score_p2_b0             ;Show the test number in display
5337   EE43 BD DC 0E                    jsr newthread_06            ;Start a new thread with our test routine
5338   EE46                             SLEEP($10)  
5338   EE46 BD DB 66    
5338   EE49 10          
5339   EE4A                             ;This is the Advance button handler, it runs as a seperate thread to the test routine
5340   EE4A                             begin
5340   EE4A             
5341   EE4A                                 begin
5341   EE4A             
5342   EE4A 8D 21                               bsr check_adv           ;Advance: Stay here forever until pressed              
5343   EE4C                                 miend
5343   EE4C             
5343   EE4C             
5343   EE4C~                                miend
5343   EE4C~                                miend
5343   EE4C~                                miend
5343   EE4C             
5343   EE4C 2A FC       
5343   EE4E             
5343   EE4E~                                miend
5343   EE4E~                                miend
5343   EE4E             
5344   EE4E 8D 28                           bsr check_aumd              ;AUMD: + if Manual-Down
5345   EE50 2B 40                           bmi st_nexttest             ;Do next test...
5346   EE52 D7 0E                           stab    test_number
5347   EE54                                 begin
5347   EE54             
5348   EE54 8D 17                               bsr check_adv           ;Advance: Stay here forever until released
5349   EE56                                 plend
5349   EE56             
5349   EE56             
5349   EE56~                                plend
5349   EE56~                                plend
5349   EE56~                                plend
5349   EE56             
5349   EE56 2B FC       
5349   EE58             
5349   EE58~                                plend
5349   EE58~                                plend
5349   EE58             
5350   EE58                             loopend
5350   EE58             
5350   EE58             
5350   EE58~                            loopend
5350   EE58~                            loopend
5350   EE58~                            loopend
5350   EE58             
5350   EE58 20 F0       
5350   EE5A             
5350   EE5A~                            loopend
5350   EE5A~                            loopend
5350   EE5A             
5351   EE5A             
5352   EE5A             ;*******************************************************
5353   EE5A             ;*
5354   EE5A             ;*******************************************************            
5355   EE5A 36          do_aumd         psha    
5356   EE5B 96 E9                       ldaa    flags_selftest
5357   EE5D                             ifpl
5357   EE5D             
5357   EE5D 2B FE       
5358   EE5F 8D 17                           bsr check_aumd                  ;AUMD: + if Manual-Down
5359   EE61                                 ifpl
5359   EE61             
5359   EE61 2B FE       
5360   EE63 96 0E                               ldaa    test_number
5361   EE65                                     ifne
5361   EE65             
5361   EE65 27 FE       
5362   EE67 4F                                      clra    
5363   EE68 97 0E                                   staa    test_number
5364   EE6A 4A                                      deca    
5365   EE6B                                     endif
5365   EE6B             
5365   EE6B             
5365   EE6B             
5365   EE6B             
5365   EE6B             
5365   EE6B~                                    endif
5365   EE6B~                                    endif
5365   EE6B             
5365   EE6B~                                    endif
5365   EE6B~                                    endif
5365   EE6B             
5365   EE66             
5365   EE66 04          
5365   EE67             
5365   EE67             
5365   EE67~                                    endif
5365   EE67~                                    endif
5365   EE67~                                    endif
5365   EE67             
5365   EE6B             
5365   EE6B~                                    endif
5365   EE6B~                                    endif
5365   EE6B             
5366   EE6B                                 endif
5366   EE6B             
5366   EE6B             
5366   EE6B             
5366   EE6B             
5366   EE6B             
5366   EE6B~                                endif
5366   EE6B~                                endif
5366   EE6B             
5366   EE6B~                                endif
5366   EE6B~                                endif
5366   EE6B             
5366   EE62             
5366   EE62 08          
5366   EE63             
5366   EE63             
5366   EE63~                                endif
5366   EE63~                                endif
5366   EE63~                                endif
5366   EE63             
5366   EE6B             
5366   EE6B~                                endif
5366   EE6B~                                endif
5366   EE6B             
5367   EE6B                             endif
5367   EE6B             
5367   EE6B             
5367   EE6B             
5367   EE6B             
5367   EE6B             
5367   EE6B~                            endif
5367   EE6B~                            endif
5367   EE6B             
5367   EE6B~                            endif
5367   EE6B~                            endif
5367   EE6B             
5367   EE5E             
5367   EE5E 0C          
5367   EE5F             
5367   EE5F             
5367   EE5F~                            endif
5367   EE5F~                            endif
5367   EE5F~                            endif
5367   EE5F             
5367   EE6B             
5367   EE6B~                            endif
5367   EE6B~                            endif
5367   EE6B             
5368   EE6B 32                          pula    
5369   EE6C 39                          rts
5370   EE6D             
5371   EE6D             ;*********************************************************
5372   EE6D             ;* This will check the state of the advance switch and
5373   EE6D             ;* return the control register results
5374   EE6D             ;*********************************************************              
5375   EE6D F6 28 00    check_adv       ldab    pia_disp_digit_data     ;Dummy read to clear previous results
5376   EE70                             SLEEP($02)
5376   EE70 BD DB 66    
5376   EE73 02          
5377   EE74 F6 28 01                    ldab    pia_disp_digit_ctrl
5378   EE77 39                          rts
5379   EE78             
5380   EE78             ;*********************************************************
5381   EE78             ;* This routine will check the state of the Up/Down toggle
5382   EE78             ;* switch. First do a dummy read to clear previous results
5383   EE78             ;*********************************************************
5384   EE78 F6 28 02    check_aumd      ldab    pia_disp_seg_data           ;Dummy read to clear previous results
5385   EE7B                             SLEEP($02)
5385   EE7B BD DB 66    
5385   EE7E 02          
5386   EE7F F6 28 03                    ldab    pia_disp_seg_ctrl
5387   EE82 39                          rts 
5388   EE83             
5389   EE83             ;**************************************************
5390   EE83             ;* Self Test Initializations:
5391   EE83             ;*  Remove all VM Threads
5392   EE83             ;*  Disable Solenoids
5393   EE83             ;*  Clear RAM
5394   EE83             ;**************************************************
5395   EE83 5F          st_init         clrb    
5396   EE84 BD DC 45                    jsr kill_threads            ;Remove All VM Threads 
5397   EE87 7C 00 E9                    inc flags_selftest          ;Set Test Flag
5398   EE8A CE 00 00                    ldx #ram_base
5399   EE8D C6 A5                       ldab    #$A5
5400   EE8F 7E EB 0D    to_clear_range  jmp clear_range             ;Clear RAM from $0000-0089
5401   EE92             
5402   EE92             ;**************************************************
5403   EE92             ;* Next Test: Will advance diagnostics to next
5404   EE92             ;*            test in sequence, if done, then fall
5405   EE92             ;*            through to audits/adjustments
5406   EE92             ;**************************************************
5407   EE92 C6 3C       st_nexttest     ldab    #$3C
5408   EE94 CE 00 10                    ldx #lampbuffer0
5409   EE97 8D F6                       bsr to_clear_range          ;Clear RAM from $0010-0038
5410   EE99 BD DC 45                    jsr kill_threads            ;Remove all VM Threads
5411   EE9C 4C                          inca    
5412   EE9D 81 05                       cmpa    #$05                    ;are we done yet?
5413   EE9F 26 8C                       bne st_diagnostics          ;Goto back to Self-Test Diagnostics routine
5414   EEA1                             ;Fall through if finished
5415   EEA1                             
5416   EEA1             ;**************************************************
5417   EEA1             ;* Main Audit/Adjustments Process Entry
5418   EEA1             ;**************************************************         
5419   EEA1 8D E0       to_audadj       bsr st_init             ;Clear all RAM and set up self testing
5420   EEA3 7F 00 4C    do_audadj       clr score_p1_b0
5421   EEA6 86 04                       ldaa    #$04                    ;Show test 04 by default
5422   EEA8 97 50                       staa    score_p2_b0
5423   EEAA                             SLEEP($10)
5423   EEAA BD DB 66    
5423   EEAD 10          
5424   EEAE                             begin
5424   EEAE             
5425   EEAE BD EB 13                        jsr clear_displays          ;Blank all Player Displays (buffer 0)
5426   EEB1 8D 34                           bsr b_129                   ;#08 -> $0F
5427   EEB3 D6 4C                           ldab    score_p1_b0
5428   EEB5 BD EA A1                        jsr dec2hex             ;Convert Decimal(B) to Hex(B)
5429   EEB8 CE ED F8                        ldx #testlists-3
5430   EEBB                                 begin
5430   EEBB             
5431   EEBB 08                                  inx 
5432   EEBC 08                                  inx 
5433   EEBD 08                                  inx 
5434   EEBE E1 03                               cmpb    $03,X                   ;Are we at next handler?
5435   EEC0                                 csend
5435   EEC0             
5435   EEC0             
5435   EEC0~                                csend
5435   EEC0~                                csend
5435   EEC0~                                csend
5435   EEC0             
5435   EEC0 24 F9       
5435   EEC2             
5435   EEC2~                                csend
5435   EEC2~                                csend
5435   EEC2             
5436   EEC2 EE 01                           ldx $01,X                   ;Load the routine
5437   EEC4 AD 00                           jsr $00,X                   ;Do the routine to load up data into displays
5438   EEC6                                 begin
5438   EEC6             
5439   EEC6 8D A5                               bsr check_adv           ;Advance: - if Triggered
5440   EEC8                                 miend
5440   EEC8             
5440   EEC8             
5440   EEC8~                                miend
5440   EEC8~                                miend
5440   EEC8~                                miend
5440   EEC8             
5440   EEC8 2A FC       
5440   EECA             
5440   EECA~                                miend
5440   EECA~                                miend
5440   EECA             
5441   EECA 8D 1B       b_133               bsr b_129                   ;#08 -> $0F
5442   EECC 8D 9F       show_func           bsr check_adv               ;Advance: - if Triggered
5443   EECE                             miend
5443   EECE             
5443   EECE             
5443   EECE~                            miend
5443   EECE~                            miend
5443   EECE~                            miend
5443   EECE             
5443   EECE 2A DE       
5443   EED0             
5443   EED0~                            miend
5443   EED0~                            miend
5443   EED0             
5444   EED0 8D 1A                       bsr b_12D
5445   EED2 26 F8                       bne show_func               ;Look at the buttons again
5446   EED4 8D 31                       bsr adjust_func             ;Add or subtract the function number?
5447   EED6 9B 4C                       adda    score_p1_b0             ;Change it
5448   EED8 19                          daa 
5449   EED9 81 51                       cmpa    #$51                    ;Are we now on audit 51??
5450   EEDB 27 35                       beq st_reset                ;Yes, Blank displays, reboot game
5451   EEDD 81 99                       cmpa    #$99                    ;Going down, are we minus now??
5452   EEDF                             ifeq
5452   EEDF             
5452   EEDF 26 FE       
5453   EEE1 86 50                           ldaa    #$50                    ;Yes, wrap around to 50
5454   EEE3                             endif
5454   EEE3             
5454   EEE3             
5454   EEE3             
5454   EEE3             
5454   EEE3             
5454   EEE3~                            endif
5454   EEE3~                            endif
5454   EEE3             
5454   EEE3~                            endif
5454   EEE3~                            endif
5454   EEE3             
5454   EEE0             
5454   EEE0 02          
5454   EEE1             
5454   EEE1             
5454   EEE1~                            endif
5454   EEE1~                            endif
5454   EEE1~                            endif
5454   EEE1             
5454   EEE3             
5454   EEE3~                            endif
5454   EEE3~                            endif
5454   EEE3             
5455   EEE3 97 4C                       staa    score_p1_b0             ;Store new value
5456   EEE5 20 E5                       bra show_func               ;Look at the buttons again
5457   EEE7             
5458   EEE7 86 08       b_129           ldaa    #$08
5459   EEE9 97 0F                       staa    $000F
5460   EEEB 39                          rts 
5461   EEEC                         
5462   EEEC 96 0F       b_12D           ldaa    $000F
5463   EEEE                             ifne
5463   EEEE             
5463   EEEE 27 FE       
5464   EEF0 7A 00 0F                        dec $000F
5465   EEF3 81 08                           cmpa    #$08
5466   EEF5                             endif
5466   EEF5             
5466   EEF5             
5466   EEF5             
5466   EEF5             
5466   EEF5             
5466   EEF5~                            endif
5466   EEF5~                            endif
5466   EEF5             
5466   EEF5~                            endif
5466   EEF5~                            endif
5466   EEF5             
5466   EEEF             
5466   EEEF 05          
5466   EEF0             
5466   EEF0             
5466   EEF0~                            endif
5466   EEF0~                            endif
5466   EEF0~                            endif
5466   EEF0             
5466   EEF5             
5466   EEF5~                            endif
5466   EEF5~                            endif
5466   EEF5             
5467   EEF5 39                          rts
5468   EEF6             
5469   EEF6                             begin
5469   EEF6             
5470   EEF6 8D EF                           bsr b_129                   ;#08 -> $0F
5471   EEF8 BD EE 6D    b_135               jsr check_adv               ;Advance: - if Triggered
5472   EEFB 2B CD                           bmi b_133
5473   EEFD 96 85                           ldaa    switch_masked
5474   EEFF 85 04                           bita    #$04
5475   EF01                             neend
5475   EF01             
5475   EF01             
5475   EF01~                            neend
5475   EF01~                            neend
5475   EF01~                            neend
5475   EF01             
5475   EF01 27 F3       
5475   EF03             
5475   EF03~                            neend
5475   EF03~                            neend
5475   EF03             
5476   EF03 8D E7                       bsr b_12D
5477   EF05 26 F1                       bne b_135
5478   EF07 86 99       adjust_func     ldaa    #$99
5479   EF09 BD EE 78                    jsr check_aumd              ;AUMD: + if Manual-Down
5480   EF0C                             ifmi
5480   EF0C             
5480   EF0C 2A FE       
5481   EF0E 86 01                           ldaa    #$01
5482   EF10                             endif
5482   EF10             
5482   EF10             
5482   EF10             
5482   EF10             
5482   EF10             
5482   EF10~                            endif
5482   EF10~                            endif
5482   EF10             
5482   EF10~                            endif
5482   EF10~                            endif
5482   EF10             
5482   EF0D             
5482   EF0D 02          
5482   EF0E             
5482   EF0E             
5482   EF0E~                            endif
5482   EF0E~                            endif
5482   EF0E~                            endif
5482   EF0E             
5482   EF10             
5482   EF10~                            endif
5482   EF10~                            endif
5482   EF10             
5483   EF10 16                          tab 
5484   EF11 39                          rts
5485   EF12             
5486   EF12 86 FF       st_reset        ldaa    #$FF
5487   EF14 97 4C                       staa    score_p1_b0
5488   EF16 97 50                       staa    score_p2_b0
5489   EF18                             SLEEP($50)
5489   EF18 BD DB 66    
5489   EF1B 50          
5490   EF1C 7E D9 14                    jmp reset                   ;Goto Reset Entry
5491   EF1F             
5492   EF1F             ;************************************************************
5493   EF1F             ;* Self Test Audit and Adjustment Handlers:
5494   EF1F             ;*  These routines are in charge of the functions shown
5495   EF1F             ;*  in the self test routines. Each one handles one or
5496   EF1F             ;*    more functions to retrieve and display the proper 
5497   EF1F             ;*    data on the various displays.
5498   EF1F             ;************************************************************           
5499   EF1F FE D0 00    fn_gameid       ldx gr_gamenumber
5500   EF22 DF 4D                       stx score_p1_b0+1           ;Game # -> Player 1 Display
5501   EF24 B6 D0 02                    ldaa    gr_romrevision
5502   EF27 97 4F                       staa    score_p1_b0+3           ;ROM Rev -> Player Display
5503   EF29 39                          rts    
5504   EF2A             
5505   EF2A C0 1E       fn_gameaud      subb    #$1E
5506   EF2C 58          fn_sysaud       aslb    
5507   EF2D 58                          aslb    
5508   EF2E CE 00 FE                    ldx #$00FE
5509   EF31 BD E0 72                    jsr xplusb              ;X = X + B)
5510   EF34 BD E0 78                    jsr cmosinc_a               ;CMOS,X++ -> A
5511   EF37 97 4E                       staa    score_p1_b0+2
5512   EF39 BD E0 78                    jsr cmosinc_a               ;CMOS,X++ -> A
5513   EF3C 97 4F                       staa    score_p1_b0+3           ;Show Data in Player 1 Display
5514   EF3E 39                          rts
5515   EF3F             
5516   EF3F BD EC A1    fn_hstd         jsr     show_hstd               ;Puts HSTD in All Player Displays(Buffer 1)
5517   EF42                             ;ldaa    #$7F
5518   EF42                             ;staa    dmask_p1
5519   EF42 39                          rts
5520   EF43             
5521   EF43 CE 01 81    fn_replay       ldx #adj_backuphstd         ;Offset to Replay Levels
5522   EF46 C0 0D                       subb    #$0D                    ;Subtract 13 to get correct base
5523   EF48 58                          aslb                        ;*2  2 bytes data per level(replay score)
5524   EF49 BD E0 72                    jsr xplusb              ;X = X + B)
5525   EF4C DF EF                       stx vm_pc                   ;Pointer to Current Replay Level Data
5526   EF4E 58                          aslb                        ;*2  4 bytes data per level(times exceeded)
5527   EF4F CE 01 4E                    ldx #aud_hstdcredits            ;Offset to Replay Level Times Exceeded
5528   EF52 BD E0 72                    jsr xplusb              ;X = X + B)
5529   EF55 BD E0 78                    jsr cmosinc_a               ;CMOS,X++ -> A
5530   EF58 97 52                       staa    score_p2_b0+2           ;Show Times Exceeded MSD's in Player 2 Display
5531   EF5A BD E0 78                    jsr cmosinc_a               ;CMOS,X++ -> A
5532   EF5D 97 53                       staa    score_p2_b0+3           ;Show Times Exceeded LSD's in Player 2 Display
5533   EF5F 5F                          clrb    
5534   EF60                             begin
5534   EF60             
5535   EF60 DE EF                           ldx vm_pc                   ;reload current offset * 2
5536   EF62 8D 14                           bsr cmos_add_d              ;Decimal Add B to CMOS,X(nopostinc), Tst A
5537   EF64 16                              tab 
5538   EF65 BD DE 18                        jsr split_ab                ;Shift the digits around for display
5539   EF68 84 F0                           anda    #$F0                    ;Blank MSD (10,000,000 digit)
5540   EF6A D7 4C                           stab    score_p1_b0             ;Show it.
5541   EF6C 97 4D                           staa    score_p1_b0+1           ;Player 1 Display
5542   EF6E 5F                              clrb    
5543   EF6F D7 4E                           stab    score_p1_b0+2           ;Lay down some Zero's
5544   EF71 D7 4F                           stab    score_p1_b0+3           
5545   EF73 BD EE F8                        jsr b_135
5546   EF76                             loopend
5546   EF76             
5546   EF76             
5546   EF76~                            loopend
5546   EF76~                            loopend
5546   EF76~                            loopend
5546   EF76             
5546   EF76 20 E8       
5546   EF78             
5546   EF78~                            loopend
5546   EF78~                            loopend
5546   EF78             
5547   EF78             
5548   EF78 8D 36       cmos_add_d      bsr cmos_a              ;CMOS, X -> A )
5549   EF7A 1B                          aba 
5550   EF7B 19                          daa 
5551   EF7C BD E0 D4                    jsr a_cmosinc               ;A -> CMOS,X++)
5552   EF7F 20 32                       bra fn_ret              ;dex,dex,tsta,rts.
5553   EF81             
5554   EF81 5F          fn_pricec       clrb    
5555   EF82                             begin
5555   EF82             
5556   EF82                                 begin
5556   EF82             
5557   EF82 CE 01 AD                            ldx #adj_pricecontrol           ;Standard/Custom Pricing Control
5558   EF85 BD EF 78                            jsr cmos_add_d              ;Decimal Add B to CMOS,X(nopostinc), Tst A
5559   EF88 C6 99                               ldab    #$99
5560   EF8A 81 09                               cmpa    #$09
5561   EF8C                                 csend                   ;Custom Pricing = 09?
5561   EF8C             
5561   EF8C             
5561   EF8C~                                csend                   ;Custom Pricing = 09?
5561   EF8C~                                csend                   ;Custom Pricing = 09?
5561   EF8C~                                csend                   ;Custom Pricing = 09?
5561   EF8C             
5561   EF8C 24 F4       
5561   EF8E             
5561   EF8E~                                csend                   ;Custom Pricing = 09?
5561   EF8E~                                csend                   ;Custom Pricing = 09?
5561   EF8E             
5562   EF8E 97 4F                           staa    score_p1_b0+3           ;Player 1 Display
5563   EF90 16                              tab 
5564   EF91                                 ifne
5564   EF91             
5564   EF91 27 FE       
5565   EF93 BD E0 F5                            jsr loadpricing
5566   EF96                                 endif
5566   EF96             
5566   EF96             
5566   EF96             
5566   EF96             
5566   EF96             
5566   EF96~                                endif
5566   EF96~                                endif
5566   EF96             
5566   EF96~                                endif
5566   EF96~                                endif
5566   EF96             
5566   EF92             
5566   EF92 03          
5566   EF93             
5566   EF93             
5566   EF93~                                endif
5566   EF93~                                endif
5566   EF93~                                endif
5566   EF93             
5566   EF96             
5566   EF96~                                endif
5566   EF96~                                endif
5566   EF96             
5567   EF96 BD EE F8                        jsr b_135
5568   EF99                             loopend
5568   EF99             
5568   EF99             
5568   EF99~                            loopend
5568   EF99~                            loopend
5568   EF99~                            loopend
5568   EF99             
5568   EF99 20 E7       
5568   EF9B             
5568   EF9B~                            loopend
5568   EF9B~                            loopend
5568   EF9B             
5569   EF9B             
5570   EF9B CE 01 AF    fn_prices       ldx #cmos_leftcoinmult      ;Left Coin Slot Multiplier
5571   EF9E C0 14                       subb    #$14
5572   EFA0 58                          aslb    
5573   EFA1 BD E0 72                    jsr xplusb              ;X = X + B)
5574   EFA4 8D 0A                       bsr cmos_a              ;CMOS, X -> A )
5575   EFA6 97 4F                       staa    score_p1_b0+3           ;Player 1 Display
5576   EFA8 B6 01 AE                    ldaa    adj_pricecontrol+1      ;Standard/Custom Pricing Control LSD
5577   EFAB 84 0F                       anda    #$0F
5578   EFAD 27 0B                       beq fn_cdtbtn
5579   EFAF 39                          rts 
5580   EFB0             
5581   EFB0 BD E0 78    cmos_a          jsr cmosinc_a               ;CMOS,X++ -> A
5582   EFB3 09          fn_ret          dex 
5583   EFB4 09                          dex 
5584   EFB5 4D                          tsta    
5585   EFB6 39                          rts
5586   EFB7             
5587   EFB7 CE 01 AB    fn_credit       ldx #adj_max_credits            ;RAM Pointer Base
5588   EFBA 5F          fn_cdtbtn       clrb
5589   EFBB                             begin
5589   EFBB             
5590   EFBB 8D BB                           bsr cmos_add_d              ;Decimal Add B to CMOS,X(nopostinc), Tst A
5591   EFBD 97 4F                           staa    score_p1_b0+3           ;Player 1 Display
5592   EFBF BD EE F8                        jsr b_135
5593   EFC2                             loopend
5593   EFC2             
5593   EFC2             
5593   EFC2~                            loopend
5593   EFC2~                            loopend
5593   EFC2~                            loopend
5593   EFC2             
5593   EFC2 20 F7       
5593   EFC4             
5593   EFC4~                            loopend
5593   EFC4~                            loopend
5593   EFC4             
5594   EFC4             
5595   EFC4 CE 01 8B    fn_adj          ldx #adj_matchenable            ;RAM Pointer Base
5596   EFC7 C0 1A                       subb    #$1A
5597   EFC9 58                          aslb    
5598   EFCA BD E0 72                    jsr xplusb              ;X = X + B)
5599   EFCD 20 EB                       bra fn_cdtbtn
5600   EFCF                         
5601   EFCF CE 01 70    fn_command      ldx #aud_command            ;RAM Pointer Base
5602   EFD2 20 E6                       bra fn_cdtbtn
5603   EFD4             
5604   EFD4             ;****************************************************
5605   EFD4             ;* Main Display Test Routine - Cycles all score 
5606   EFD4             ;*                             displays through 0-9
5607   EFD4             ;****************************************************           
5608   EFD4             st_display      begin
5608   EFD4             
5609   EFD4 4F                              clra
5610   EFD5                                 begin   
5610   EFD5             
5611   EFD5                                     begin
5611   EFD5             
5612   EFD5 CE 00 4C                                ldx #score_p1_b0
5613   EFD8 C6 14                                   ldab    #$14
5614   EFDA BD EA AD                                jsr write_range             ;RAM $38-$5B = A: Clear all Displays
5615   EFDD 36                                      psha
5616   EFDE 85 01                                   bita    #$01
5617   EFE0                                         ifne
5617   EFE0             
5617   EFE0 27 FE       
5618   EFE2 86 CF                                       ldaa    #$CF
5619   EFE4                                         else
5619   EFE4             
5619   EFE4             
5619   EFE4             
5619   EFE4             
5619   EFE1             
5619   EFE1             
5619   EFE1             
5619   EFE1~                                        else
5619   EFE1~                                        else
5619   EFE1~                                        else
5619   EFE1~                                        else
5619   EFE1             
5619   EFE1~                                        else
5619   EFE1~                                        else
5619   EFE1~                                        else
5619   EFE1~                                        else
5619   EFE1             
5619   EFE1             
5619   EFE1 04          
5619   EFE4             
5619   EFE4 20 FE       
5619   EFE6             
5619   EFE6             
5619   EFE6             
5619   EFE6~                                        else
5619   EFE6~                                        else
5619   EFE6~                                        else
5619   EFE6~                                        else
5619   EFE6~                                        else
5619   EFE6             
5619   EFE6~                                        else
5619   EFE6~                                        else
5619   EFE6             
5619   EFE6~                                        else
5619   EFE6~                                        else
5619   EFE6             
5620   EFE6 86 2C                                       ldaa    #$2C
5621   EFE8                                         endif
5621   EFE8             
5621   EFE8             
5621   EFE8             
5621   EFE8             
5621   EFE8             
5621   EFE8~                                        endif
5621   EFE8~                                        endif
5621   EFE8             
5621   EFE8~                                        endif
5621   EFE8~                                        endif
5621   EFE8             
5621   EFE5             
5621   EFE5 02          
5621   EFE6             
5621   EFE6             
5621   EFE6~                                        endif
5621   EFE6~                                        endif
5621   EFE6~                                        endif
5621   EFE6             
5621   EFE8             
5621   EFE8~                                        endif
5621   EFE8~                                        endif
5621   EFE8             
5622   EFE8 C6 0C                                   ldab    #$0C
5623   EFEA CE 00 60                                ldx #alpha_b0
5624   EFED BD EA AD                                jsr write_range
5625   EFF0 32                                      pula
5626   EFF1                                         SLEEP($18)
5626   EFF1 BD DB 66    
5626   EFF4 18          
5627   EFF5 BD EE 5A                                jsr do_aumd             ;Check Auto/Manual, return + if Manual
5628   EFF8                                     miend
5628   EFF8             
5628   EFF8             
5628   EFF8~                                    miend
5628   EFF8~                                    miend
5628   EFF8~                                    miend
5628   EFF8             
5628   EFF8 2A DB       
5628   EFFA             
5628   EFFA~                                    miend
5628   EFFA~                                    miend
5628   EFFA             
5629   EFFA 73 00 7C                            com comma_flags             ;Toggle commas on each count
5630   EFFD 8B 11                               adda    #$11                    ;Add one to each digit
5631   EFFF 19                                  daa 
5632   F000                                 csend
5632   F000             
5632   F000             
5632   F000~                                csend
5632   F000~                                csend
5632   F000~                                csend
5632   F000             
5632   F000 24 D3       
5632   F002             
5632   F002~                                csend
5632   F002~                                csend
5632   F002             
5633   F002 D6 E9                           ldab    flags_selftest
5634   F004                             miend               ;Clear All Displays
5634   F004             
5634   F004             
5634   F004~                            miend               ;Clear All Displays
5634   F004~                            miend               ;Clear All Displays
5634   F004~                            miend               ;Clear All Displays
5634   F004             
5634   F004 2A CE       
5634   F006             
5634   F006~                            miend               ;Clear All Displays
5634   F006~                            miend               ;Clear All Displays
5634   F006             
5635   F006 39                          rts
5636   F007             
5637   F007             ;****************************************************
5638   F007             ;* Main Sound Routine - Toggles each of the sound 
5639   F007             ;*                      command line individually.
5640   F007             ;****************************************************           
5641   F007 BD EB 13    st_sound        jsr clear_displays          ;Blank all Player Displays (buffer 0)
5642   F00A                             begin
5642   F00A             
5643   F00A 4F                              clra    
5644   F00B 97 7C                           staa    comma_flags             ;Turn off commas
5645   F00D 97 4C                           staa    score_p1_b0             ;Match/Ball in Play Display = 00
5646   F00F 86 FE                           ldaa    #$FE                    ;Initial Sound Command $1E
5647   F011                                 begin
5647   F011             
5648   F011                                     begin
5648   F011             
5649   F011 C6 FF                                   ldab    #$FF
5650   F013 F7 21 00                                stab    pia_sound_data          ;Sound Blanking
5651   F016                                         SLEEP($00)  
5651   F016 BD DB 66    
5651   F019 00          
5652   F01A B7 21 00                                staa    pia_sound_data          ;Commands.. $1E,$1D,$1B,$17,$0F
5653   F01D BD DB 66                                jsr addthread               ;Delay $40 IRQ's
5654   F020 40                                      .db $40
5655   F021 BD EE 5A                                jsr do_aumd             ;Either repeat same sound or move on to next
5656   F024                                     miend
5656   F024             
5656   F024             
5656   F024~                                    miend
5656   F024~                                    miend
5656   F024~                                    miend
5656   F024             
5656   F024 2A EB       
5656   F026             
5656   F026~                                    miend
5656   F026~                                    miend
5656   F026             
5657   F026 7C 00 4C                            inc score_p1_b0             ;Increment Match/Ball in Play Display
5658   F029 48                                  asla    
5659   F02A 4C                                  inca    
5660   F02B                                 plend
5660   F02B             
5660   F02B             
5660   F02B~                                plend
5660   F02B~                                plend
5660   F02B~                                plend
5660   F02B             
5660   F02B 2B E4       
5660   F02D             
5660   F02D~                                plend
5660   F02D~                                plend
5660   F02D             
5661   F02D D6 E9                           ldab    flags_selftest
5662   F02F                             miend                   ;Start Over
5662   F02F             
5662   F02F             
5662   F02F~                            miend                   ;Start Over
5662   F02F~                            miend                   ;Start Over
5662   F02F~                            miend                   ;Start Over
5662   F02F             
5662   F02F 2A D9       
5662   F031             
5662   F031~                            miend                   ;Start Over
5662   F031~                            miend                   ;Start Over
5662   F031             
5663   F031 39                          rts
5664   F032             
5665   F032             ;****************************************************
5666   F032             ;* Main Lamp Routine - Flashes all lamps 
5667   F032             ;****************************************************           
5668   F032 C6 AA       st_lamp         ldab    #$AA
5669   F034 D7 4C                       stab    score_p1_b0             ;Match/Ball in Play Display Buffer 0
5670   F036 D7 0F                       stab    test_lamptimer
5671   F038                             begin
5671   F038             
5672   F038                                 begin
5672   F038             
5673   F038 96 10                               ldaa    lampbuffer0
5674   F03A 43                                  coma    
5675   F03B CE 00 10                            ldx #lampbuffer0
5676   F03E C6 0C                               ldab    #$0C
5677   F040 BD EA AD                            jsr write_range             ;Store A from $0010-0017
5678   F043 BD DB 66                            jsr addthread               ;End This Routine, Replace with next routine, next byte is timer.
5679   F046 1B                                  .db $1B
5680   F047 7A 00 0F                            dec     test_lamptimer
5681   F04A                                 eqend
5681   F04A             
5681   F04A             
5681   F04A~                                eqend
5681   F04A~                                eqend
5681   F04A~                                eqend
5681   F04A             
5681   F04A 26 EC       
5681   F04C             
5681   F04C~                                eqend
5681   F04C~                                eqend
5681   F04C             
5682   F04C D6 E9                           ldab  flags_selftest            ;Auto-Cycle??
5683   F04E                             miend
5683   F04E             
5683   F04E             
5683   F04E~                            miend
5683   F04E~                            miend
5683   F04E~                            miend
5683   F04E             
5683   F04E 2A E8       
5683   F050             
5683   F050~                            miend
5683   F050~                            miend
5683   F050             
5684   F050 39                          rts 
5685   F051             
5686   F051             ;****************************************************
5687   F051             ;* Auto-Cycle Routine - This is the timing thread to
5688   F051             ;*                      allow each test routine to 
5689   F051             ;*                      repeat indefinitely.
5690   F051             ;****************************************************           
5691   F051 BD EE 83    st_autocycle    jsr     st_init
5692   F054 5A                          decb 
5693   F055 D7 E9                       stab  flags_selftest
5694   F057                             begin
5694   F057             
5695   F057 BD EF D4                        jsr     st_display          ;Clear All Displays
5696   F05A 7F 00 50                        clr     score_p2_b0
5697   F05D 8D A8                           bsr     st_sound
5698   F05F 7C 00 50                        inc     score_p2_b0
5699   F062 8D CE                           bsr     st_lamp
5700   F064 7C 00 50                        inc     score_p2_b0
5701   F067 8D 08                           bsr     st_solenoid
5702   F069 CE 01 4A                        ldx     #aud_autocycles     ;Audit: Auto-Cycles
5703   F06C BD E9 EB                        jsr     ptrx_plus_1         ;Add 1 to data at X
5704   F06F                             loopend
5704   F06F             
5704   F06F             
5704   F06F~                            loopend
5704   F06F~                            loopend
5704   F06F~                            loopend
5704   F06F             
5704   F06F 20 E6       
5704   F071             
5704   F071~                            loopend
5704   F071~                            loopend
5704   F071             
5705   F071             
5706   F071             ;****************************************************
5707   F071             ;* Main Solenoid Routine - Steps through each solenoid 
5708   F071             ;****************************************************           
5709   F071 86 F9       st_solenoid     ldaa    #$F9
5710   F073 BD DC 6D                    jsr solbuf
5711   F076                             begin
5711   F076             
5712   F076 C6 01                           ldab  #$01
5713   F078 D7 4C                           stab    score_p1_b0  
5714   F07A 86 20                           ldaa    #$20
5715   F07C                                 begin
5715   F07C             
5716   F07C                                     begin
5716   F07C             
5717   F07C 85 08                                   bita    #$08
5718   F07E                                         ifne
5718   F07E             
5718   F07E 27 FE       
5719   F080 8D 1F                                       bsr   solenoid_wait
5720   F082                                         else
5720   F082             
5720   F082             
5720   F082             
5720   F082             
5720   F07F             
5720   F07F             
5720   F07F             
5720   F07F~                                        else
5720   F07F~                                        else
5720   F07F~                                        else
5720   F07F~                                        else
5720   F07F             
5720   F07F~                                        else
5720   F07F~                                        else
5720   F07F~                                        else
5720   F07F~                                        else
5720   F07F             
5720   F07F             
5720   F07F 04          
5720   F082             
5720   F082 20 FE       
5720   F084             
5720   F084             
5720   F084             
5720   F084~                                        else
5720   F084~                                        else
5720   F084~                                        else
5720   F084~                                        else
5720   F084~                                        else
5720   F084             
5720   F084~                                        else
5720   F084~                                        else
5720   F084             
5720   F084~                                        else
5720   F084~                                        else
5720   F084             
5721   F084 BD DC 6D                                    jsr     solbuf          ;Turn On Outhole Solenoid
5722   F087                                             SLEEP($20)
5722   F087 BD DB 66    
5722   F08A 20          
5723   F08B                                             
5724   F08B                                         endif
5724   F08B             
5724   F08B             
5724   F08B             
5724   F08B             
5724   F08B             
5724   F08B~                                        endif
5724   F08B~                                        endif
5724   F08B             
5724   F08B~                                        endif
5724   F08B~                                        endif
5724   F08B             
5724   F083             
5724   F083 07          
5724   F084             
5724   F084             
5724   F084~                                        endif
5724   F084~                                        endif
5724   F084~                                        endif
5724   F084             
5724   F08B             
5724   F08B~                                        endif
5724   F08B~                                        endif
5724   F08B             
5725   F08B                                         SLEEP($20)
5725   F08B BD DB 66    
5725   F08E 20          
5726   F08F BD EE 5A                                jsr     do_aumd         ;AUMD: + if Manual-Down
5727   F092                                     miend
5727   F092             
5727   F092             
5727   F092~                                    miend
5727   F092~                                    miend
5727   F092~                                    miend
5727   F092             
5727   F092 2A E8       
5727   F094             
5727   F094~                                    miend
5727   F094~                                    miend
5727   F094             
5728   F094 4C                                  inca
5729   F095 7C 00 4C                            inc score_p1_b0
5730   F098 81 09                               cmpa    #$09
5731   F09A                                 eqend
5731   F09A             
5731   F09A             
5731   F09A~                                eqend
5731   F09A~                                eqend
5731   F09A~                                eqend
5731   F09A             
5731   F09A 26 E0       
5731   F09C             
5731   F09C~                                eqend
5731   F09C~                                eqend
5731   F09C             
5732   F09C D6 E9                           ldab  flags_selftest            ;Auto-Cycle??
5733   F09E                             miend
5733   F09E             
5733   F09E             
5733   F09E~                            miend
5733   F09E~                            miend
5733   F09E~                            miend
5733   F09E             
5733   F09E 2A D6       
5733   F0A0             
5733   F0A0~                            miend
5733   F0A0~                            miend
5733   F0A0             
5734   F0A0 39                          rts  
5735   F0A1             
5736   F0A1             solenoid_wait
5737   F0A1                             begin
5737   F0A1             
5738   F0A1 D6 B2                           ldab   solenoid_counter
5739   F0A3                             eqend
5739   F0A3             
5739   F0A3             
5739   F0A3~                            eqend
5739   F0A3~                            eqend
5739   F0A3~                            eqend
5739   F0A3             
5739   F0A3 26 FC       
5739   F0A5             
5739   F0A5~                            eqend
5739   F0A5~                            eqend
5739   F0A5             
5740   F0A5 86 08                       ldaa   #08
5741   F0A7 C6 0E                       ldab   #0E
5742   F0A9 37                          pshb  
5743   F0AA 7E DC 9B                    jmp   set_sol_counter
5744   F0AD             
5745   F0AD             ;****************************************************
5746   F0AD             ;* Main Switch Routine - Scans for closed switches
5747   F0AD             ;****************************************************           
5748   F0AD             st_switch       begin
5748   F0AD             
5749   F0AD 86 FF                           ldaa    #$FF
5750   F0AF 97 4C                           staa  score_p1_b0
5751   F0B1                                 SLEEP($00)
5751   F0B1 BD DB 66    
5751   F0B4 00          
5752   F0B5 B6 D0 4D                        ldaa    gr_lastswitch       ;Game ROM: Last Switch Used
5753   F0B8 4A                              deca 
5754   F0B9 36          st_swnext           psha
5755   F0BA FE D0 51                        ldx     gr_switchtable_ptr
5756   F0BD C6 03                           ldab    #$03
5757   F0BF                                 begin
5757   F0BF             
5758   F0BF 4A                                  deca                    ;Switchtable entries are 3 bytes each
5759   F0C0 2B 05                               bmi st_dosw     
5760   F0C2 BD E0 72                            jsr xplusb
5761   F0C5                                 loopend
5761   F0C5             
5761   F0C5             
5761   F0C5~                                loopend
5761   F0C5~                                loopend
5761   F0C5~                                loopend
5761   F0C5             
5761   F0C5 20 F8       
5761   F0C7             
5761   F0C7~                                loopend
5761   F0C7~                                loopend
5761   F0C7             
5762   F0C7 A6 00       st_dosw             ldaa    $00,X
5763   F0C9 84 10                           anda    #$10
5764   F0CB 97 00                           staa    vm_reg_a
5765   F0CD 32                              pula
5766   F0CE CE 00 85                        ldx #switch_masked
5767   F0D1 BD E4 16                        jsr     unpack_byte         ;Unpack Switch
5768   F0D4 7D 00 00                        tst vm_reg_a
5769   F0D7                                 ifeq
5769   F0D7             
5769   F0D7 26 FE       
5770   F0D9 E5 00                               bitb    $00,X
5771   F0DB 26 18                               bne st_swe
5772   F0DD                                 else
5772   F0DD             
5772   F0DD             
5772   F0DD             
5772   F0DD             
5772   F0D8             
5772   F0D8             
5772   F0D8             
5772   F0D8~                                else
5772   F0D8~                                else
5772   F0D8~                                else
5772   F0D8~                                else
5772   F0D8             
5772   F0D8~                                else
5772   F0D8~                                else
5772   F0D8~                                else
5772   F0D8~                                else
5772   F0D8             
5772   F0D8             
5772   F0D8 06          
5772   F0DD             
5772   F0DD 20 FE       
5772   F0DF             
5772   F0DF             
5772   F0DF             
5772   F0DF~                                else
5772   F0DF~                                else
5772   F0DF~                                else
5772   F0DF~                                else
5772   F0DF~                                else
5772   F0DF             
5772   F0DF~                                else
5772   F0DF~                                else
5772   F0DF             
5772   F0DF~                                else
5772   F0DF~                                else
5772   F0DF             
5773   F0DF E5 00                               bitb    $00,X
5774   F0E1 27 12                               beq   st_swe
5775   F0E3                                 endif
5775   F0E3             
5775   F0E3             
5775   F0E3             
5775   F0E3             
5775   F0E3             
5775   F0E3~                                endif
5775   F0E3~                                endif
5775   F0E3             
5775   F0E3~                                endif
5775   F0E3~                                endif
5775   F0E3             
5775   F0DE             
5775   F0DE 04          
5775   F0DF             
5775   F0DF             
5775   F0DF~                                endif
5775   F0DF~                                endif
5775   F0DF~                                endif
5775   F0DF             
5775   F0E3             
5775   F0E3~                                endif
5775   F0E3~                                endif
5775   F0E3             
5776   F0E3 36                              psha  
5777   F0E4 4C                              inca  
5778   F0E5 C6 01                           ldab  #01
5779   F0E7 BD EA 84                        jsr   divide_ab
5780   F0EA 97 4C                           staa  score_p1_b0
5781   F0EC 4F                              clra  
5782   F0ED BD DE 21                        jsr   isnd_once
5783   F0F0 32                              pula  
5784   F0F1                                 SLEEP($40)
5784   F0F1 BD DB 66    
5784   F0F4 40          
5785   F0F5 4A          st_swe              deca  
5786   F0F6                             plend
5786   F0F6             
5786   F0F6             
5786   F0F6~                            plend
5786   F0F6~                            plend
5786   F0F6~                            plend
5786   F0F6             
5786   F0F6 2B B5       
5786   F0F8             
5786   F0F8~                            plend
5786   F0F8~                            plend
5786   F0F8             
5787   F0F8 20 BF                       bra     st_swnext
5788   F0FA             
5789   F0FA             ;**********************************************************************************
5790   F0FA             ;* NMI Routines - This section of code is run only when the 
5791   F0FA             ;*                diagnostic switch on the CPU board is pressed.
5792   F0FA             ;*                It will test the hardware and report any errors
5793   F0FA             ;*                via the LED display on the CPU board. If all tests
5794   F0FA             ;*                are passed, the LED display will show '0' and
5795   F0FA             ;*                the code jumps to the normal power-up routines.
5796   F0FA             ;*
5797   F0FA             ;* Errors are as Follows:
5798   F0FA             ;*
5799   F0FA             ;*      0 - Test Passed
5800   F0FA             ;*      1 - IC13 RAM Fault (Most Significant Nybble)
5801   F0FA             ;*      2 - IC16 RAM Fault (Least Significant Nybble)
5802   F0FA             ;*      3 - IC17 ROM 2 Fault (Location $F000-$FFFF)
5803   F0FA             ;*      4 - IC14 ROM 1 Fault (Location $E000-$EFFF)
5804   F0FA             ;*      5 - IC20 ROM 0 Fault (Location $D000-$DFFF)
5805   F0FA             ;*      6 - Not Used
5806   F0FA             ;*      7 - Not Used
5807   F0FA             ;*      8 - IC19 CMOS RAM Fault or Memory Protect Failure
5808   F0FA             ;*      9 - Coin Door Closed or Memory Protect Failure or IC19 CMOS RAM Fault
5809   F0FA             ;**********************************************************************************
5810   F0FA C6 20       rambad          ldab    #$20
5811   F0FC A8 00                       eora    $00,X
5812   F0FE 84 F0                       anda    #$F0
5813   F100 27 52                       beq diag_showerror
5814   F102 C6 10                       ldab    #$10
5815   F104 20 4E                       bra diag_showerror
5816   F106             
5817   F106             ;*******************************************************************
5818   F106             ;* Main NMI Entry 
5819   F106             ;*******************************************************************
5820   F106 0F          diag            sei 
5821   F107 CE 28 00                    ldx #pia_disp_digit_data
5822   F10A 6F 01                       clr $01,X
5823   F10C 86 F0                       ldaa    #$F0
5824   F10E A7 00                       staa    $00,X
5825   F110 C6 3C                       ldab    #$3C
5826   F112 E7 01                       stab    $01,X
5827   F114 A7 00                       staa    $00,X           ;Blank Diagnostic Display
5828   F116 4F                          clra    
5829   F117                             begin
5829   F117             
5830   F117 CE 10 00                        ldx #$1000
5831   F11A                                 begin                   ;\
5831   F11A             
5832   F11A A7 00                               staa    $00,X           ;|
5833   F11C 08                                  inx             ;| Clear RAM $1000-13FF
5834   F11D 8C 14 00                            cpx #$1400      ;|
5835   F120                                 eqend                   ;/
5835   F120             
5835   F120             
5835   F120~                                eqend                   ;/
5835   F120~                                eqend                   ;/
5835   F120~                                eqend                   ;/
5835   F120             
5835   F120 26 F8       
5835   F122             
5835   F122~                                eqend                   ;/
5835   F122~                                eqend                   ;/
5835   F122             
5836   F122 35                              txs 
5837   F123                                 begin
5837   F123             
5838   F123 09                                  dex 
5839   F124 A1 00                               cmpa    $00,X           ;Test
5840   F126 26 D2                               bne rambad      ;Bad RAM
5841   F128 8C 10 00                            cpx #$1000
5842   F12B                                 eqend
5842   F12B             
5842   F12B             
5842   F12B~                                eqend
5842   F12B~                                eqend
5842   F12B~                                eqend
5842   F12B             
5842   F12B 26 F6       
5842   F12D             
5842   F12D~                                eqend
5842   F12D~                                eqend
5842   F12D             
5843   F12D 43                              coma                    ;Test with #$FF
5844   F12E                             eqend
5844   F12E             
5844   F12E             
5844   F12E~                            eqend
5844   F12E~                            eqend
5844   F12E~                            eqend
5844   F12E             
5844   F12E 26 E7       
5844   F130             
5844   F130~                            eqend
5844   F130~                            eqend
5844   F130             
5845   F130 86 03                       ldaa    #$03
5846   F132 97 BA                       staa    temp2
5847   F134 C6 20                       ldab    #$20                    ;Begin ROM Test
5848   F136 CE FF FF                    ldx #$FFFF
5849   F139                             begin
5849   F139             
5850   F139 DF B8                           stx temp1
5851   F13B CB 10                           addb    #$10
5852   F13D 7A 00 BA                        dec temp2
5853   F140 2B 18                           bmi diag_ramtest
5854   F142 96 B8                           ldaa    temp1                   
5855   F144 80 10                           suba    #$10
5856   F146 97 B8                           staa    temp1                   ;Set our stopping address
5857   F148 4F                              clra    
5858   F149                                 begin
5858   F149             
5859   F149 A9 00                               adca    $00,X                   ;Add with carry!!
5860   F14B 09                                  dex 
5861   F14C 9C B8                               cpx temp1
5862   F14E                                 eqend
5862   F14E             
5862   F14E             
5862   F14E~                                eqend
5862   F14E~                                eqend
5862   F14E~                                eqend
5862   F14E             
5862   F14E 26 F9       
5862   F150             
5862   F150~                                eqend
5862   F150~                                eqend
5862   F150             
5863   F150 81 80                           cmpa    #$80                    ;Done changing data?
5864   F152                             neend                       ;CSUM must be = #00
5864   F152             
5864   F152             
5864   F152~                            neend                       ;CSUM must be = #00
5864   F152~                            neend                       ;CSUM must be = #00
5864   F152~                            neend                       ;CSUM must be = #00
5864   F152             
5864   F152 27 E5       
5864   F154             
5864   F154~                            neend                       ;CSUM must be = #00
5864   F154~                            neend                       ;CSUM must be = #00
5864   F154             
5865   F154                             ;fall through on error, B contains error code
5866   F154                             
5867   F154 53          diag_showerror  comb    
5868   F155 F7 28 00                    stab    pia_disp_digit_data     ;Dump Error to Display
5869   F158 20 FE       tightloop       bra tightloop               ;Stay Here forever
5870   F15A             
5871   F15A             
5872   F15A             ;Define a single CMOS location to write test
5873   F15A             cmos_byteloc    =   $01BB
5874   F15A             
5875   F15A C6 90       diag_ramtest    ldab    #$90                    ;Begin CMOS RAM Test
5876   F15C B6 01 BB                    ldaa    cmos_byteloc            ;Test a single byte
5877   F15F 7C 01 BB                    inc cmos_byteloc
5878   F162 B1 01 BB                    cmpa    cmos_byteloc
5879   F165 27 ED                       beq diag_showerror          ;Wrong
5880   F167 C6 80                       ldab    #$80                    ;Backup CMOS data now
5881   F169 CE 12 00                    ldx #$1200
5882   F16C DF B8                       stx temp1
5883   F16E CE 01 00                    ldx #cmos_base
5884   F171 8D 2F                       bsr block_copy                  ;Copy Block from X -> temp1, Length = B
5885   F173 86 F1                       ldaa    #$F1
5886   F175 97 BC                       staa    temp3
5887   F177                             begin               
5887   F177             
5888   F177 CE 01 00                        ldx #cmos_base
5889   F17A 96 BC                           ldaa    temp3
5890   F17C                                 begin
5890   F17C             
5891   F17C A7 00                               staa    $00,X
5892   F17E 8D 43                               bsr adjust_a
5893   F180                                 eqend
5893   F180             
5893   F180             
5893   F180~                                eqend
5893   F180~                                eqend
5893   F180~                                eqend
5893   F180             
5893   F180 26 FA       
5893   F182             
5893   F182~                                eqend
5893   F182~                                eqend
5893   F182             
5894   F182 CE 01 00                        ldx #cmos_base
5895   F185 96 BC                           ldaa    temp3
5896   F187                                 begin
5896   F187             
5897   F187 16                                  tab 
5898   F188 E8 00                               eorb    $00,X
5899   F18A C4 0F                               andb    #$0F
5900   F18C 26 0E                               bne cmos_error
5901   F18E 8D 33                               bsr adjust_a
5902   F190                                 eqend
5902   F190             
5902   F190             
5902   F190~                                eqend
5902   F190~                                eqend
5902   F190~                                eqend
5902   F190             
5902   F190 26 F5       
5902   F192             
5902   F192~                                eqend
5902   F192~                                eqend
5902   F192             
5903   F192 7C 00 BC                        inc temp3
5904   F195                             eqend
5904   F195             
5904   F195             
5904   F195~                            eqend
5904   F195~                            eqend
5904   F195~                            eqend
5904   F195             
5904   F195 26 E0       
5904   F197             
5904   F197~                            eqend
5904   F197~                            eqend
5904   F197             
5905   F197 8D 1D                       bsr cmos_restore            ;Put back original CMOS data
5906   F199 7E D9 14                    jmp reset                   ;Goto Reset Entry, Everything OK.
5907   F19C             
5908   F19C 8D 18       cmos_error      bsr cmos_restore
5909   F19E C6 80                       ldab    #$80
5910   F1A0 20 B2                       bra diag_showerror
5911   F1A2                         
5912   F1A2 36          block_copy      psha    
5913   F1A3                             begin
5913   F1A3             
5914   F1A3 BD E0 78                        jsr cmosinc_a               ;CMOS,X++ -> A
5915   F1A6 DF BA                           stx temp2
5916   F1A8 DE B8                           ldx temp1
5917   F1AA A7 00                           staa    $00,X
5918   F1AC 08                              inx 
5919   F1AD DF B8                           stx temp1
5920   F1AF DE BA                           ldx temp2
5921   F1B1 5A                              decb    
5922   F1B2                             eqend
5922   F1B2             
5922   F1B2             
5922   F1B2~                            eqend
5922   F1B2~                            eqend
5922   F1B2~                            eqend
5922   F1B2             
5922   F1B2 26 EF       
5922   F1B4             
5922   F1B4~                            eqend
5922   F1B4~                            eqend
5922   F1B4             
5923   F1B4 32                          pula    
5924   F1B5 39                          rts  
5925   F1B6             
5926   F1B6 CE 01 00    cmos_restore    ldx #$0100
5927   F1B9 DF B8                       stx temp1
5928   F1BB CE 12 00                    ldx #$1200
5929   F1BE C6 80                       ldab    #$80
5930   F1C0 7E E1 09                    jmp copyblock2              ;Transfer Data Block at X to temp1, Length B
5931   F1C3                             
5932   F1C3 4C          adjust_a        inca    
5933   F1C4                             ifeq
5933   F1C4             
5933   F1C4 26 FE       
5934   F1C6 86 F1                           ldaa    #$F1
5935   F1C8                             endif
5935   F1C8             
5935   F1C8             
5935   F1C8             
5935   F1C8             
5935   F1C8             
5935   F1C8~                            endif
5935   F1C8~                            endif
5935   F1C8             
5935   F1C8~                            endif
5935   F1C8~                            endif
5935   F1C8             
5935   F1C5             
5935   F1C5 02          
5935   F1C6             
5935   F1C6             
5935   F1C6~                            endif
5935   F1C6~                            endif
5935   F1C6~                            endif
5935   F1C6             
5935   F1C8             
5935   F1C8~                            endif
5935   F1C8~                            endif
5935   F1C8             
5936   F1C8 08                          inx
5937   F1C9 8C 02 00                    cpx #$0200
5938   F1CC 39                          rts 
5939   F1CD             
5940   F1CD             ;*******************************************
5941   F1CD             ;* CPU Startup/Interrupt Vectors go here.
5942   F1CD             ;*******************************************
5943   FFF7                             .org $fff7
5944   FFF7 00          csum3           .chk $f000,$ffff,$80,C
5945   FFF8                 
5946   FFF8 D0 D3       irq_entry       .dw gr_irq_entry    ;Goes to Game ROM
5947   FFFA D0 D6       swi_entry       .dw gr_swi_entry    ;Goes to Game ROM 
5948   FFFC F1 06       nmi_entry       .dw diag
5949   FFFE D9 14       res_entry       .dw reset
5950   10000             
5951   10000                 .end
5952   10000             
tasm: Number of errors = 0
