0001   0000             ;************************************************************
0002   0000             ;* Jungle Lord Sound/Speech Code
0003   0000             ;* Version 2.0
0004   0000             ;*
0005   0000             ;* This code is a modification of the orginal Jungle Lord Sound ROM to                         
0006   0000             ;* try and make the game sound less flat than the original. In order to
0007   0000             ;* expand the sound capabilities the support for tones and nospeech has
0008   0000             ;* been removed. We are still limited 0x1F sounds for now however.
0009   0000             ;*
0010   0000             ;* Jess M. Askey
0011   0000             ;* 04-11-2001
0012   0000             ;************************************************************
0013   0000             ;* Memory Map:
0014   0000             ;*
0015   0000             ;*	B000-BFFF	Speech ROM 7
0016   0000             ;*	C000-CFFF	Speech ROM 5
0017   0000             ;*	D000-DFFF	Speech ROM 6
0018   0000             ;*	E000-EFFF	Speech ROM 4
0019   0000             ;*	F000-F7FF	4K Sound ROM 
0020   0000             ;*	F800-FFFF	2K Sound ROM
0021   0000             ;************************************************************
0022   0000             	.msfirst
0023   0000             #include  "68logic.asm"		;680X logic definitions
0001+  0000             ;***********************************************
0002+  0000             ;* 680X Style Logical Instruction Macros       *
0003+  0000             ;* For use with TASMx Assembler                *
0004+  0000             ;* Written by Jess M. Askey 2001 jess@askey.org*
0005+  0000             ;***********************************************
0006+  0000             .module logic
0007+  0000             .msfirst
0008+  0000             
0009+  0000             var1_		.equ	$00
0010+  0000             var2_		.equ	$00
0011+  0000             var3_		.equ	$00
0012+  0000             var4_		.equ	$00
0013+  0000             
0014+  0000             #define     FLAG_IF    	0
0015+  0000             #define     FLAG_ELSE 	1
0016+  0000             #define	FLAG_BEGIN 	2
0017+  0000             
0018+  0000             ;*******************************************************************
0019+  0000             ;* Locate: Pushes two Words                                        *
0020+  0000             ;*                                                                 *
0021+  0000             ;*            Word 1 - address of branch location                  *
0022+  0000             ;*            Word 2 - Type of Operation                           *
0023+  0000             ;*                     0 - Standard ENDIF                          *
0024+  0000             ;*                     1 - ELSE or Logical ELSE                    *
0025+  0000             ;*                     2 - Loop                                    *
0026+  0000             ;*******************************************************************
0027+  0000             #define	logic_loc(type)	     \ .push  *, type
0028+  0000             
0029+  0000             ;*******************************************************************
0030+  0000             ;* Ifxx: These are the standard 'if' statements, they will always  *
0031+  0000             ;*       be of type 0.                                             *
0032+  0000             ;*******************************************************************
0033+  0000             #define	logic_ifxx(x)	     logic_loc(FLAG_IF) \ x  * 
0034+  0000             
0035+  0000             ;*******************************************************************
0036+  0000             ;* Begin: The start marker for logical loops, must terminate with  *
0037+  0000             ;*        an 'xxend' statement.                                    *
0038+  0000             ;******************************************************************* 
0039+  0000             #define     begin		     logic_loc(FLAG_BEGIN)
0040+  0000             
0041+  0000             ;*******************************************************************
0042+  0000             ;* Logic End: This is the end macro for the 'begin' statement. It  *
0043+  0000             ;*            pulls the pc location of the beginning of the loop   *
0044+  0000             ;*            and verifies that the 'type' is correct.             *
0045+  0000             ;*******************************************************************
0046+  0000             #define logic_loopend(x,y)	\ .pop var1_, var2_
0047+  0000             #defcont				\#if (var1_ & FLAG_BEGIN)
0048+  0000             #defcont					\#if ((var2_-*-2+127) <= 0)
0049+  0000             #defcont						\ y *+5
0050+  0000             #defcont						\ jmp	var2_
0051+  0000             #defcont					\#else
0052+  0000             #defcont						\ x	var2_
0053+  0000             #defcont					\#endif
0054+  0000             #defcont				\#else
0055+  0000             #defcont					\ .error "Inappropriate End for BEGIN Loop."
0056+  0000             #defcont				\#endif
0057+  0000             
0058+  0000             ;*******************************************************************
0059+  0000             ;* Logic Find: Used for ENDIF statement. Will find the pc for the  *
0060+  0000             ;*             previous IF (or ELSE) and update the branch or jump *
0061+  0000             ;*             at that address to point to the current address.    *
0062+  0000             ;*******************************************************************
0063+  0000             #define logic_end \var1_ .set *
0064+  0000             #defcont		\ .pop var3_, var4_
0065+  0000             #defcont		\#if (var3_ & FLAG_BEGIN)==0 
0066+  0000             #defcont			\#if (var3_ & FLAG_ELSE)==0	
0067+  0000             #defcont  				\var2_ .set var1_-var4_-2
0068+  0000             #defcont				\#if var2_+127 < 0
0069+  0000             #defcont					\ .error "Branch Range < -127"
0070+  0000             #defcont				\#else
0071+  0000             #defcont					\#if var2_-128 > 0
0072+  0000             #defcont						\ .error "Branch Range > 128"
0073+  0000             #defcont					\#else
0074+  0000             #defcont    					\ .org var4_+1
0075+  0000             #defcont						\ .byte var2_
0076+  0000             #defcont					\#endif
0077+  0000             #defcont				\#endif
0078+  0000             #defcont			\#else	
0079+  0000             #defcont    			\ .org  var4_-2	
0080+  0000             #defcont				\ .word var1_
0081+  0000             #defcont			\#endif
0082+  0000             #defcont			\ .org	var1_
0083+  0000             #defcont		\#else
0084+  0000             #defcont			\.error "Wrong Endtype for IF block"
0085+  0000             #defcont		\#endif
0086+  0000             
0087+  0000             ;*******************************************************************
0088+  0000             ;* Logic Else: Can act as a standard else or a complex else        *
0089+  0000             ;*             (ie. with additional logic as defined below). The   *
0090+  0000             ;*             ELSE block will resove how to terminate the current *
0091+  0000             ;*             code and then set the owning IF statement's data    *
0092+  0000             ;*             byte.                                               *
0093+  0000             ;*******************************************************************
0094+  0000             #define	logic_else(x,y)	\var1_ .set $
0095+  0000             #defcont		\ .pop var3_, var4_
0096+  0000             #defcont		\#if (var3_ & FLAG_BEGIN)==0
0097+  0000             #defcont			\#if (var3_ & FLAG_ELSE)==0
0098+  0000             #defcont				\ .org var4_+1
0099+  0000             #defcont	      		\#if x==0
0100+  0000             #defcont					\var2_ .set var1_-var4_-2+2
0101+  0000             #defcont					\#if var2_+127 < 0
0102+  0000             #defcont						\ .org var1_
0103+  0000             #defcont						\.push $+3, 1
0104+  0000             #defcont						\ jmp $
0105+  0000             #defcont					\#else
0106+  0000             #defcont						\#if var2_-128>0
0107+  0000             #defcont							\ .org var1_
0108+  0000             #defcont							\.push $+3, 1
0109+  0000             #defcont							\ jmp $
0110+  0000             #defcont						\#else
0111+  0000             #defcont							\.push var1_, 0
0112+  0000             #defcont							\ .byte var2_
0113+  0000             #defcont							\ .org var1_
0114+  0000             #defcont							\ BRA $
0115+  0000             #defcont							\ .org var1_+2
0116+  0000             #defcont						\#endif
0117+  0000             #defcont					\#endif
0118+  0000             #defcont				\#else
0119+  0000             #defcont					\ .byte var1_-var4_-2+2
0120+  0000             #defcont					\ .org var1_
0121+  0000             #defcont					\.push $, 0
0122+  0000             #defcont					\ y $		
0123+  0000             #defcont				\#endif
0124+  0000             #defcont			\#else
0125+  0000             #defcont				\.error "Duplicate ELSE Statement"
0126+  0000             #defcont			\#endif
0127+  0000             #defcont		\#else
0128+  0000             #defcont			\ .error "Misplaced Else"
0129+  0000             #defcont		\#endif
0130+  0000             
0131+  0000             
0132+  0000             ;*******************************************************************
0133+  0000             ;* Defines how to use the various logic macros defined above.      *
0134+  0000             ;*******************************************************************
0135+  0000             #define	ifeq	logic_ifxx(BNE)		
0136+  0000             #define	ifne	logic_ifxx(BEQ)
0137+  0000             #define	ifpl	logic_ifxx(BMI)
0138+  0000             #define	ifhi	logic_ifxx(BLO)
0139+  0000             #define	ifmi	logic_ifxx(BPL)
0140+  0000             #define	iflo	logic_ifxx(BHI)
0141+  0000             #define	ifcs	logic_ifxx(BCC)
0142+  0000             #define	ifcc	logic_ifxx(BCS)
0143+  0000             #define 	ifvc	logic_ifxx(BVS)
0144+  0000             #define 	ifvs	logic_ifxx(BVC)
0145+  0000             #define	ifge	logic_ifxx(BLS)
0146+  0000             #define	ifgt	logic_ifxx(BLE)
0147+  0000             #define	iflt 	logic_ifxx(BGE)
0148+  0000             #define	ifle	logic_ifxx(BGT)
0149+  0000             #define	ifgte	logic_ifxx(BLT)
0150+  0000             
0151+  0000             #define	else  	logic_else(0,0)
0152+  0000             #define	else_eq	logic_else(1,BEQ)
0153+  0000             #define	else_ne	logic_else(1,BNE)
0154+  0000             #define	else_pl	logic_else(1,BPL)
0155+  0000             #define	else_mi	logic_else(1,BMI)
0156+  0000             #define	else_cc	logic_else(1,BCC)
0157+  0000             #define	else_cs	logic_else(1,BCS)
0158+  0000             
0159+  0000             #define 	endif		logic_end
0160+  0000             
0161+  0000             #define	eqend	logic_loopend(BNE,BEQ)		
0162+  0000             #define	neend	logic_loopend(BEQ,BNE)		
0163+  0000             #define	plend	logic_loopend(BMI,BPL)
0164+  0000             #define	miend	logic_loopend(BPL,BMI)
0165+  0000             #define	csend	logic_loopend(BCC,BCS)
0166+  0000             #define	ccend	logic_loopend(BCS,BCC)
0167+  0000             #define	vcend	logic_loopend(BVS,BVC)
0168+  0000             #define	vsend	logic_loopend(BVC,BVS)
0169+  0000             #define	geend	logic_loopend(BLS,BLT)
0170+  0000             #define	leend	logic_loopend(BGT,BLE)
0171+  0000             
0172+  0000             #define	loopend	logic_loopend(BRA,BRA)
0173+  0000             
0174+  0000             #define	lsb(x)	x&$FF
0175+  0000             
0176+  0000             #define	msb(x)	(x>>8)&$FF0024   0000             
0025   0000             ;*************************************************************
0026   0000             ;* Set the emulation flag to make our file on the $8000 boundary
0027   0000             ;* in order for the eprom emulator to work correctly. The 
0028   0000             ;* emulator will cover the block from $8000-$ffff. 
0029   0000             ;*************************************************************
0030   0000             emulate .equ 1
0031   0000             ;*************************************************************
0032   0000             
0033   0000             	.org 0000
0034   0000             
0035   0000             last_speech_cmd	.block	1
0036   0001             sp_last_random	.block	1	;Stored the value of the last command 0-3 used for 'random' phrase
0037   0002             sp_phrase_tog	.block	1	;Used by command 3 to toggle between phrase_3 and phrase_4
0038   0003             sp_nextwordcmd	.block	1	;If a phrase requires another word, then it is stored here 
0039   0004             bg_type		.block	1     ;Determines which background sound we will be doing
0040   0005             bg_sec_cnt		.block	1	;Flag to enable background sound
0041   0006             counter1		.block	1
0042   0007             counter2		.block	1
0043   0008             counter3		.block	1
0044   0009             semi_random		.block	1
0045   000A             temp1			.block	1
0046   000B             temp2			.block	1
0047   000C             xtemp1		.block	2
0048   000E             xtemp2		.block	2
0049   0010             xtemp3		.block	2
0050   0012             wave_index
0051   0012             sweep1		.block	1
0052   0013             sp_pending_com
0053   0013             sweep2		.block	1
0054   0014             soundbank		.block	1
0055   0015             
0056   0015             
0057   0015             ;***********************************************************
0058   0015             ;* Open RAM space begins here for each routine.
0059   0015             ;* This space can be used for local sound routines and
0060   0015             ;* are not held outside their scope.
0061   0015             ;***********************************************************
0062   0015             local_base		.block	1
0063   0016             
0064   0016             ;*******************************************
0065   0016             ;* Speech Variables
0066   0015             .org			local_base
0067   0015             sp_end_ptr		.block	2
0068   0017             sp_phrase_ptr	.block	2
0069   0019             sp_currentbyte	.block	1
0070   001A             sp_currentpitch	.block	1
0071   001B             sp_utindex		.block	1
0072   001C             delaybuf		.block	1
0073   001D             
0074   001D             ;*******************************************
0075   001D             ;* Low Res Sounds
0076   0015             .org			local_base
0077   0015             lr_timer		.block	1
0078   0016             lr_dac		.block	1
0079   0017             lr_x_ptr		.block	1
0080   0018             
0081   0018             ;*******************************************
0082   0018             ;* Waveform Defined Sounds
0083   0018             ;* Modulated Sounds
0084   0015             .org			local_base
0085   0015             mod14			.block	1
0086   0016             mod15			.block	1	
0087   0017             mod16			.block	1
0088   0018             mod17			.block	1
0089   0019             mod18			.block	1
0090   001A             mod19			.block	2
0091   001C             mod1b			.block	1
0092   001D             
0093   001D             ptr_sweep_start	.block	2	;001C
0094   001F             ptr_sweep_end	.block	2	;001E
0095   0021             ptr_sweep_last	.block	2	;0020
0096   0023             
0097   0023             swp22			.block	1
0098   0024             swp23			.block	1
0099   0025             swp24			.block	1
0100   0026             swpbase		    .block	1
0101   0027             
0102   0027             ;*******************************************
0103   0027             ;* Additive Sounds
0104   0015             .org			local_base
0105   0015             sum_t1_init		.block	1
0106   0016             sum_t2_init		.block	1
0107   0017             sum_t1_adder	.block	1
0108   0018             sum_t2_adder	.block	1
0109   0019             sum_t2_max		.block	1
0110   001A             sum_all_max		.block	2
0111   001C             sum_t1_ext		.block	1
0112   001D             sum_dac		    .block	1
0113   001E             sum_t1_value	.block	1
0114   001F             sum_t2_value	.block	1
0115   0020             
0116   0020             ;*******************************************
0117   0020             ;* Simple Sounds
0118   0017             .org			local_base+2
0119   0017             sim_delay		.block	1
0120   0018             sim_non		.block	3
0121   001B             sim_initial		.block	1
0122   001C             sim_adder		.block	1
0123   001D             
0124   001D             ;*******************************************
0125   001D             ;* Special Sounds
0126   0015             .org			local_base
0127   0015             ssnd_adder		.block	1
0128   0016             ssnd_dac		.block	1
0129   0017             ssnd_cycles		.block	1
0130   0018             ssnd_period		.block	2
0131   001A             ssnd_flag		.block	1
0132   001B             
0133   001B             ;*******************************************
0134   001B             
0135   001B             
0136   001B             
0137   001B             
0138   001B             ;*******************************************
0139   001B             ;* Hardware Definitions
0140   001B             ;*******************************************	
0141   001B             pia_dac_out		.equ	$0400
0142   001B             pia_speech_data	.equ	$0401
0143   001B             pia_sound_command	.equ	$0402
0144   001B             pia_speech_clk	.equ	$0403
0145   001B             
0146   001B             
0147   001B             #IF emulate
0148   8000             	.org	$8000
0149   8000~            #ELSE
0150   8000~            	.org	$b000
0151   8000             #ENDIF
0152   8000             			
0153   8000             ;*****************************************************
0154   8000             ;* Begin CVSD Speech Data Streams
0155   8000             ;*
0156   8000             ;* Data must start with #AA or it will not be played.
0157   8000             ;*****************************************************	
0158   8000             ut_start		
0159   8000 AA 34 5A 1E ut_jungle_beg	.db	$AA,$34,$5A,$1E
0160   8004 E0 02 70 9E 			.db	$E0,$02,$70,$9E
0161   8008 38 8E A9 96 			.db	$38,$8E,$A9,$96
0162   800C A3 8E 73 CE 			.db	$A3,$8E,$73,$CE
0163   8010 A7 19 0E C3 			.db	$A7,$19,$0E,$C3
0164   8014 18 CD B1 87 			.db	$18,$CD,$B1,$87
0165   8018 E3 E3 38 8E 			.db	$E3,$E3,$38,$8E
0166   801C 8D E3 38 0E 			.db	$8D,$E3,$38,$0E
0167   8020 C7 E1 39 2E 			.db	$C7,$E1,$39,$2E
0168   8024 2E 93 C6 71 			.db	$2E,$93,$C6,$71
0169   8028 18 9E C7 71 			.db	$18,$9E,$C7,$71
0170   802C AE 19 C7 71 			.db	$AE,$19,$C7,$71
0171   8030 8C E3 71 1C 			.db	$8C,$E3,$71,$1C
0172   8034 87 E3 E1 78 			.db	$87,$E3,$E1,$78
0173   8038 3C 1C 47 4A 			.db	$3C,$1C,$47,$4A
0174   803C 39 3C 9E 8F 			.db	$39,$3C,$9E,$8F
0175   8040 C7 61 A4 8C 			.db	$C7,$61,$A4,$8C
0176   8044 2E 1E CE D1 			.db	$2E,$1E,$CE,$D1
0177   8048 E1 78 3C 4E 			.db	$E1,$78,$3C,$4E
0178   804C C7 51 2D 46 			.db	$C7,$51,$2D,$46
0179   8050 AF 6A D3 A8 			.db	$AF,$6A,$D3,$A8
0180   8054 18 55 18 2C 			.db	$18,$55,$18,$2C
0181   8058 BF BF 5F 05 			.db	$BF,$BF,$5F,$05
0182   805C 40 D0 B8 3C 			.db	$40,$D0,$B8,$3C
0183   8060 4D A5 55 AF 			.db	$4D,$A5,$55,$AF
0184   8064 AB E2 F0 70 			.db	$AB,$E2,$F0,$70
0185   8068 7A BD 88 07 			.db	$7A,$BD,$88,$07
0186   806C 0F 07 20 FE 			.db	$0F,$07,$20,$FE
0187   8070 FF EB 02 04 			.db	$FF,$EB,$02,$04
0188   8074 2E 1B 42 E1 			.db	$2E,$1B,$42,$E1
0189   8078 D3 D7 E1 F2 			.db	$D3,$D7,$E1,$F2
0190   807C F2 F3 00 1E 			.db	$F2,$F3,$00,$1E
0191   8080 FF F9 80 DF 			.db	$FF,$F9,$80,$DF
0192   8084 0F A0 F0 01 			.db	$0F,$A0,$F0,$01
0193   8088 85 3F 08 1F 			.db	$85,$3F,$08,$1F
0194   808C FF 0F E0 FF 			.db	$FF,$0F,$E0,$FF
0195   8090 0F FC FF 01 			.db	$0F,$FC,$FF,$01
0196   8094 B6 3E 80 6A 			.db	$B6,$3E,$80,$6A
0197   8098 6F A9 FF 0F 			.db	$6F,$A9,$FF,$0F
0198   809C F8 8F 1F FD 			.db	$F8,$8F,$1F,$FD
0199   80A0 8F 2F FA 0E 			.db	$8F,$2F,$FA,$0E
0200   80A4 D2 DD 44 F5 			.db	$D2,$DD,$44,$F5
0201   80A8 07 FC 07 FF 			.db	$07,$FC,$07,$FF
0202   80AC E0 1F E8 F1 			.db	$E0,$1F,$E8,$F1
0203   80B0 16 E0 0B 7E 			.db	$16,$E0,$0B,$7E
0204   80B4 C0 1F E0 0F 			.db	$C0,$1F,$E0,$0F
0205   80B8 F8 02 2F F0 			.db	$F8,$02,$2F,$F0
0206   80BC 00 BE 02 FC 			.db	$00,$BE,$02,$FC
0207   80C0 07 FC 01 FF 			.db	$07,$FC,$01,$FF
0208   80C4 C1 3C 0A A3 			.db	$C1,$3C,$0A,$A3
0209   80C8 F0 01 FE 81 			.db	$F0,$01,$FE,$81
0210   80CC 7F C0 3F D0 			.db	$7F,$C0,$3F,$D0
0211   80D0 27 E9 02 E0 			.db	$27,$E9,$02,$E0
0212   80D4 5F F8 17 FC 			.db	$5F,$F8,$17,$FC
0213   80D8 07 00 52 07 			.db	$07,$00,$52,$07
0214   80DC 18 DC EF D0 			.db	$18,$DC,$EF,$D0
0215   80E0 0F FC 87 7E 			.db	$0F,$FC,$87,$7E
0216   80E4 C0 02 F8 7F 			.db	$C0,$02,$F8,$7F
0217   80E8 FE 07 FF 83 			.db	$FE,$07,$FF,$83
0218   80EC 7F 00 5B C0 			.db	$7F,$00,$5B,$C0
0219   80F0 7F EE 15 FE 			.db	$7F,$EE,$15,$FE
0220   80F4 3D F0 C1 0F 			.db	$3D,$F0,$C1,$0F
0221   80F8 00 FF D5 2F 			.db	$00,$FF,$D5,$2F
0222   80FC FE 17 DA 03 			.db	$FE,$17,$DA,$03
0223   8100 A0 00 FF 07 			.db	$A0,$00,$FF,$07
0224   8104 1F F8 B3 2A 			.db	$1F,$F8,$B3,$2A
0225   8108 BF 04 00 7E 			.db	$BF,$04,$00,$7E
0226   810C E7 5F 7A 85 			.db	$E7,$5F,$7A,$85
0227   8110 FE 03 10 C0 			.db	$FE,$03,$10,$C0
0228   8114 8A FE 6F EA 			.db	$8A,$FE,$6F,$EA
0229   8118 FA 17 61 05 			.db	$FA,$17,$61,$05
0230   811C 00 FC 81 FF 			.db	$00,$FC,$81,$FF
0231   8120 A5 1F B2 02 			.db	$A5,$1F,$B2,$02
0232   8124 00 E1 E9 7F 			.db	$00,$E1,$E9,$7F
0233   8128 E5 0F F0 0F 			.db	$E5,$0F,$F0,$0F
0234   812C BC 01 00 C0 			.db	$BC,$01,$00,$C0
0235   8130 BB FF 9F FA 			.db	$BB,$FF,$9F,$FA
0236   8134 01 FC 00 30 			.db	$01,$FC,$00,$30
0237   8138 20 DE FB 7B 			.db	$20,$DE,$FB,$7B
0238   813C AD 4A 3F 80 			.db	$AD,$4A,$3F,$80
0239   8140 07 00 40 F9 			.db	$07,$00,$40,$F9
0240   8144 FF BF A8 EE 			.db	$FF,$BF,$A8,$EE
0241   8148 03 18 00 C4 			.db	$03,$18,$00,$C4
0242   814C C1 FD EF AB 			.db	$C1,$FD,$EF,$AB
0243   8150 78 F5 10 86 			.db	$78,$F5,$10,$86
0244   8154 01 00 30 FF 			.db	$01,$00,$30,$FF
0245   8158 FF 2F FA 03 			.db	$FF,$2F,$FA,$03
0246   815C E8 00 28 80 			.db	$E8,$00,$28,$80
0247   8160 F8 FD FF 4D 			.db	$F8,$FD,$FF,$4D
0248   8164 0E E4 4A 95 			.db	$0E,$E4,$4A,$95
0249   8168 00 00 A0 FE 			.db	$00,$00,$A0,$FE
0250   816C FF 3F 00 13 			.db	$FF,$3F,$00,$13
0251   8170 74 02 80 04 			.db	$74,$02,$80,$04
0252   8174 E0 FB FF 13 			.db	$E0,$FB,$FF,$13
0253   8178 3A B8 82 55 			.db	$3A,$B8,$82,$55
0254   817C 01 00 80 F7 			.db	$01,$00,$80,$F7
0255   8180 FC FF 51 12 			.db	$FC,$FF,$51,$12
0256   8184 99 82 1F 80 			.db	$99,$82,$1F,$80
0257   8188 01 70 7D FF 			.db	$01,$70,$7D,$FF
0258   818C 5F 04 AA D7 			.db	$5F,$04,$AA,$D7
0259   8190 EC 09 00 00 			.db	$EC,$09,$00,$00
0260   8194 A0 FF FF BF 			.db	$A0,$FF,$FF,$BF
0261   8198 54 A5 14 0A 			.db	$54,$A5,$14,$0A
0262   819C 00 0A E4 41 			.db	$00,$0A,$E4,$41
0263   81A0 F9 FF FF AF 			.db	$F9,$FF,$FF,$AF
0264   81A4 02 42 00 95 			.db	$02,$42,$00,$95
0265   81A8 80 FB 91 7A 			.db	$80,$FB,$91,$7A
0266   81AC F5 FF BE 04 			.db	$F5,$FF,$BE,$04
0267   81B0 42 82 E0 FF 			.db	$42,$82,$E0,$FF
0268   81B4 00 FE 00 DC 			.db	$00,$FE,$00,$DC
0269   81B8 41 FF B5 FE 			.db	$41,$FF,$B5,$FE
0270   81BC B1 9F FB 07 			.db	$B1,$9F,$FB,$07
0271   81C0 18 03 04 A0 			.db	$18,$03,$04,$A0
0272   81C4 5F FF 9F 62 			.db	$5F,$FF,$9F,$62
0273   81C8 D5 F7 E7 00 			.db	$D5,$F7,$E7,$00
0274   81CC 00 A0 1C 80 			.db	$00,$A0,$1C,$80
0275   81D0 FF FE 7F 0B 			.db	$FF,$FE,$7F,$0B
0276   81D4 84 CF E1 01 			.db	$84,$CF,$E1,$01
0277   81D8 00 31 FE 03 			.db	$00,$31,$FE,$03
0278   81DC F0 DF FF 01 			.db	$F0,$DF,$FF,$01
0279   81E0 00 30 FF 5C 			.db	$00,$30,$FF,$5C
0280   81E4 00 00 F5 0F 			.db	$00,$00,$F5,$0F
0281   81E8 80 3F FF 07 			.db	$80,$3F,$FF,$07
0282   81EC 10 D0 FF C7 			.db	$10,$D0,$FF,$C7
0283   81F0 03 00 F0 FC 			.db	$03,$00,$F0,$FC
0284   81F4 05 C0 7D FF 			.db	$05,$C0,$7D,$FF
0285   81F8 1F 00 D6 01 			.db	$1F,$00,$D6,$01
0286   81FC B1 02 00 E8 			.db	$B1,$02,$00,$E8
0287   8200 E8 0F C0 FF 			.db	$E8,$0F,$C0,$FF
0288   8204 FD 1F 00 DE 			.db	$FD,$1F,$00,$DE
0289   8208 FF 07 00 00 			.db	$FF,$07,$00,$00
0290   820C E0 DF 36 00 			.db	$E0,$DF,$36,$00
0291   8210 FE FF FF 01 			.db	$FE,$FF,$FF,$01
0292   8214 C0 FE 4D 00 			.db	$C0,$FE,$4D,$00
0293   8218 80 E8 FF 4E 			.db	$80,$E8,$FF,$4E
0294   821C 34 00 FF FF 			.db	$34,$00,$FF,$FF
0295   8220 D1 00 C0 FF 			.db	$D1,$00,$C0,$FF
0296   8224 95 22 C0 AA 			.db	$95,$22,$C0,$AA
0297   8228 54 55 38 00 			.db	$54,$55,$38,$00
0298   822C FF BF E1 03 			.db	$FF,$BF,$E1,$03
0299   8230 C0 FF 29 04 			.db	$C0,$FF,$29,$04
0300   8234 A5 B1 54 79 			.db	$A5,$B1,$54,$79
0301   8238 D4 3F 00 FC 			.db	$D4,$3F,$00,$FC
0302   823C BF FA 01 C0 			.db	$BF,$FA,$01,$C0
0303   8240 FF AF 05 E0 			.db	$FF,$AF,$05,$E0
0304   8244 51 40 41 F0 			.db	$51,$40,$41,$F0
0305   8248 3F 00 FE 7F 			.db	$3F,$00,$FE,$7F
0306   824C FA 07 C0 9F 			.db	$FA,$07,$C0,$9F
0307   8250 3C 06 00 A4 			.db	$3C,$06,$00,$A4
0308   8254 F7 CA 51 F9 			.db	$F7,$CA,$51,$F9
0309   8258 0F 80 FF 2F 			.db	$0F,$80,$FF,$2F
0310   825C FA 01 C0 0D 			.db	$FA,$01,$C0,$0D
0311   8260 DF 47 10 D1 			.db	$DF,$47,$10,$D1
0312   8264 2C 5D 97 EF 			.db	$2C,$5D,$97,$EF
0313   8268 0F 80 FF 43 			.db	$0F,$80,$FF,$43
0314   826C FA 01 E0 5F 			.db	$FA,$01,$E0,$5F
0315   8270 94 0F A1 BF 			.db	$94,$0F,$A1,$BF
0316   8274 22 09 78 0F 			.db	$22,$09,$78,$0F
0317   8278 FB 00 E0 FF 			.db	$FB,$00,$E0,$FF
0318   827C BD 1E 00 FE 			.db	$BD,$1E,$00,$FE
0319   8280 FF 24 00 C8 			.db	$FF,$24,$00,$C8
0320   8284 5F 04 14 52 			.db	$5F,$04,$14,$52
0321   8288 FF 7F 00 F8 			.db	$FF,$7F,$00,$F8
0322   828C 9F FF 07 00 			.db	$9F,$FF,$07,$00
0323   8290 7C F5 1F 00 			.db	$7C,$F5,$1F,$00
0324   8294 88 DB 7F 09 			.db	$88,$DB,$7F,$09
0325   8298 A0 FE 3F 00 			.db	$A0,$FE,$3F,$00
0326   829C FD 23 FF 0F 			.db	$FD,$23,$FF,$0F
0327   82A0 00 50 F8 3F 			.db	$00,$50,$F8,$3F
0328   82A4 45 05 A8 BE 			.db	$45,$05,$A8,$BE
0329   82A8 5C 49 EB 7F 			.db	$5C,$49,$EB,$7F
0330   82AC 00 FC D3 FF 			.db	$00,$FC,$D3,$FF
0331   82B0 07 00 D0 FC 			.db	$07,$00,$D0,$FC
0332   82B4 3F 00 09 F5 			.db	$3F,$00,$09,$F5
0333   82B8 AD D5 4B EB 			.db	$AD,$D5,$4B,$EB
0334   82BC BF 01 E8 01 			.db	$BF,$01,$E8,$01
0335   82C0 FC 7F 80 06 			.db	$FC,$7F,$80,$06
0336   82C4 E2 FF AA 14 			.db	$E2,$FF,$AA,$14
0337   82C8 82 A6 B5 96 			.db	$82,$A6,$B5,$96
0338   82CC 88 FC 0F 00 			.db	$88,$FC,$0F,$00
0339   82D0 7F          			.db	$7F
0340   82D1 AA E1 FF 07 ut_lord_beg		.db	$AA,$E1,$FF,$07
0341   82D5 10 28 FE 4F 			.db	$10,$28,$FE,$4F
0342   82D9 85 A0 54 B5 			.db	$85,$A0,$54,$B5
0343   82DD 54 FA D3    			.db	$54,$FA,$D3
0344   82E0 70          ut_jungle_end		.db	$70
0345   82E1 80 FA EB    			.db	$80,$FA,$EB
0346   82E4 FF 0B 50 40 			.db	$FF,$0B,$50,$40
0347   82E8 ED AB 55 42 			.db	$ED,$AB,$55,$42
0348   82EC A2 58 95 7F 			.db	$A2,$58,$95,$7F
0349   82F0 05 FC 03 F0 			.db	$05,$FC,$03,$F0
0350   82F4 3F F6 5F 81 			.db	$3F,$F6,$5F,$81
0351   82F8 85 84 DF 6E 			.db	$85,$84,$DF,$6E
0352   82FC 51 20 80 F4 			.db	$51,$20,$80,$F4
0353   8300 5F 02 5F BA 			.db	$5F,$02,$5F,$BA
0354   8304 00 EF 8B FF 			.db	$00,$EF,$8B,$FF
0355   8308 D7 A8 00 A4 			.db	$D7,$A8,$00,$A4
0356   830C AD F6 0A 80 			.db	$AD,$F6,$0A,$80
0357   8310 F0 D7 A0 3E 			.db	$F0,$D7,$A0,$3E
0358   8314 4A FF 00 FB 			.db	$4A,$FF,$00,$FB
0359   8318 83 FE 1F 54 			.db	$83,$FE,$1F,$54
0360   831C 84 70 95 5A 			.db	$84,$70,$95,$5A
0361   8320 11 E8 8F 42 			.db	$11,$E8,$8F,$42
0362   8324 2B B8 FF AF 			.db	$2B,$B8,$FF,$AF
0363   8328 00 F0 C6 FB 			.db	$00,$F0,$C6,$FB
0364   832C 3F 00 2D 72 			.db	$3F,$00,$2D,$72
0365   8330 1F 00 95 BB 			.db	$1F,$00,$95,$BB
0366   8334 9E 52 41 FC 			.db	$9E,$52,$41,$FC
0367   8338 FF F6 00 F0 			.db	$FF,$F6,$00,$F0
0368   833C FF E7 1B 00 			.db	$FF,$E7,$1B,$00
0369   8340 FE 5F 51 00 			.db	$FE,$5F,$51,$00
0370   8344 FE 2F 45 00 			.db	$FE,$2F,$45,$00
0371   8348 DD FF AB EA 			.db	$DD,$FF,$AB,$EA
0372   834C 01 C0 FF 17 			.db	$01,$C0,$FF,$17
0373   8350 07 00 FF 0B 			.db	$07,$00,$FF,$0B
0374   8354 0E 01 FF 0A 			.db	$0E,$01,$FF,$0A
0375   8358 1A 80 FB FB 			.db	$1A,$80,$FB,$FB
0376   835C 1A CA 3F 00 			.db	$1A,$CA,$3F,$00
0377   8360 FC 3F E0 01 			.db	$FC,$3F,$E0,$01
0378   8364 F0 7F 00 5B 			.db	$F0,$7F,$00,$5B
0379   8368 40 7F 00 A9 			.db	$40,$7F,$00,$A9
0380   836C 6A FE 13 A8 			.db	$6A,$FE,$13,$A8
0381   8370 FA 1F 00 FE 			.db	$FA,$1F,$00,$FE
0382   8374 3F E0 08 E8 			.db	$3F,$E0,$08,$E8
0383   8378 FF 81 00 5A 			.db	$FF,$81,$00,$5A
0384   837C 57 A3 A0 7D 			.db	$57,$A3,$A0,$7D
0385   8380 5F 43 62 FD 			.db	$5F,$43,$62,$FD
0386   8384 3F 00 F8 7F 			.db	$3F,$00,$F8,$7F
0387   8388 C0 03 C0 FF 			.db	$C0,$03,$C0,$FF
0388   838C 03 30 40 FF 			.db	$03,$30,$40,$FF
0389   8390 0B A2 E5 FA 			.db	$0B,$A2,$E5,$FA
0390   8394 26 C8 EB FA 			.db	$26,$C8,$EB,$FA
0391   8398 01 C0 FF 07 			.db	$01,$C0,$FF,$07
0392   839C 38 03 FE 1F 			.db	$38,$03,$FE,$1F
0393   83A0 00 8C FA 6F 			.db	$00,$8C,$FA,$6F
0394   83A4 00 F4 BE 57 			.db	$00,$F4,$BE,$57
0395   83A8 80 F4 AB DE 			.db	$80,$F4,$AB,$DE
0396   83AC 01 C0 FF 47 			.db	$01,$C0,$FF,$47
0397   83B0 1D 00 FE 0F 			.db	$1D,$00,$FE,$0F
0398   83B4 58 00 FE 4F 			.db	$58,$00,$FE,$4F
0399   83B8 A0 68 FD FE 			.db	$A0,$68,$FD,$FE
0400   83BC B1 B2 AA BA 			.db	$B1,$B2,$AA,$BA
0401   83C0 00 C0 FF 01 			.db	$00,$C0,$FF,$01
0402   83C4 38 08 FF 07 			.db	$38,$08,$FF,$07
0403   83C8 C0 19 7E 0B 			.db	$C0,$19,$7E,$0B
0404   83CC 80 7F 6B 09 			.db	$80,$7F,$6B,$09
0405   83D0 20 FD 2E C4 			.db	$20,$FD,$2E,$C4
0406   83D4 7F 00 F8 3F 			.db	$7F,$00,$F8,$3F
0407   83D8 C0 07 F0 7F 			.db	$C0,$07,$F0,$7F
0408   83DC 00 3E 82 DF 			.db	$00,$3E,$82,$DF
0409   83E0 02 F2 5A BA 			.db	$02,$F2,$5A,$BA
0410   83E4 06 C5 FA 1F 			.db	$06,$C5,$FA,$1F
0411   83E8 00 7E 00 FC 			.db	$00,$7E,$00,$FC
0412   83EC 3F 80 AF F0 			.db	$3F,$80,$AF,$F0
0413   83F0 3F 00 7E 20 			.db	$3F,$00,$7E,$20
0414   83F4 DF 00 FD 2B 			.db	$DF,$00,$FD,$2B
0415   83F8 A9 A4 FF 00 			.db	$A9,$A4,$FF,$00
0416   83FC E8 8D F7 01 			.db	$E8,$8D,$F7,$01
0417   8400 B1 FF 07 3E 			.db	$B1,$FF,$07,$3E
0418   8404 00 FF 07 D0 			.db	$00,$FF,$07,$D0
0419   8408 05 FA 0B E8 			.db	$05,$FA,$0B,$E8
0420   840C 9B FA 0F 80 			.db	$9B,$FA,$0F,$80
0421   8410 DF 68 16 8A 			.db	$DF,$68,$16,$8A
0422   8414 FF 05 C0 FF 			.db	$FF,$05,$C0,$FF
0423   8418 01 3E D0 FF 			.db	$01,$3E,$D0,$FF
0424   841C 00 7C 42 BF 			.db	$00,$7C,$42,$BF
0425   8420 00 FF 07 E0 			.db	$00,$FF,$07,$E0
0426   8424 AA F5 1D 00 			.db	$AA,$F5,$1D,$00
0427   8428 EF D5 6D 01 			.db	$EF,$D5,$6D,$01
0428   842C 0E E0 FF 81 			.db	$0E,$E0,$FF,$81
0429   8430 2B F0 7F 00 			.db	$2B,$F0,$7F,$00
0430   8434 27 FD 0F 80 			.db	$27,$FD,$0F,$80
0431   8438 3F F1 2B C0 			.db	$3F,$F1,$2B,$C0
0432   843C AF 4B 53 4A 			.db	$AF,$4B,$53,$4A
0433   8440 F4 5B 88 D2 			.db	$F4,$5B,$88,$D2
0434   8444 0F E0 FF D0 			.db	$0F,$E0,$FF,$D0
0435   8448 0F F0 7F 00 			.db	$0F,$F0,$7F,$00
0436   844C E0 1B 5D 0F 			.db	$E0,$1B,$5D,$0F
0437   8450 E0 BF 70 2D 			.db	$E0,$BF,$70,$2D
0438   8454 52 BD 16 D1 			.db	$52,$BD,$16,$D1
0439   8458 91 FA 92 12 			.db	$91,$FA,$92,$12
0440   845C E5 FF 00 F0 			.db	$E5,$FF,$00,$F0
0441   8460 07 FE 03 F8 			.db	$07,$FE,$03,$F8
0442   8464 C2 87 3B A0 			.db	$C2,$87,$3B,$A0
0443   8468 FE A0 2F 90 			.db	$FE,$A0,$2F,$90
0444   846C 7A EB 0A 8A 			.db	$7A,$EB,$0A,$8A
0445   8470 FD 45 55 08 			.db	$FD,$45,$55,$08
0446   8474 FE 1F 00 BF 			.db	$FE,$1F,$00,$BF
0447   8478 E8 2F 88 FE 			.db	$E8,$2F,$88,$FE
0448   847C 25 C0 0F FE 			.db	$25,$C0,$0F,$FE
0449   8480 E1 02 56 F8 			.db	$E1,$02,$56,$F8
0450   8484 8F 50 45 7B 			.db	$8F,$50,$45,$7B
0451   8488 BA 40 F7 0B 			.db	$BA,$40,$F7,$0B
0452   848C C0 3F B2 55 			.db	$C0,$3F,$B2,$55
0453   8490 E0 BF A0 55 			.db	$E0,$BF,$A0,$55
0454   8494 A9 B7 00 7F 			.db	$A9,$B7,$00,$7F
0455   8498 47 55 85 AA 			.db	$47,$55,$85,$AA
0456   849C E2 07 7E F0 			.db	$E2,$07,$7E,$F0
0457   84A0 07 5F 28 80 			.db	$07,$5F,$28,$80
0458   84A4 3F 7C 21 A5 			.db	$3F,$7C,$21,$A5
0459   84A8 3F F4 82 FA 			.db	$3F,$F4,$82,$FA
0460   84AC 0F A8 16 F5 			.db	$0F,$A8,$16,$F5
0461   84B0 16 51 B5 6A 			.db	$16,$51,$B5,$6A
0462   84B4 AB 85 AA AF 			.db	$AB,$85,$AA,$AF
0463   84B8 5A F0 0F 60 			.db	$5A,$F0,$0F,$60
0464   84BC 27 FC 21 A8 			.db	$27,$FC,$21,$A8
0465   84C0 FF 7D B5 4A 			.db	$FF,$7D,$B5,$4A
0466   84C4 D0 56 AF 2A 			.db	$D0,$56,$AF,$2A
0467   84C8 D0 42 AA 17 			.db	$D0,$42,$AA,$17
0468   84CC 7F F9 A3 1D 			.db	$7F,$F9,$A3,$1D
0469   84D0 69 88 00 77 			.db	$69,$88,$00,$77
0470   84D4 8F 5C F4 1F 			.db	$8F,$5C,$F4,$1F
0471   84D8 3E C0 53 DF 			.db	$3E,$C0,$53,$DF
0472   84DC 4E 58 F5 F5 			.db	$4E,$58,$F5,$F5
0473   84E0 05 15 F8 A9 			.db	$05,$15,$F8,$A9
0474   84E4 AA A2 5E BB 			.db	$AA,$A2,$5E,$BB
0475   84E8 60 43 1B 7C 			.db	$60,$43,$1B,$7C
0476   84EC A5 AE 2A F0 			.db	$A5,$AE,$2A,$F0
0477   84F0 AB A7 57 D8 			.db	$AB,$A7,$57,$D8
0478   84F4 6D 21 09 F2 			.db	$6D,$21,$09,$F2
0479   84F8 07 2E E0 E3 			.db	$07,$2E,$E0,$E3
0480   84FC BF 56 68 EA 			.db	$BF,$56,$68,$EA
0481   8500 57 25 2A DC 			.db	$57,$25,$2A,$DC
0482   8504 F5 25 9A A8 			.db	$F5,$25,$9A,$A8
0483   8508 A4 AA 8D 3E 			.db	$A4,$AA,$8D,$3E
0484   850C 10 FF B6 B4 			.db	$10,$FF,$B6,$B4
0485   8510 80 D6 5A 5B 			.db	$80,$D6,$5A,$5B
0486   8514 80 D2 FD B5 			.db	$80,$D2,$FD,$B5
0487   8518 5A AB FF 40 			.db	$5A,$AB,$FF,$40
0488   851C 01 58 F0 AB 			.db	$01,$58,$F0,$AB
0489   8520 5F 55 55 6B 			.db	$5F,$55,$55,$6B
0490   8524 AD AA 52 48 			.db	$AD,$AA,$52,$48
0491   8528 AB BD AD 05 			.db	$AB,$BD,$AD,$05
0492   852C FE B0 40 A5 			.db	$FE,$B0,$40,$A5
0493   8530 B6 37 55 F4 			.db	$B6,$37,$55,$F4
0494   8534 26 5D 51 A5 			.db	$26,$5D,$51,$A5
0495   8538 6A 45 AB BF 			.db	$6A,$45,$AB,$BF
0496   853C FD 55 97 02 			.db	$FD,$55,$97,$02
0497   8540 12 50 A1 56 			.db	$12,$50,$A1,$56
0498   8544 F6 F5 EE AB 			.db	$F6,$F5,$EE,$AB
0499   8548 4A AA A8 02 			.db	$4A,$AA,$A8,$02
0500   854C 5E F9 47 2B 			.db	$5E,$F9,$47,$2B
0501   8550 49 6A 49 49 			.db	$49,$6A,$49,$49
0502   8554 A5 7E DD 52 			.db	$A5,$7E,$DD,$52
0503   8558 55 D5 56 14 			.db	$55,$D5,$56,$14
0504   855C 51 43 5F FE 			.db	$51,$43,$5F,$FE
0505   8560 BA AD 2A 45 			.db	$BA,$AD,$2A,$45
0506   8564 40 88 14 B5 			.db	$40,$88,$14,$B5
0507   8568 55 FB BD BD 			.db	$55,$FB,$BD,$BD
0508   856C 45 3D EA 82 			.db	$45,$3D,$EA,$82
0509   8570 06 B5 FA AA 			.db	$06,$B5,$FA,$AA
0510   8574 8A 4A B5 EA 			.db	$8A,$4A,$B5,$EA
0511   8578 A2 AA DE EA 			.db	$A2,$AA,$DE,$EA
0512   857C AA 2A 45 15 			.db	$AA,$2A,$45,$15
0513   8580 54 55 51 7F 			.db	$54,$55,$51,$7F
0514   8584 BF 5D A5 10 			.db	$BF,$5D,$A5,$10
0515   8588 22 45 24 92 			.db	$22,$45,$24,$92
0516   858C D6 DD B7 DA 			.db	$D6,$DD,$B7,$DA
0517   8590 B7 BE A8 82 			.db	$B7,$BE,$A8,$82
0518   8594 2A D5 DA AA 			.db	$2A,$D5,$DA,$AA
0519   8598 94 4A A5 AA 			.db	$94,$4A,$A5,$AA
0520   859C AD AA 52 55 			.db	$AD,$AA,$52,$55
0521   85A0 3F D0 A5 96 			.db	$3F,$D0,$A5,$96
0522   85A4 14 54 F5 B7 			.db	$14,$54,$F5,$B7
0523   85A8 AF 6E AA 20 			.db	$AF,$6E,$AA,$20
0524   85AC 84 90 92 2A 			.db	$84,$90,$92,$2A
0525   85B0 FB E0 8F 1F 			.db	$FB,$E0,$8F,$1F
0526   85B4 3F BA 4A 2D 			.db	$3F,$BA,$4A,$2D
0527   85B8 78          			.db	$78
0528   85B9 E1          ut_lord_end		.db	$E1
0529   85BA             
0530   85BA AA 49 4B A5 ut_fight_beg	.db	$AA,$49,$4B,$A5
0531   85BE 4E AB A8 2E 			.db	$4E,$AB,$A8,$2E
0532   85C2 4E F5 6A 54 			.db	$4E,$F5,$6A,$54
0533   85C6 15 AB 65 5D 			.db	$15,$AB,$65,$5D
0534   85CA 74 54 55 53 			.db	$74,$54,$55,$53
0535   85CE BB 54 85 D5 			.db	$BB,$54,$85,$D5
0536   85D2 8A D6 69 45 			.db	$8A,$D6,$69,$45
0537   85D6 1D 3A 9A C6 			.db	$1D,$3A,$9A,$C6
0538   85DA D2 71 5C 95 			.db	$D2,$71,$5C,$95
0539   85DE A3 B8 4C 4E 			.db	$A3,$B8,$4C,$4E
0540   85E2 A3 A9 34 5A 			.db	$A3,$A9,$34,$5A
0541   85E6 AD D2 E2 A8 			.db	$AD,$D2,$E2,$A8
0542   85EA 9A 2A 8F EA 			.db	$9A,$2A,$8F,$EA
0543   85EE A5 A9 6A 35 			.db	$A5,$A9,$6A,$35
0544   85F2 69 F2 0B 87 			.db	$69,$F2,$0B,$87
0545   85F6 95 56 5E 46 			.db	$95,$56,$5E,$46
0546   85FA 75 A5 96 6B 			.db	$75,$A5,$96,$6B
0547   85FE 91 AB 54 B5 			.db	$91,$AB,$54,$B5
0548   8602 50 5D 15 55 			.db	$50,$5D,$15,$55
0549   8606 B5 28 5D 47 			.db	$B5,$28,$5D,$47
0550   860A A5 5A 8D D2 			.db	$A5,$5A,$8D,$D2
0551   860E 75 16 4B C7 			.db	$75,$16,$4B,$C7
0552   8612 AA 2C AA D3 			.db	$AA,$2C,$AA,$D3
0553   8616 A5 2A 7A 09 			.db	$A5,$2A,$7A,$09
0554   861A EA 5B A8 BA 			.db	$EA,$5B,$A8,$BA
0555   861E 52 51 45 75 			.db	$52,$51,$45,$75
0556   8622 49 54 D7 A3 			.db	$49,$54,$D7,$A3
0557   8626 20 D4 DF 7F 			.db	$20,$D4,$DF,$7F
0558   862A 55 A9 14 20 			.db	$55,$A9,$14,$20
0559   862E 49 55 52 BD 			.db	$49,$55,$52,$BD
0560   8632 BB CA B7 75 			.db	$BB,$CA,$B7,$75
0561   8636 BD 95 F6 B1 			.db	$BD,$95,$F6,$B1
0562   863A 00 80 FF 3F 			.db	$00,$80,$FF,$3F
0563   863E 06 FE 07 28 			.db	$06,$FE,$07,$28
0564   8642 F0 1F 84 F3 			.db	$F0,$1F,$84,$F3
0565   8646 2F 28 BE 87 			.db	$2F,$28,$BE,$87
0566   864A 42 F9 FF C1 			.db	$42,$F9,$FF,$C1
0567   864E 7F 00 0E F0 			.db	$7F,$00,$0E,$F0
0568   8652 07 78 00 1F 			.db	$07,$78,$00,$1F
0569   8656 C0 E3 38 18 			.db	$C0,$E3,$38,$18
0570   865A 0F C3 21 58 			.db	$0F,$C3,$21,$58
0571   865E 1E E7 1F FC 			.db	$1E,$E7,$1F,$FC
0572   8662 07 E0 80 3F 			.db	$07,$E0,$80,$3F
0573   8666 C0 07 F0 30 			.db	$C0,$07,$F0,$30
0574   866A 00 FE 80 69 			.db	$00,$FE,$80,$69
0575   866E 1C D8 03 FC 			.db	$1C,$D8,$03,$FC
0576   8672 0F FC 03 F7 			.db	$0F,$FC,$03,$F7
0577   8676 E0 0B FC 00 			.db	$E0,$0B,$FC,$00
0578   867A AF 38 E0 17 			.db	$AF,$38,$E0,$17
0579   867E 84 B3 A0 3E 			.db	$84,$B3,$A0,$3E
0580   8682 ED E1 3F 60 			.db	$ED,$E1,$3F,$60
0581   8686 0E 1F E0 03 			.db	$0E,$1F,$E0,$03
0582   868A 7C 78 01 6F 			.db	$7C,$78,$01,$6F
0583   868E 30 39 86 FF 			.db	$30,$39,$86,$FF
0584   8692 81 7F F0 0D 			.db	$81,$7F,$F0,$0D
0585   8696 3F F0 87 2B 			.db	$3F,$F0,$87,$2B
0586   869A FC 80 8F 43 			.db	$FC,$80,$8F,$43
0587   869E 7D 1F F8 87 			.db	$7D,$1F,$F8,$87
0588   86A2 0F F8 83 1F 			.db	$0F,$F8,$83,$1F
0589   86A6 3C F0 83 13 			.db	$3C,$F0,$83,$13
0590   86AA 1F AC 3E F0 			.db	$1F,$AC,$3E,$F0
0591   86AE EF 1F F0 C1 			.db	$EF,$1F,$F0,$C1
0592   86B2 03 7C 7E C0 			.db	$03,$7C,$7E,$C0
0593   86B6 E1 07 2F 07 			.db	$E1,$07,$2F,$07
0594   86BA FF FE 80 83 			.db	$FF,$FE,$80,$83
0595   86BE 3F 00 F8 87 			.db	$3F,$00,$F8,$87
0596   86C2 07 E0 1F 0C 			.db	$07,$E0,$1F,$0C
0597   86C6 FE FF 81 E0 			.db	$FE,$FF,$81,$E0
0598   86CA 1F 07 E8 FE 			.db	$1F,$07,$E8,$FE
0599   86CE 00 F0 D7 03 			.db	$00,$F0,$D7,$03
0600   86D2 FF 7F 10 F0 			.db	$FF,$7F,$10,$F0
0601   86D6 8F 19 C0 BF 			.db	$8F,$19,$C0,$BF
0602   86DA 81 02 7F F0 			.db	$81,$02,$7F,$F0
0603   86DE F0 DF 0F DE 			.db	$F0,$DF,$0F,$DE
0604   86E2 FC 31 C3 BF 			.db	$FC,$31,$C3,$BF
0605   86E6 03 FE 80 3F 			.db	$03,$FE,$80,$3F
0606   86EA FF 1E 78 E0 			.db	$FF,$1E,$78,$E0
0607   86EE FB B0 C1 87 			.db	$FB,$B0,$C1,$87
0608   86F2 E7 07 1E 3E 			.db	$E7,$07,$1E,$3E
0609   86F6 FE E1 C1 F0 			.db	$FE,$E1,$C1,$F0
0610   86FA E3 07 C3 87 			.db	$E3,$07,$C3,$87
0611   86FE 0F 1C BC FF 			.db	$0F,$1C,$BC,$FF
0612   8702 F9 60 80 C7 			.db	$F9,$60,$80,$C7
0613   8706 E3 0F E0 03 			.db	$E3,$0F,$E0,$03
0614   870A 1C BC FF 7F 			.db	$1C,$BC,$FF,$7F
0615   870E 70 40 EC F5 			.db	$70,$40,$EC,$F5
0616   8712 79 10 FC 20 			.db	$79,$10,$FC,$20
0617   8716 70 FC E7 C3 			.db	$70,$FC,$E7,$C3
0618   871A 01 C0 C3 EF 			.db	$01,$C0,$C3,$EF
0619   871E 53 28 00 0E 			.db	$53,$28,$00,$0E
0620   8722 87 7F 3E 07 			.db	$87,$7F,$3E,$07
0621   8726 03 20 38 FE 			.db	$03,$20,$38,$FE
0622   872A 0F 03 04 06 			.db	$0F,$03,$04,$06
0623   872E 8F FF FF 07 			.db	$8F,$FF,$FF,$07
0624   8732 06 00 94 C7 			.db	$06,$00,$94,$C7
0625   8736 DF E3 00 C0 			.db	$DF,$E3,$00,$C0
0626   873A 70 D8 F0 FF 			.db	$70,$D8,$F0,$FF
0627   873E 63 00 58 60 			.db	$63,$00,$58,$60
0628   8742 F8 7F 05 06 			.db	$F8,$7F,$05,$06
0629   8746 1F 0C 80 FB 			.db	$1F,$0C,$80,$FB
0630   874A BB FF CF 07 			.db	$BB,$FF,$CF,$07
0631   874E 80 C1 33 FA 			.db	$80,$C1,$33,$FA
0632   8752 F3 03 0C 1E 			.db	$F3,$03,$0C,$1E
0633   8756 0C 84 BF BF 			.db	$0C,$84,$BF,$BF
0634   875A FF EE C0 1D 			.db	$FF,$EE,$C0,$1D
0635   875E 10 60 F8 FC 			.db	$10,$60,$F8,$FC
0636   8762 C3 C1 93 03 			.db	$C3,$C1,$93,$03
0637   8766 0F 38 7E 76 			.db	$0F,$38,$7E,$76
0638   876A E8 D8 DF C7 			.db	$E8,$D8,$DF,$C7
0639   876E 03 02 4A 13 			.db	$03,$02,$4A,$13
0640   8772 1F FF FC 18 			.db	$1F,$FF,$FC,$18
0641   8776 80 C1 E3 07 			.db	$80,$C1,$E3,$07
0642   877A 8F 07 E7 09 			.db	$8F,$07,$E7,$09
0643   877E FF F8 38 8C 			.db	$FF,$F8,$38,$8C
0644   8782 E1 E1 43 89 			.db	$E1,$E1,$43,$89
0645   8786 C2 D1 75 E0 			.db	$C2,$D1,$75,$E0
0646   878A EF E3 80 07 			.db	$EF,$E3,$80,$07
0647   878E 8F D7 03 07 			.db	$8F,$D7,$03,$07
0648   8792 C3 6A F5 7E 			.db	$C3,$6A,$F5,$7E
0649   8796 3C 0E 70 10 			.db	$3C,$0E,$70,$10
0650   879A 9F 7E F3 30 			.db	$9F,$7E,$F3,$30
0651   879E 14 5A 9E 7E 			.db	$14,$5A,$9E,$7E
0652   87A2 3C 4C 20 0C 			.db	$3C,$4C,$20,$0C
0653   87A6 BE FE 6B 0A 			.db	$BE,$FE,$6B,$0A
0654   87AA 07 8A CB F7 			.db	$07,$8A,$CB,$F7
0655   87AE C7 E1 C1 02 			.db	$C7,$E1,$C1,$02
0656   87B2 42 F7 F9 E8 			.db	$42,$F7,$F9,$E8
0657   87B6 F1 10 69 5F 			.db	$F1,$10,$69,$5F
0658   87BA 1E FC 78 0C 			.db	$1E,$FC,$78,$0C
0659   87BE 11 13 24 4E 			.db	$11,$13,$24,$4E
0660   87C2 DF 4F 97 71 			.db	$DF,$4F,$97,$71
0661   87C6 01 C3 6F 3C 			.db	$01,$C3,$6F,$3C
0662   87CA 7C 5C 0D 11 			.db	$7C,$5C,$0D,$11
0663   87CE 18 66 EE C7 			.db	$18,$66,$EE,$C7
0664   87D2 F8 79 63 E0 			.db	$F8,$79,$63,$E0
0665   87D6 90 4F 47 1B 			.db	$90,$4F,$47,$1B
0666   87DA 1D EE 70 70 			.db	$1D,$EE,$70,$70
0667   87DE E2 C4 0C 0D 			.db	$E2,$C4,$0C,$0D
0668   87E2 8F 3F 2F 55 			.db	$8F,$3F,$2F,$55
0669   87E6 35 1C C1 E1 			.db	$35,$1C,$C1,$E1
0670   87EA F9 89 07 47 			.db	$F9,$89,$07,$47
0671   87EE 5D 1E 1E 8A 			.db	$5D,$1E,$1E,$8A
0672   87F2 1B E2 E1 B9 			.db	$1B,$E2,$E1,$B9
0673   87F6 9A 87 43 57 			.db	$9A,$87,$43,$57
0674   87FA AB 96 46 65 			.db	$AB,$96,$46,$65
0675   87FE 03 A3 C7 17 			.db	$03,$A3,$C7,$17
0676   8802 1E 8D 26 1F 			.db	$1E,$8D,$26,$1F
0677   8806 3D 4D 4A 95 			.db	$3D,$4D,$4A,$95
0678   880A 70 3C BE EA 			.db	$70,$3C,$BE,$EA
0679   880E 31 54 58 E3 			.db	$31,$54,$58,$E3
0680   8812 F1 3A 55 6A 			.db	$F1,$3A,$55,$6A
0681   8816 70 78 EA 69 			.db	$70,$78,$EA,$69
0682   881A 1E 28 54 B5 			.db	$1E,$28,$54,$B5
0683   881E 3A BD 2C 86 			.db	$3A,$BD,$2C,$86
0684   8822 22 C7 E3 AD 			.db	$22,$C7,$E3,$AD
0685   8826 1F 13 A1 D1 			.db	$1F,$13,$A1,$D1
0686   882A CA E5 AD 92 			.db	$CA,$E5,$AD,$92
0687   882E 28 7A F0 F0 			.db	$28,$7A,$F0,$F0
0688   8832 DC 99 39 2B 			.db	$DC,$99,$39,$2B
0689   8836 1A 4C 56 4D 			.db	$1A,$4C,$56,$4D
0690   883A D3 0F 17 6A 			.db	$D3,$0F,$17,$6A
0691   883E 7A 70 AC DC 			.db	$7A,$70,$AC,$DC
0692   8842 B9 9A 2A 22 			.db	$B9,$9A,$2A,$22
0693   8846 67 98 54 F3 			.db	$67,$98,$54,$F3
0694   884A 63 2B 96 2E 			.db	$63,$2B,$96,$2E
0695   884E 35 3A C9 F1 			.db	$35,$3A,$C9,$F1
0696   8852 B1 E3 AA 4E 			.db	$B1,$E3,$AA,$4E
0697   8856 19 16 2A B5 			.db	$19,$16,$2A,$B5
0698   885A 56 75 D9 E3 			.db	$56,$75,$D9,$E3
0699   885E C1 A4 16 8F 			.db	$C1,$A4,$16,$8F
0700   8862 56 2C 9D 3C 			.db	$56,$2C,$9D,$3C
0701   8866 27 B5 C5 C3 			.db	$27,$B5,$C5,$C3
0702   886A 54 4A 97 2B 			.db	$54,$4A,$97,$2B
0703   886E 95 F0 1C E7 			.db	$95,$F0,$1C,$E7
0704   8872 18 CF 38 E2 			.db	$18,$CF,$38,$E2
0705   8876 69 9C 4A 1C 			.db	$69,$9C,$4A,$1C
0706   887A 6F 8C 15 9D 			.db	$6F,$8C,$15,$9D
0707   887E 99 33 E2 CC 			.db	$99,$33,$E2,$CC
0708   8882 C3 D1 9C 53 			.db	$C3,$D1,$9C,$53
0709   8886 CE 98 31 CE 			.db	$CE,$98,$31,$CE
0710   888A 9A E3 E2 8C 			.db	$9A,$E3,$E2,$8C
0711   888E 63 CC D9 71 			.db	$63,$CC,$D9,$71
0712   8892 52 8E 31 63 			.db	$52,$8E,$31,$63
0713   8896 CE 1C 47 C7 			.db	$CE,$1C,$47,$C7
0714   889A 8C 1C 3B E7 			.db	$8C,$1C,$3B,$E7
0715   889E CC 98 18 C7 			.db	$CC,$98,$18,$C7
0716   88A2 D3 99 63 E1 			.db	$D3,$99,$63,$E1
0717   88A6 25 2D C6 AA 			.db	$25,$2D,$C6,$AA
0718   88AA 72 FA D4 C4 			.db	$72,$FA,$D4,$C4
0719   88AE 92 45 AB 6B 			.db	$92,$45,$AB,$6B
0720   88B2 26 45 55 E7 			.db	$26,$45,$55,$E7
0721   88B6 E2 18 35 D5 			.db	$E2,$18,$35,$D5
0722   88BA 97 D2 5A 55 			.db	$97,$D2,$5A,$55
0723   88BE 8A 4A B9 6A 			.db	$8A,$4A,$B9,$6A
0724   88C2 55 A9 4A AB 			.db	$55,$A9,$4A,$AB
0725   88C6 96 53 27 AA 			.db	$96,$53,$27,$AA
0726   88CA B4 F5 5D 29 			.db	$B4,$F5,$5D,$29
0727   88CE 95 AA EA 94 			.db	$95,$AA,$EA,$94
0728   88D2 2A 57 AF 58 			.db	$2A,$57,$AF,$58
0729   88D6 58 AA 6A 55 			.db	$58,$AA,$6A,$55
0730   88DA A5 B4 A8 4E 			.db	$A5,$B4,$A8,$4E
0731   88DE 4F 55 15 55 			.db	$4F,$55,$15,$55
0732   88E2 5A AD C1 38 			.db	$5A,$AD,$C1,$38
0733   88E6 E5 34 4D B3 			.db	$E5,$34,$4D,$B3
0734   88EA 4A E5 D2 EA 			.db	$4A,$E5,$D2,$EA
0735   88EE 30 56       			.db	$30,$56
0736   88F0 AD          ut_fight_end		.db	$AD
0737   88F1 AA          ut_tiger_beg		.db	$AA
0738   88F2 95 63 71 8E 			.db	$95,$63,$71,$8E
0739   88F6 8E 65 35 2C 			.db	$8E,$65,$35,$2C
0740   88FA A7 E3 38 16 			.db	$A7,$E3,$38,$16
0741   88FE C7 E3 38 9A 			.db	$C7,$E3,$38,$9A
0742   8902 8E 63 E3 98 			.db	$8E,$63,$E3,$98
0743   8906 8E A6 E9 58 			.db	$8E,$A6,$E9,$58
0744   890A 96 AA 3C 35 			.db	$96,$AA,$3C,$35
0745   890E 55 55 55 2D 			.db	$55,$55,$55,$2D
0746   8912 2D AD 54 59 			.db	$2D,$AD,$54,$59
0747   8916 AB 8A C5 AA 			.db	$AB,$8A,$C5,$AA
0748   891A 2E 5A F5 2A 			.db	$2E,$5A,$F5,$2A
0749   891E 74 A5 4A 75 			.db	$74,$A5,$4A,$75
0750   8922 43 D5 E8 0A 			.db	$43,$D5,$E8,$0A
0751   8926 AF 54 5D D4 			.db	$AF,$54,$5D,$D4
0752   892A B1 2A EC 2B 			.db	$B1,$2A,$EC,$2B
0753   892E 4A 6D 2A BA 			.db	$4A,$6D,$2A,$BA
0754   8932 D2 82 FE A0 			.db	$D2,$82,$FE,$A0
0755   8936 6A 2F 94 5B 			.db	$6A,$2F,$94,$5B
0756   893A C1 CB 15 59 			.db	$C1,$CB,$15,$59
0757   893E 7B B8 B8 A2 			.db	$7B,$B8,$B8,$A2
0758   8942 93 87 4E DC 			.db	$93,$87,$4E,$DC
0759   8946 E2 42 5D 7A 			.db	$E2,$42,$5D,$7A
0760   894A 94 8B C7 56 			.db	$94,$8B,$C7,$56
0761   894E 78 31 7C 05 			.db	$78,$31,$7C,$05
0762   8952 C0 FF 54 ED 			.db	$C0,$FF,$54,$ED
0763   8956 45 B4 55 A8 			.db	$45,$B4,$55,$A8
0764   895A 15 24 A9 0E 			.db	$15,$24,$A9,$0E
0765   895E 3E F8 E5 E6 			.db	$3E,$F8,$E5,$E6
0766   8962 E8 7C 0A C0 			.db	$E8,$7C,$0A,$C0
0767   8966 FF B8 C0 7F 			.db	$FF,$B8,$C0,$7F
0768   896A C0 E8 01 1E 			.db	$C0,$E8,$01,$1E
0769   896E 1E F0 43 7A 			.db	$1E,$F0,$43,$7A
0770   8972 B4 EF 83 FF 			.db	$B4,$EF,$83,$FF
0771   8976 0F FC 07 3F 			.db	$0F,$FC,$07,$3F
0772   897A F8 07 1F FC 			.db	$F8,$07,$1F,$FC
0773   897E 23 F4 07 AD 			.db	$23,$F4,$07,$AD
0774   8982 B6 E0 65 57 			.db	$B6,$E0,$65,$57
0775   8986 F5 80 7F E0 			.db	$F5,$80,$7F,$E0
0776   898A 81 3F 38 E8 			.db	$81,$3F,$38,$E8
0777   898E 83 01 3F 68 			.db	$83,$01,$3F,$68
0778   8992 AA 0E EE 1F 			.db	$AA,$0E,$EE,$1F
0779   8996 F8 8F 1F FE 			.db	$F8,$8F,$1F,$FE
0780   899A E1 87 1F 3E 			.db	$E1,$87,$1F,$3E
0781   899E DC CA C2 BF 			.db	$DC,$CA,$C2,$BF
0782   89A2 EE 01 7F FC 			.db	$EE,$01,$7F,$FC
0783   89A6 C0 3F 3E F0 			.db	$C0,$3F,$3E,$F0
0784   89AA FB C0 D3 07 			.db	$FB,$C0,$D3,$07
0785   89AE 8F 1F FC F9 			.db	$8F,$1F,$FC,$F9
0786   89B2 07 9F 7F 70 			.db	$07,$9F,$7F,$70
0787   89B6 F8 67 C1 C7 			.db	$F8,$67,$C1,$C7
0788   89BA 3F F0 F0 0F 			.db	$3F,$F0,$F0,$0F
0789   89BE 0F 7F 3C F8 			.db	$0F,$7F,$3C,$F8
0790   89C2 F9 E0 E3 03 			.db	$F9,$E0,$E3,$03
0791   89C6 1E 3F F0 F0 			.db	$1E,$3F,$F0,$F0
0792   89CA E3 C3 E3 87 			.db	$E3,$C3,$E3,$87
0793   89CE 47 0F 78 FC 			.db	$47,$0F,$78,$FC
0794   89D2 F1 C1 C3 87 			.db	$F1,$C1,$C3,$87
0795   89D6 87 8F 1F 07 			.db	$87,$8F,$1F,$07
0796   89DA 07 FF 1F 1C 			.db	$07,$FF,$1F,$1C
0797   89DE F8 3F 0E 5E 			.db	$F8,$3F,$0E,$5E
0798   89E2 03 07 E7 3F 			.db	$03,$07,$E7,$3F
0799   89E6 34 1C BF 1A 			.db	$34,$1C,$BF,$1A
0800   89EA 83 E0 81 FB 			.db	$83,$E0,$81,$FB
0801   89EE 7F 00 F6 F7 			.db	$7F,$00,$F6,$F7
0802   89F2 E1 08 0C 9C 			.db	$E1,$08,$0C,$9C
0803   89F6 FF 17 10 BC 			.db	$FF,$17,$10,$BC
0804   89FA FF E3 01 F0 			.db	$FF,$E3,$01,$F0
0805   89FE FC FF F1 A0 			.db	$FC,$FF,$F1,$A0
0806   8A02 CE FF 63 C0 			.db	$CE,$FF,$63,$C0
0807   8A06 F0 FC 7F 29 			.db	$F0,$FC,$7F,$29
0808   8A0A FC 01 3C 3C 			.db	$FC,$01,$3C,$3C
0809   8A0E 84 9F 3F 4F 			.db	$84,$9F,$3F,$4F
0810   8A12 C5 27 1C 1C 			.db	$C5,$27,$1C,$1C
0811   8A16 0E 8F 3F EE 			.db	$0E,$8F,$3F,$EE
0812   8A1A C3 07 06 C6 			.db	$C3,$07,$06,$C6
0813   8A1E C3 C3 EF 63 			.db	$C3,$C3,$EF,$63
0814   8A22 79 08 F6 81 			.db	$79,$08,$F6,$81
0815   8A26 81 1F 78 F1 			.db	$81,$1F,$78,$F1
0816   8A2A F3 20 3A 0E 			.db	$F3,$20,$3A,$0E
0817   8A2E 1E F4 C3 83 			.db	$1E,$F4,$C3,$83
0818   8A32 3F 3E 70 78 			.db	$3F,$3E,$70,$78
0819   8A36 C0 E0 C3 C5 			.db	$C0,$E0,$C3,$C5
0820   8A3A 7D 3C F8 C1 			.db	$7D,$3C,$F8,$C1
0821   8A3E 03 03 07 87 			.db	$03,$03,$07,$87
0822   8A42 57 AF FE 71 			.db	$57,$AF,$FE,$71
0823   8A46 C0 C1 07 06 			.db	$C0,$C1,$07,$06
0824   8A4A 0E 1F 5F 3E 			.db	$0E,$1F,$5F,$3E
0825   8A4E 1F 1E 44 78 			.db	$1F,$1E,$44,$78
0826   8A52 F0 00 F8 7A 			.db	$F0,$00,$F8,$7A
0827   8A56 B5 3D 0E 0E 			.db	$B5,$3D,$0E,$0E
0828   8A5A 3A 71 20 58 			.db	$3A,$71,$20,$58
0829   8A5E 9D B7 C7 0F 			.db	$9D,$B7,$C7,$0F
0830   8A62 21 E3 1F 08 			.db	$21,$E3,$1F,$08
0831   8A66 C0 A5 FD 3C 			.db	$C0,$A5,$FD,$3C
0832   8A6A 18 5A 7D 1D 			.db	$18,$5A,$7D,$1D
0833   8A6E 14 42 A5 F7 			.db	$14,$42,$A5,$F7
0834   8A72 41 00 DE F3 			.db	$41,$00,$DE,$F3
0835   8A76 2F 1C 0C E7 			.db	$2F,$1C,$0C,$E7
0836   8A7A E7 20 20 F0 			.db	$E7,$20,$20,$F0
0837   8A7E F8 F0 7D 78 			.db	$F8,$F0,$7D,$78
0838   8A82 78 0E 3C 70 			.db	$78,$0E,$3C,$70
0839   8A86 70 E0 E0 F1 			.db	$70,$E0,$E0,$F1
0840   8A8A F9 59 24 F8 			.db	$F9,$59,$24,$F8
0841   8A8E A2 07 3F 18 			.db	$A2,$07,$3F,$18
0842   8A92 1C 3C 3E 3E 			.db	$1C,$3C,$3E,$3E
0843   8A96 1C AA 6B C3 			.db	$1C,$AA,$6B,$C3
0844   8A9A 0F 08 70 F8 			.db	$0F,$08,$70,$F8
0845   8A9E FD 75 40 A1 			.db	$FD,$75,$40,$A1
0846   8AA2 D7 8F 07 00 			.db	$D7,$8F,$07,$00
0847   8AA6 78 F8 FF C3 			.db	$78,$F8,$FF,$C3
0848   8AAA 00 87 1F 3F 			.db	$00,$87,$1F,$3F
0849   8AAE 0A 00 FC FD 			.db	$0A,$00,$FC,$FD
0850   8AB2 FF 03 06 BF 			.db	$FF,$03,$06,$BF
0851   8AB6 7F 2E 00 E0 			.db	$7F,$2E,$00,$E0
0852   8ABA F0 FF AF 04 			.db	$F0,$FF,$AF,$04
0853   8ABE 38 FE 7D 10 			.db	$38,$FE,$7D,$10
0854   8AC2 08 00 0F 7F 			.db	$08,$00,$0F,$7F
0855   8AC6 FF C4 01 CF 			.db	$FF,$C4,$01,$CF
0856   8ACA 6F 05 10 1E 			.db	$6F,$05,$10,$1E
0857   8ACE 07 0E 7E FF 			.db	$07,$0E,$7E,$FF
0858   8AD2 8D 00 5C DF 			.db	$8D,$00,$5C,$DF
0859   8AD6 0F 04 54 FE 			.db	$0F,$04,$54,$FE
0860   8ADA 80 83 DF 7F 			.db	$80,$83,$DF,$7F
0861   8ADE E0 00 AF BF 			.db	$E0,$00,$AF,$BF
0862   8AE2 0A 80 EA DD 			.db	$0A,$80,$EA,$DD
0863   8AE6 03 70 F0 FF 			.db	$03,$70,$F0,$FF
0864   8AEA 0F 08 70 FD 			.db	$0F,$08,$70,$FD
0865   8AEE B7 40 A0 DB 			.db	$B7,$40,$A0,$DB
0866   8AF2 6A D0 01 3C 			.db	$6A,$D0,$01,$3C
0867   8AF6 FC FF 03 56 			.db	$FC,$FF,$03,$56
0868   8AFA FC F7 03 03 			.db	$FC,$F7,$03,$03
0869   8AFE D4 F8 A9 25 			.db	$D4,$F8,$A9,$25
0870   8B02 B5 1F F0 E0 			.db	$B5,$1F,$F0,$E0
0871   8B06 FF 3F 10 E0 			.db	$FF,$3F,$10,$E0
0872   8B0A 0F 3F 70 A0 			.db	$0F,$3F,$70,$A0
0873   8B0E 07 BF F8 E0 			.db	$07,$BF,$F8,$E0
0874   8B12 E0 A8 D7 00 			.db	$E0,$A8,$D7,$00
0875   8B16 0F FE FF 12 			.db	$0F,$FE,$FF,$12
0876   8B1A 38 F0 C1 01 			.db	$38,$F0,$C1,$01
0877   8B1E DA 3A 1F 1A 			.db	$DA,$3A,$1F,$1A
0878   8B22 70 FC F3 C0 			.db	$70,$FC,$F3,$C0
0879   8B26 80 B2 3F C0 			.db	$80,$B2,$3F,$C0
0880   8B2A 03 FF FC C1 			.db	$03,$FF,$FC,$C1
0881   8B2E 81 E1 81 03 			.db	$81,$E1,$81,$03
0882   8B32 7E F0 E1 2A 			.db	$7E,$F0,$E1,$2A
0883   8B36 75 F5 0F 1C 			.db	$75,$F5,$0F,$1C
0884   8B3A 30 E8 8D 0F 			.db	$30,$E8,$8D,$0F
0885   8B3E 5A 02 E0 D7 			.db	$5A,$02,$E0,$D7
0886   8B42 7F 7E 00 18 			.db	$7F,$7E,$00,$18
0887   8B46 FC C4 0B 58 			.db	$FC,$C4,$0B,$58
0888   8B4A AC AF 94 34 			.db	$AC,$AF,$94,$34
0889   8B4E FD 07 0F 08 			.db	$FD,$07,$0F,$08
0890   8B52 EA E7 0D 14 			.db	$EA,$E7,$0D,$14
0891   8B56 5A FD AA 0B 			.db	$5A,$FD,$AA,$0B
0892   8B5A 00 FE F8 07 			.db	$00,$FE,$F8,$07
0893   8B5E 07 F0 FA 16 			.db	$07,$F0,$FA,$16
0894   8B62 40 A0 5F B7 			.db	$40,$A0,$5F,$B7
0895   8B66 04 BA F4 3F 			.db	$04,$BA,$F4,$3F
0896   8B6A 3C 40 D0 5F 			.db	$3C,$40,$D0,$5F
0897   8B6E B1 80 A5 6F 			.db	$B1,$80,$A5,$6F
0898   8B72 4F 1B 69 F2 			.db	$4F,$1B,$69,$F2
0899   8B76 C3 01 FC F0 			.db	$C3,$01,$FC,$F0
0900   8B7A 07 03 F0 D9 			.db	$07,$03,$F0,$D9
0901   8B7E 17 14 68 D5 			.db	$17,$14,$68,$D5
0902   8B82 C5 0F 6A F4 			.db	$C5,$0F,$6A,$F4
0903   8B86 F1 C2 85 CA 			.db	$F1,$C2,$85,$CA
0904   8B8A 0F 1E 50 E2 			.db	$0F,$1E,$50,$E2
0905   8B8E 5E F9 E0 CB 			.db	$5E,$F9,$E0,$CB
0906   8B92 57 94 22 0D 			.db	$57,$94,$22,$0D
0907   8B96 5E 3A 80 71 			.db	$5E,$3A,$80,$71
0908   8B9A FB D3 05 F8 			.db	$FB,$D3,$05,$F8
0909   8B9E 81 07 78 70 			.db	$81,$07,$78,$70
0910   8BA2 E7 EA C1 07 			.db	$E7,$EA,$C1,$07
0911   8BA6 17 EA A8 A9 			.db	$17,$EA,$A8,$A9
0912   8BAA 6A 51 85 7E 			.db	$6A,$51,$85,$7E
0913   8BAE FC 78 41 8B 			.db	$FC,$78,$41,$8B
0914   8BB2 5C AA FE 00 			.db	$5C,$AA,$FE,$00
0915   8BB6 05 78 F8 5E 			.db	$05,$78,$F8,$5E
0916   8BBA F1 C0 4A BD 			.db	$F1,$C0,$4A,$BD
0917   8BBE 35 59 D4 15 			.db	$35,$59,$D4,$15
0918   8BC2 2A 05 1B 3F 			.db	$2A,$05,$1B,$3F
0919   8BC6 1D 45 54 74 			.db	$1D,$45,$54,$74
0920   8BCA AD A2 84 56 			.db	$AD,$A2,$84,$56
0921   8BCE FE 1F F0 C0 			.db	$FE,$1F,$F0,$C0
0922   8BD2 8F 3F A2 A2 			.db	$8F,$3F,$A2,$A2
0923   8BD6 DA D5 0A 12 			.db	$DA,$D5,$0A,$12
0924   8BDA D1 55 83 0D 			.db	$D1,$55,$83,$0D
0925   8BDE 3C FC 71 C1 			.db	$3C,$FC,$71,$C1
0926   8BE2 D0 A5 97 0E 			.db	$D0,$A5,$97,$0E
0927   8BE6 15 5A 7A A9 			.db	$15,$5A,$7A,$A9
0928   8BEA A1 A6 3F E0 			.db	$A1,$A6,$3F,$E0
0929   8BEE 81 8F BD C4 			.db	$81,$8F,$BD,$C4
0930   8BF2 94 DA F5 FE 			.db	$94,$DA,$F5,$FE
0931   8BF6 B1 17 3C B5 			.db	$B1,$17,$3C,$B5
0932   8BFA D0 A2 A3 95 			.db	$D0,$A2,$A3,$95
0933   8BFE 06 1E 7C B1 			.db	$06,$1E,$7C,$B1
0934   8C02 52 A2 C5 45 			.db	$52,$A2,$C5,$45
0935   8C06 8B 56 8F 5E 			.db	$8B,$56,$8F,$5E
0936   8C0A 74 E8 D0 47 			.db	$74,$E8,$D0,$47
0937   8C0E 47 42 2B 7D 			.db	$47,$42,$2B,$7D
0938   8C12 C1 17 7B E1 			.db	$C1,$17,$7B,$E1
0939   8C16 8A A4 94 8B 			.db	$8A,$A4,$94,$8B
0940   8C1A AE F4 42 4B 			.db	$AE,$F4,$42,$4B
0941   8C1E 2B B5 54 57 			.db	$2B,$B5,$54,$57
0942   8C22 50 E1 A9 4B 			.db	$50,$E1,$A9,$4B
0943   8C26 B5 52 25 45 			.db	$B5,$52,$25,$45
0944   8C2A 3F BE E4 40 			.db	$3F,$BE,$E4,$40
0945   8C2E A9 A5 8E 5A 			.db	$A9,$A5,$8E,$5A
0946   8C32 A2 D2 AA    			.db	$A2,$D2,$AA
0947   8C35 95          ut_tiger_end		.db	$95
0948   8C36 AA BA AA A6 ut_stampede_beg		.db	$AA,$BA,$AA,$A6
0949   8C3A AA AA AA AA 			.db	$AA,$AA,$AA,$AA
0950   8C3E 69 AA B5 AA 			.db	$69,$AA,$B5,$AA
0951   8C42 AA 54 55 8E 			.db	$AA,$54,$55,$8E
0952   8C46 99 66 95 39 			.db	$99,$66,$95,$39
0953   8C4A D3 94 AA 63 			.db	$D3,$94,$AA,$63
0954   8C4E 39 63 AC AA 			.db	$39,$63,$AC,$AA
0955   8C52 59 9A A9 AA 			.db	$59,$9A,$A9,$AA
0956   8C56 AA CA 8A E3 			.db	$AA,$CA,$8A,$E3
0957   8C5A 4C 69 CC A9 			.db	$4C,$69,$CC,$A9
0958   8C5E 8A 33 CE 4C 			.db	$8A,$33,$CE,$4C
0959   8C62 33 D3 2A AD 			.db	$33,$D3,$2A,$AD
0960   8C66 B2 4A 39 CD 			.db	$B2,$4A,$39,$CD
0961   8C6A AA 2A 67 A9 			.db	$AA,$2A,$67,$A9
0962   8C6E 1A AB CA AA 			.db	$1A,$AB,$CA,$AA
0963   8C72 AA 72 C6 AA 			.db	$AA,$72,$C6,$AA
0964   8C76 B2 CA 38 56 			.db	$B2,$CA,$38,$56
0965   8C7A 39 65 55 55 			.db	$39,$65,$55,$55
0966   8C7E 55 55 95 AA 			.db	$55,$55,$95,$AA
0967   8C82 AA AA AA AA 			.db	$AA,$AA,$AA,$AA
0968   8C86 AA AA 54 55 			.db	$AA,$AA,$54,$55
0969   8C8A 55 95 AA AA 			.db	$55,$95,$AA,$AA
0970   8C8E AA AA AA AA 			.db	$AA,$AA,$AA,$AA
0971   8C92 AA AA AA AA 			.db	$AA,$AA,$AA,$AA
0972   8C96 AA AA AA AA 			.db	$AA,$AA,$AA,$AA
0973   8C9A AA AA AA AA 			.db	$AA,$AA,$AA,$AA
0974   8C9E AA AA AA AA 			.db	$AA,$AA,$AA,$AA
0975   8CA2 AA AA AA AA 			.db	$AA,$AA,$AA,$AA
0976   8CA6 AA AA AA AA 			.db	$AA,$AA,$AA,$AA
0977   8CAA AA AA AA AA 			.db	$AA,$AA,$AA,$AA
0978   8CAE AA AA AA AA 			.db	$AA,$AA,$AA,$AA
0979   8CB2 AA AA AA AA 			.db	$AA,$AA,$AA,$AA
0980   8CB6 AA AA AA AA 			.db	$AA,$AA,$AA,$AA
0981   8CBA AA AA AA AA 			.db	$AA,$AA,$AA,$AA
0982   8CBE AA AA AA 2A 			.db	$AA,$AA,$AA,$2A
0983   8CC2 55 B5 AA AA 			.db	$55,$B5,$AA,$AA
0984   8CC6 AA AA AA AA 			.db	$AA,$AA,$AA,$AA
0985   8CCA AA AA AA AA 			.db	$AA,$AA,$AA,$AA
0986   8CCE AA AA CA 2C 			.db	$AA,$AA,$CA,$2C
0987   8CD2 55 55 AB AA 			.db	$55,$55,$AB,$AA
0988   8CD6 AA AA 56 55 			.db	$AA,$AA,$56,$55
0989   8CDA 55 AB AA AA 			.db	$55,$AB,$AA,$AA
0990   8CDE AA 52 55 55 			.db	$AA,$52,$55,$55
0991   8CE2 55 B5 AA 9A 			.db	$55,$B5,$AA,$9A
0992   8CE6 AA 9C 73 0E 			.db	$AA,$9C,$73,$0E
0993   8CEA 7A 15 CF 58 			.db	$7A,$15,$CF,$58
0994   8CEE 15 B3 6A 9C 			.db	$15,$B3,$6A,$9C
0995   8CF2 E5 69 14 E5 			.db	$E5,$69,$14,$E5
0996   8CF6 71 3C 8E E3 			.db	$71,$3C,$8E,$E3
0997   8CFA 38 8E E3 B8 			.db	$38,$8E,$E3,$B8
0998   8CFE E8 2C AB D1 			.db	$E8,$2C,$AB,$D1
0999   8D02 E1 01 18 FC 			.db	$E1,$01,$18,$FC
1000   8D06 FF F3 40 81 			.db	$FF,$F3,$40,$81
1001   8D0A 96 0D 0A 74 			.db	$96,$0D,$0A,$74
1002   8D0E FD D2 CB F3 			.db	$FD,$D2,$CB,$F3
1003   8D12 1C 00 FE FF 			.db	$1C,$00,$FE,$FF
1004   8D16 09 DC 0F 21 			.db	$09,$DC,$0F,$21
1005   8D1A 38 28 DA 72 			.db	$38,$28,$DA,$72
1006   8D1E D0 B5 D7 8F 			.db	$D0,$B5,$D7,$8F
1007   8D22 0F F8 FF 87 			.db	$0F,$F8,$FF,$87
1008   8D26 01 7F 3E 60 			.db	$01,$7F,$3E,$60
1009   8D2A F0 C1 C0 CB 			.db	$F0,$C1,$C0,$CB
1010   8D2E C3 8A 97 1E 			.db	$C3,$8A,$97,$1E
1011   8D32 EF 03 3F FE 			.db	$EF,$03,$3F,$FE
1012   8D36 F8 F8 C7 83 			.db	$F8,$F8,$C7,$83
1013   8D3A 1F 0F 1C 7B 			.db	$1F,$0F,$1C,$7B
1014   8D3E 6D 3A 5E B9 			.db	$6D,$3A,$5E,$B9
1015   8D42 F1 6E C1 9F 			.db	$F1,$6E,$C1,$9F
1016   8D46 3F FE F8 E1 			.db	$3F,$FE,$F8,$E1
1017   8D4A E1 87 07 87 			.db	$E1,$87,$07,$87
1018   8D4E 0F 8F 17 BD 			.db	$0F,$8F,$17,$BD
1019   8D52 7E 81 8F 1F 			.db	$7E,$81,$8F,$1F
1020   8D56 1C F8 E1 C1 			.db	$1C,$F8,$E1,$C1
1021   8D5A 83 07 07 0F 			.db	$83,$07,$07,$0F
1022   8D5E 0F 1E 3F 1D 			.db	$0F,$1E,$3F,$1D
1023   8D62 F8 F8 E1 87 			.db	$F8,$F8,$E1,$87
1024   8D66 1F 1E 3C 7C 			.db	$1F,$1E,$3C,$7C
1025   8D6A 38 F0 F0 D4 			.db	$38,$F0,$F0,$D4
1026   8D6E D1 03 1F 1F 			.db	$D1,$03,$1F,$1F
1027   8D72 7C F0 E1 81 			.db	$7C,$F0,$E1,$81
1028   8D76 87 0F 0E 1E 			.db	$87,$0F,$0E,$1E
1029   8D7A 1C 38 1E 7C 			.db	$1C,$38,$1E,$7C
1030   8D7E 7C E0 C3 07 			.db	$7C,$E0,$C3,$07
1031   8D82 0F 1E 3C 38 			.db	$0F,$1E,$3C,$38
1032   8D86 78 F0 E1 C0 			.db	$78,$F0,$E1,$C0
1033   8D8A C1 E3 07 1F 			.db	$C1,$E3,$07,$1F
1034   8D8E 7C F8 E0 C1 			.db	$7C,$F8,$E0,$C1
1035   8D92 83 07 0F 1F 			.db	$83,$07,$0F,$1F
1036   8D96 1C 0E 0E 1E 			.db	$1C,$0E,$0E,$1E
1037   8D9A FC F0 C1 83 			.db	$FC,$F0,$C1,$83
1038   8D9E 0F 1F 3E F8 			.db	$0F,$1F,$3E,$F8
1039   8DA2 F0 A0 17 F8 			.db	$F0,$A0,$17,$F8
1040   8DA6 F0 C0 1F 1F 			.db	$F0,$C0,$1F,$1F
1041   8DAA DC F0 E0 84 			.db	$DC,$F0,$E0,$84
1042   8DAE 0F 0F 7C 78 			.db	$0F,$0F,$7C,$78
1043   8DB2 00 1F FE F8 			.db	$00,$1F,$FE,$F8
1044   8DB6 C3 87 2F 1E 			.db	$C3,$87,$2F,$1E
1045   8DBA 38 72 8E 9A 			.db	$38,$72,$8E,$9A
1046   8DBE C3 83 0F 3E 			.db	$C3,$83,$0F,$3E
1047   8DC2 FC F3 0F FC 			.db	$FC,$F3,$0F,$FC
1048   8DC6 C1 D0 1F 1C 			.db	$C1,$D0,$1F,$1C
1049   8DCA 7C 78 81 8F 			.db	$7C,$78,$81,$8F
1050   8DCE 0F F0 E2 F8 			.db	$0F,$F0,$E2,$F8
1051   8DD2 FD 7C 78 06 			.db	$FD,$7C,$78,$06
1052   8DD6 FA C0 81 87 			.db	$FA,$C0,$81,$87
1053   8DDA 0E 7C F8 78 			.db	$0E,$7C,$F8,$78
1054   8DDE E0 E0 FC 7D 			.db	$E0,$E0,$FC,$7D
1055   8DE2 1F 1F 1F 18 			.db	$1F,$1F,$1F,$18
1056   8DE6 F0 C0 C3 87 			.db	$F0,$C0,$C3,$87
1057   8DEA 0F 1E 3E E0 			.db	$0F,$1E,$3E,$E0
1058   8DEE C0 E3 FB FD 			.db	$C0,$E3,$FB,$FD
1059   8DF2 F0 60 08 0E 			.db	$F0,$60,$08,$0E
1060   8DF6 0E 7E F8 F0 			.db	$0E,$7E,$F8,$F0
1061   8DFA F0 C1 03 38 			.db	$F0,$C1,$03,$38
1062   8DFE 3C 1F 1F BF 			.db	$3C,$1F,$1F,$BF
1063   8E02 76 C0 C0 81 			.db	$76,$C0,$C0,$81
1064   8E06 87 1F 3E 3C 			.db	$87,$1F,$3E,$3C
1065   8E0A 78 B8 1C 38 			.db	$78,$B8,$1C,$38
1066   8E0E 78 F2 CF 9F 			.db	$78,$F2,$CF,$9F
1067   8E12 0F 18 70 E0 			.db	$0F,$18,$70,$E0
1068   8E16 E8 A5 2F FA 			.db	$E8,$A5,$2F,$FA
1069   8E1A C3 81 0B 70 			.db	$C3,$81,$0B,$70
1070   8E1E F8 F8 FF 87 			.db	$F8,$F8,$FF,$87
1071   8E22 0F 0C 70 E0 			.db	$0F,$0C,$70,$E0
1072   8E26 E1 7D 78 B0 			.db	$E1,$7D,$78,$B0
1073   8E2A 82 0F 1F E0 			.db	$82,$0F,$1F,$E0
1074   8E2E F0 F9 FE 1F 			.db	$F0,$F9,$FE,$1F
1075   8E32 2D 0A 0A 7C 			.db	$2D,$0A,$0A,$7C
1076   8E36 E0 40 23 FA 			.db	$E0,$40,$23,$FA
1077   8E3A E1 97 15 60 			.db	$E1,$97,$15,$60
1078   8E3E F8 B9 FF 3F 			.db	$F8,$B9,$FF,$3F
1079   8E42 1A 44 03 0B 			.db	$1A,$44,$03,$0B
1080   8E46 81 E1 D0 B3 			.db	$81,$E1,$D0,$B3
1081   8E4A F9 C2 0F 0C 			.db	$F9,$C2,$0F,$0C
1082   8E4E BC FC FF A7 			.db	$BC,$FC,$FF,$A7
1083   8E52 C5 03 82 20 			.db	$C5,$03,$82,$20
1084   8E56 A1 B8 78 F8 			.db	$A1,$B8,$78,$F8
1085   8E5A F9 A1 27 0B 			.db	$F9,$A1,$27,$0B
1086   8E5E 8C FA FA F7 			.db	$8C,$FA,$FA,$F7
1087   8E62 8F 16 04 80 			.db	$8F,$16,$04,$80
1088   8E66 82 C3 CF 5D 			.db	$82,$C3,$CF,$5D
1089   8E6A 79 78 D0 D1 			.db	$79,$78,$D0,$D1
1090   8E6E 4B 8B 46 FE 			.db	$4B,$8B,$46,$FE
1091   8E72 EA 73 38 30 			.db	$EA,$73,$38,$30
1092   8E76 A0 C8 87 0F 			.db	$A0,$C8,$87,$0F
1093   8E7A 1F 2E BA F0 			.db	$1F,$2E,$BA,$F0
1094   8E7E F0 D1 A5 F1 			.db	$F0,$D1,$A5,$F1
1095   8E82 E1 41 05 1C 			.db	$E1,$41,$05,$1C
1096   8E86 3F FE F4 C1 			.db	$3F,$FE,$F4,$C1
1097   8E8A 42 15 95 74 			.db	$42,$15,$95,$74
1098   8E8E 85 0F 1F FD 			.db	$85,$0F,$1F,$FD
1099   8E92 E0 81 11 8E 			.db	$E0,$81,$11,$8E
1100   8E96 3E BD 7A 45 			.db	$3E,$BD,$7A,$45
1101   8E9A 0B 47 E1 E3 			.db	$0B,$47,$E1,$E3
1102   8E9E 53 17 5C E8 			.db	$53,$17,$5C,$E8
1103   8EA2 C5 81 42 C8 			.db	$C5,$81,$42,$C8
1104   8EA6 BA 7A 7D 76 			.db	$BA,$7A,$7D,$76
1105   8EAA E0 C7 4B D5 			.db	$E0,$C7,$4B,$D5
1106   8EAE 48 4B 2C F5 			.db	$48,$4B,$2C,$F5
1107   8EB2 C3 41 05 51 			.db	$C3,$41,$05,$51
1108   8EB6 78 ED 35 37 			.db	$78,$ED,$35,$37
1109   8EBA 5D 57 8D 83 			.db	$5D,$57,$8D,$83
1110   8EBE 8A A2 2A FC 			.db	$8A,$A2,$2A,$FC
1111   8EC2 F8 50 21 09 			.db	$F8,$50,$21,$09
1112   8EC6 3D 9B 7E 9E 			.db	$3D,$9B,$7E,$9E
1113   8ECA AE AE 86 85 			.db	$AE,$AE,$86,$85
1114   8ECE 43 A9 5C 5C 			.db	$43,$A9,$5C,$5C
1115   8ED2 DE AA 42 81 			.db	$DE,$AA,$42,$81
1116   8ED6 82 2E BF BE 			.db	$82,$2E,$BF,$BE
1117   8EDA 5B 1F 0E 54 			.db	$5B,$1F,$0E,$54
1118   8EDE A8 D0 F0 52 			.db	$A8,$D0,$F0,$52
1119   8EE2 63 A3 E3 E3 			.db	$63,$A3,$E3,$E3
1120   8EE6 C2 85 E3 AB 			.db	$C2,$85,$E3,$AB
1121   8EEA C7 47 07 0D 			.db	$C7,$47,$07,$0D
1122   8EEE 4D C5 D2 32 			.db	$4D,$C5,$D2,$32
1123   8EF2 0F 9F 9F 2B 			.db	$0F,$9F,$9F,$2B
1124   8EF6 05 03 0B 3D 			.db	$05,$03,$0B,$3D
1125   8EFA 3C 74 58 6A 			.db	$3C,$74,$58,$6A
1126   8EFE 7D 7C 3C 1D 			.db	$7D,$7C,$3C,$1D
1127   8F02 87 2B 78 70 			.db	$87,$2B,$78,$70
1128   8F06 30 FF FF 77 			.db	$30,$FF,$FF,$77
1129   8F0A 20 00 50 69 			.db	$20,$00,$50,$69
1130   8F0E 3A 0E 97 D7 			.db	$3A,$0E,$97,$D7
1131   8F12 83 81 C2 EF 			.db	$83,$81,$C2,$EF
1132   8F16 FF FF 07 01 			.db	$FF,$FF,$07,$01
1133   8F1A 40 A8 54 A9 			.db	$40,$A8,$54,$A9
1134   8F1E AA 00 00 FD 			.db	$AA,$00,$00,$FD
1135   8F22 FF FF 5F 00 			.db	$FF,$FF,$5F,$00
1136   8F26 00 20 57 67 			.db	$00,$20,$57,$67
1137   8F2A 03 00 00 FE 			.db	$03,$00,$00,$FE
1138   8F2E FF FF 0B 00 			.db	$FF,$FF,$0B,$00
1139   8F32 00 D4 FF 02 			.db	$00,$D4,$FF,$02
1140   8F36 03 83 F7 FF 			.db	$03,$83,$F7,$FF
1141   8F3A FF 01 00 20 			.db	$FF,$01,$00,$20
1142   8F3E BC 0F 06 87 			.db	$BC,$0F,$06,$87
1143   8F42 C3 FF FF E7 			.db	$C3,$FF,$FF,$E7
1144   8F46 41 30 38 E0 			.db	$41,$30,$38,$E0
1145   8F4A 60 78 FC FF 			.db	$60,$78,$FC,$FF
1146   8F4E 1E 0E 82 E3 			.db	$1E,$0E,$82,$E3
1147   8F52 13 07 83 E1 			.db	$13,$07,$83,$E1
1148   8F56             ut_ee_beg
1149   8F56 AA FF 78 1C ut_me_beg		.db	$AA,$FF,$78,$1C
1150   8F5A 0C 06 06 83 			.db	$0C,$06,$06,$83
1151   8F5E E1 FB FB 78 			.db	$E1,$FB,$FB,$78
1152   8F62 1C 0E 07 01 			.db	$1C,$0E,$07,$01
1153   8F66 40 F8 FF 7D 			.db	$40,$F8,$FF,$7D
1154   8F6A 1E 0E C7 61 			.db	$1E,$0E,$C7,$61
1155   8F6E 00 08 BF FF 			.db	$00,$08,$BF,$FF
1156   8F72 8F C7 E1 30 			.db	$8F,$C7,$E1,$30
1157   8F76 AA 80 F0 F7 			.db	$AA,$80,$F0,$F7
1158   8F7A FF 71 18 0C 			.db	$FF,$71,$18,$0C
1159   8F7E C2 10 1C BF 			.db	$C2,$10,$1C,$BF
1160   8F82 FF 9F C3 C1 			.db	$FF,$9F,$C3,$C1
1161   8F86 10 04 81 F0 			.db	$10,$04,$81,$F0
1162   8F8A F9 FB 3A 1E 			.db	$F9,$FB,$3A,$1E
1163   8F8E 9F 70 10 10 			.db	$9F,$70,$10,$10
1164   8F92 9E FF FF 53 			.db	$9E,$FF,$FF,$53
1165   8F96 10 00 00 C1 			.db	$10,$00,$00,$C1
1166   8F9A F2 FF 7F 1F 			.db	$F2,$FF,$7F,$1F
1167   8F9E 06 F3 70 20 			.db	$06,$F3,$70,$20
1168   8FA2 00 84 DF FF 			.db	$00,$84,$DF,$FF
1169   8FA6 FF 38 0C 04 			.db	$FF,$38,$0C,$04
1170   8FAA 42 BE FA 7C 			.db	$42,$BE,$FA,$7C
1171   8FAE 1C 0C CF C7 			.db	$1C,$0C,$CF,$C7
1172   8FB2 61 00 78 FF 			.db	$61,$00,$78,$FF
1173   8FB6 FD CF 40 30 			.db	$FD,$CF,$40,$30
1174   8FBA 38 1C 06 C7 			.db	$38,$1C,$06,$C7
1175   8FBE FF E7 F1 10 			.db	$FF,$E7,$F1,$10
1176   8FC2 0C 18 1A 12 			.db	$0C,$18,$1A,$12
1177   8FC6 E7 FF 7F 1E 			.db	$E7,$FF,$7F,$1E
1178   8FCA 0E 03 01 C1 			.db	$0E,$03,$01,$C1
1179   8FCE F0 FE FF 3E 			.db	$F0,$FE,$FF,$3E
1180   8FD2 1E 0C 83 41 			.db	$1E,$0C,$83,$41
1181   8FD6 60 70 3C FF 			.db	$60,$70,$3C,$FF
1182   8FDA FF E3 20 08 			.db	$FF,$E3,$20,$08
1183   8FDE 81 E1 70 78 			.db	$81,$E1,$70,$78
1184   8FE2 FF BF C7 41 			.db	$FF,$BF,$C7,$41
1185   8FE6 30 38 0C 86 			.db	$30,$38,$0C,$86
1186   8FEA C3 FB FD 3D 			.db	$C3,$FB,$FD,$3D
1187   8FEE 0C 06 C3 E1 			.db	$0C,$06,$C3,$E1
1188   8FF2 60 58 BC 00 			.db	$60,$58,$BC,$00
1189   8FF6 CF E3 30 38 			.db	$CF,$E3,$30,$38
1190   8FFA 1E 1C 1C 0E 			.db	$1E,$1C,$1C,$0E
1191   8FFE C7 E7 F3 38 			.db	$C7,$E7,$F3,$38
1192   9002 0E 86 C7 44 			.db	$0E,$86,$C7,$44
1193   9006 86 C0 F8 FC 			.db	$86,$C0,$F8,$FC
1194   900A BF 1E 4F CB 			.db	$BF,$1E,$4F,$CB
1195   900E 51 08 00 82 			.db	$51,$08,$00,$82
1196   9012 F3 FB 3F 8F 			.db	$F3,$FB,$3F,$8F
1197   9016 87 E3 31 30 			.db	$87,$E3,$31,$30
1198   901A 00 0C CF FF 			.db	$00,$0C,$CF,$FF
1199   901E FF 78 28 08 			.db	$FF,$78,$28,$08
1200   9022 C7 23 03 43 			.db	$C7,$23,$03,$43
1201   9026 E2 FB FF 4E 			.db	$E2,$FB,$FF,$4E
1202   902A C1 C0 F0 3C 			.db	$C1,$C0,$F0,$3C
1203   902E 0D C3 61 70 			.db	$0D,$C3,$61,$70
1204   9032 7C 3E 1F C7 			.db	$7C,$3E,$1F,$C7
1205   9036 E3 70 78 1E 			.db	$E3,$70,$78,$1E
1206   903A 0E 06 C1 E1 			.db	$0E,$06,$C1,$E1
1207   903E F9 7D 3E 0F 			.db	$F9,$7D,$3E,$0F
1208   9042 83 E1 70 08 			.db	$83,$E1,$70,$08
1209   9046 C1 E1 78 FD 			.db	$C1,$E1,$78,$FD
1210   904A BF CF C3 40 			.db	$BF,$CF,$C3,$40
1211   904E 20 38 DE 8F 			.db	$20,$38,$DE,$8F
1212   9052 07 87 C1 F3 			.db	$07,$87,$C1,$F3
1213   9056 F9 3C 0E 86 			.db	$F9,$3C,$0E,$86
1214   905A C1 F1 FC 3C 			.db	$C1,$F1,$FC,$3C
1215   905E 1E 02 81 E0 			.db	$1E,$02,$81,$E0
1216   9062 F9 FF 3E 0F 			.db	$F9,$FF,$3E,$0F
1217   9066 83 C1 71 38 			.db	$83,$C1,$71,$38
1218   906A 1E 0E 83 C1 			.db	$1E,$0E,$83,$C1
1219   906E F0 F8 FE BF 			.db	$F0,$F8,$FE,$BF
1220   9072 87 03 02 E0 			.db	$87,$03,$02,$E0
1221   9076 78 3E 9F C7 			.db	$78,$3E,$9F,$C7
1222   907A E1 60 70 18 			.db	$E1,$60,$70,$18
1223   907E 9E DF CF E3 			.db	$9E,$DF,$CF,$E3
1224   9082 41 60 70 3C 			.db	$41,$60,$70,$3C
1225   9086 1F 8F C3 60 			.db	$1F,$8F,$C3,$60
1226   908A 38 8C C1 F1 			.db	$38,$8C,$C1,$F1
1227   908E F9 7F 1F 07 			.db	$F9,$7F,$1F,$07
1228   9092 03 81 E0 BC 			.db	$03,$81,$E0,$BC
1229   9096 BE 9E 67 A5 			.db	$BE,$9E,$67,$A5
1230   909A 44 04 85 C1 			.db	$44,$04,$85,$C1
1231   909E F0 7C BE 9F 			.db	$F0,$7C,$BE,$9F
1232   90A2 8F 87 41 21 			.db	$8F,$87,$41,$21
1233   90A6 70 38 3E 9F 			.db	$70,$38,$3E,$9F
1234   90AA 47 C3 61 74 			.db	$47,$C3,$61,$74
1235   90AE 7C 3E 0F 1C 			.db	$7C,$3E,$0F,$1C
1236   90B2 0C 83 E7 F3 			.db	$0C,$83,$E7,$F3
1237   90B6 FB 38 08 04 			.db	$FB,$38,$08,$04
1238   90BA 8F 8F D7 E3 			.db	$8F,$8F,$D7,$E3
1239   90BE 60 30 1C 9E 			.db	$60,$30,$1C,$9E
1240   90C2 CF EB 38 2C 			.db	$CF,$EB,$38,$2C
1241   90C6 0C 0E 8F F7 			.db	$0C,$0E,$8F,$F7
1242   90CA F3 71 30 18 			.db	$F3,$71,$30,$18
1243   90CE 1C 8E C7 E3 			.db	$1C,$8E,$C7,$E3
1244   90D2 F1 78 3C 0E 			.db	$F1,$78,$3C,$0E
1245   90D6 87 C3 E0 70 			.db	$87,$C3,$E0,$70
1246   90DA 3C 1F 8F C3 			.db	$3C,$1F,$8F,$C3
1247   90DE E1 F9 FC 1E 			.db	$E1,$F9,$FC,$1E
1248   90E2 0F 01 81 A0 			.db	$0F,$01,$81,$A0
1249   90E6 78 FA 7E 5E 			.db	$78,$FA,$7E,$5E
1250   90EA 47 C3 60 B4 			.db	$47,$C3,$60,$B4
1251   90EE 2C AB C7 E3 			.db	$2C,$AB,$C7,$E3
1252   90F2 F5 30 30 18 			.db	$F5,$30,$30,$18
1253   90F6 3C FF DF C7 ut_ee_end	.db	$3C,$FF,$DF,$C7
1254   90FA 40 20 28 AE 			.db	$40,$20,$28,$AE
1255   90FE E7 F3 5A 8D 			.db	$E7,$F3,$5A,$8D
1256   9102 81 41 61 7A 			.db	$81,$41,$61,$7A
1257   9106 3E 9F 97 96 			.db	$3E,$9F,$97,$96
1258   910A A2 82 A2 F4 			.db	$A2,$82,$A2,$F4
1259   910E FD FD 3D 1A 			.db	$FD,$FD,$3D,$1A
1260   9112 06 82 A0 38 			.db	$06,$82,$A0,$38
1261   9116 3C 3D AF AB 			.db	$3C,$3D,$AF,$AB
1262   911A CB C6 62 A8 			.db	$CB,$C6,$62,$A8
1263   911E A8 AC 4E AF 			.db	$A8,$AC,$4E,$AF
1264   9122 55 C1 61 F8 			.db	$55,$C1,$61,$F8
1265   9126 F8 7A 3E 06 			.db	$F8,$7A,$3E,$06
1266   912A 06 C3 F1 74 			.db	$06,$C3,$F1,$74
1267   912E 59 34 1C 8E 			.db	$59,$34,$1C,$8E
1268   9132 D7 EB E5 B4 			.db	$D7,$EB,$E5,$B4
1269   9136 28 14 A6 CA 			.db	$28,$14,$A6,$CA
1270   913A F9 78 38 1A 			.db	$F9,$78,$38,$1A
1271   913E 16 8E C7 E7 			.db	$16,$8E,$C7,$E7
1272   9142 79 B9 34 0C 			.db	$79,$B9,$34,$0C
1273   9146 06 A3 E1 78 			.db	$06,$A3,$E1,$78
1274   914A 3C 3D 4F A7 			.db	$3C,$3D,$4F,$A7
1275   914E A3 D1 B0 3C 			.db	$A3,$D1,$B0,$3C
1276   9152 0E 87 C5 D0 			.db	$0E,$87,$C5,$D0
1277   9156 78 7A 9F 57 			.db	$78,$7A,$9F,$57
1278   915A 4B 45 A1 52 			.db	$4B,$45,$A1,$52
1279   915E B9 3C 97 95 			.db	$B9,$3C,$97,$95
1280   9162 42 91 28 0D 			.db	$42,$91,$28,$0D
1281   9166 97 CB D7 EB 			.db	$97,$CB,$D7,$EB
1282   916A F1 30 14 2A 			.db	$F1,$30,$14,$2A
1283   916E 9D AF EB 6A 			.db	$9D,$AF,$EB,$6A
1284   9172 52 14 A5 B2 			.db	$52,$14,$A5,$B2
1285   9176 3A          			.db	$3A
1286   9177 AA 57 CB    ut_me_end		.db	$AA,$57,$CB
1287   917A D1 52 A9 34 			.db	$D1,$52,$A9,$34
1288   917E 1A 15 8D 8A 			.db	$1A,$15,$8D,$8A
1289   9182 82 42 A5 F5 			.db	$82,$42,$A5,$F5
1290   9186 FD BE 9E AB 			.db	$FD,$BE,$9E,$AB
1291   918A 45 A1 30 2A 			.db	$45,$A1,$30,$2A
1292   918E AA AA 9A AE 			.db	$AA,$AA,$9A,$AE
1293   9192 AB AB 55 91 			.db	$AB,$AB,$55,$91
1294   9196 28          			.db	$28
1295   9197 AA DF D7    ut_d_beg		.db	$AA,$DF,$D7
1296   919A 53 43 61 70 			.db	$53,$43,$61,$70
1297   919E 58 2C 4D 4D 			.db	$58,$2C,$4D,$4D
1298   91A2 D7 EB EA D5 			.db	$D7,$EB,$EA,$D5
1299   91A6 68 28 8A A6 			.db	$68,$28,$8A,$A6
1300   91AA D5 B5 B5 34 			.db	$D5,$B5,$B5,$34
1301   91AE AA 42 D3 F3 			.db	$AA,$42,$D3,$F3
1302   91B2 EA 3A 2C 04 			.db	$EA,$3A,$2C,$04
1303   91B6 8B D5 EB 75 			.db	$8B,$D5,$EB,$75
1304   91BA 75 2A 0A 0A 			.db	$75,$2A,$0A,$0A
1305   91BE 45 D1 B4 7A 			.db	$45,$D1,$B4,$7A
1306   91C2 BD AE AB 55 			.db	$BD,$AE,$AB,$55
1307   91C6 B1 50 2C AD 			.db	$B1,$50,$2C,$AD
1308   91CA 96 A3 51 A9 			.db	$96,$A3,$51,$A9
1309   91CE 54 AD DE AE 			.db	$54,$AD,$DE,$AE
1310   91D2 55 A1 50 59 			.db	$55,$A1,$50,$59
1311   91D6 DF DE 5A 55 			.db	$DF,$DE,$5A,$55
1312   91DA 28 08 12 8A 			.db	$28,$08,$12,$8A
1313   91DE A6 EB EB F5 			.db	$A6,$EB,$EB,$F5
1314   91E2 6A 55 2A 8A 			.db	$6A,$55,$2A,$8A
1315   91E6 92 AA 5A AD 			.db	$92,$AA,$5A,$AD
1316   91EA 6B B5 32 2A 			.db	$6B,$B5,$32,$2A
1317   91EE 2D AD AA 6B 			.db	$2D,$AD,$AA,$6B
1318   91F2 49 94 AA FA 			.db	$49,$94,$AA,$FA
1319   91F6 BB AD 55 81 			.db	$BB,$AD,$55,$81
1320   91FA 10 84 28 A9 			.db	$10,$84,$28,$A9
1321   91FE B6 6F EF ED 			.db	$B6,$6F,$EF,$ED
1322   9202 5A 55 29 24 			.db	$5A,$55,$29,$24
1323   9206 92 2A D5 D6 			.db	$92,$2A,$D5,$D6
1324   920A EB 6A 55 24 			.db	$EB,$6A,$55,$24
1325   920E AA AA 5E 57 			.db	$AA,$AA,$5E,$57
1326   9212 8B A2 52 B5 			.db	$8B,$A2,$52,$B5
1327   9216 5E 55 25 0A 			.db	$5E,$55,$25,$0A
1328   921A 85 44 A9 AA 			.db	$85,$44,$A9,$AA
1329   921E AE DE EE BA 			.db	$AE,$DE,$EE,$BA
1330   9222 B6 7C 15 04 			.db	$B6,$7C,$15,$04
1331   9226 8A A6 F5 BA ut_d_end		.db	$8A,$A6,$F5,$BA
1332   922A D5 2A 8A 2A 			.db	$D5,$2A,$8A,$2A
1333   922E 15 3D BE 4E 			.db	$15,$3D,$BE,$4E
1334   9232 14 D6 F6 BD 			.db	$14,$D6,$F6,$BD
1335   9236 52 00 41 55 			.db	$52,$00,$41,$55
1336   923A AF 57 55 A8 			.db	$AF,$57,$55,$A8
1337   923E 94 BE 6F 2B 			.db	$94,$BE,$6F,$2B
1338   9242 51 A8 D8 DA 			.db	$51,$A8,$D8,$DA
1339   9246             ut_stampede_end
1340   9246 AA 3C 8E 03 ut_ouble_beg		.db	$AA,$3C,$8E,$03
1341   924A 1E 73 F8 7B 			.db	$1E,$73,$F8,$7B
1342   924E 8E 81 61 38 			.db	$8E,$81,$61,$38
1343   9252 1E CF E3 71 			.db	$1E,$CF,$E3,$71
1344   9256 18 0E C7 F3 			.db	$18,$0E,$C7,$F3
1345   925A 70 18 8D C7 			.db	$70,$18,$8D,$C7
1346   925E D5 7A B4 48 			.db	$D5,$7A,$B4,$48
1347   9262 86 16 6B 75 			.db	$86,$16,$6B,$75
1348   9266 51 55 9F 07 			.db	$51,$55,$9F,$07
1349   926A 0C FC FF 8F 			.db	$0C,$FC,$FF,$8F
1350   926E 03 60 F0 67 			.db	$03,$60,$F0,$67
1351   9272 07 10 F4 CF 			.db	$07,$10,$F4,$CF
1352   9276 07 78 F8 0F 			.db	$07,$78,$F8,$0F
1353   927A 1F 68 E8 13 			.db	$1F,$68,$E8,$13
1354   927E 1D 7C 1B F0 			.db	$1D,$7C,$1B,$F0
1355   9282 E1 FF 79 80 			.db	$E1,$FF,$79,$80
1356   9286 87 7F 80 01 			.db	$87,$7F,$80,$01
1357   928A 7F D5 01 96 			.db	$7F,$D5,$01,$96
1358   928E AE 3F AC 41 			.db	$AE,$3F,$AC,$41
1359   9292 3F A8 40 3F 			.db	$3F,$A8,$40,$3F
1360   9296 FD 01 FC FF 			.db	$FD,$01,$FC,$FF
1361   929A 0F C0 C3 3F 			.db	$0F,$C0,$C3,$3F
1362   929E 00 06 FF 01 			.db	$00,$06,$FF,$01
1363   92A2 38 FA 1A E0 			.db	$38,$FA,$1A,$E0
1364   92A6 A7 4B C0 07 			.db	$A7,$4B,$C0,$07
1365   92AA B2 F6 3F E0 			.db	$B2,$F6,$3F,$E0
1366   92AE FF FC 01 FE 			.db	$FF,$FC,$01,$FE
1367   92B2 03 0B F0 0F 			.db	$03,$0B,$F0,$0F
1368   92B6 60 F5 1F D0 			.db	$60,$F5,$1F,$D0
1369   92BA B7 62 90 EE 			.db	$B7,$62,$90,$EE
1370   92BE FB 07 FE 0F 			.db	$FB,$07,$FE,$0F
1371   92C2 60 80 FF 00 			.db	$60,$80,$FF,$00
1372   92C6 20 FF 01 C0 			.db	$20,$FF,$01,$C0
1373   92CA 2F 14 40 3F 			.db	$2F,$14,$40,$3F
1374   92CE E1 FA E0 7F 			.db	$E1,$FA,$E0,$7F
1375   92D2 00 1C F0 0F 			.db	$00,$1C,$F0,$0F
1376   92D6 C0 E3 18 00 			.db	$C0,$E3,$18,$00
1377   92DA DE 40 A3 F8 			.db	$DE,$40,$A3,$F8
1378   92DE 3F B8 7F 84 			.db	$3F,$B8,$7F,$84
1379   92E2 03 FE 07 60 			.db	$03,$FE,$07,$60
1380   92E6 D5 07 C0 13 			.db	$D5,$07,$C0,$13
1381   92EA DC 1E C0 FF 			.db	$DC,$1E,$C0,$FF
1382   92EE 23 0C F0 1F 			.db	$23,$0C,$F0,$1F
1383   92F2 C0 FB 1C 80 			.db	$C0,$FB,$1C,$80
1384   92F6 DF 02 82 F9 			.db	$DF,$02,$82,$F9
1385   92FA 4F 10 80 FF 			.db	$4F,$10,$80,$FF
1386   92FE 01 E0 7F 00 			.db	$01,$E0,$7F,$00
1387   9302 F8 01 FC BF 			.db	$F8,$01,$FC,$BF
1388   9306 F3 00 FF 07 			.db	$F3,$00,$FF,$07
1389   930A CE F7 3B F0 			.db	$CE,$F7,$3B,$F0
1390   930E 00 FC 0F 38 			.db	$00,$FC,$0F,$38
1391   9312 80 FF 41 78 			.db	$80,$FF,$41,$78
1392   9316 37 78 01 F8 			.db	$37,$78,$01,$F8
1393   931A 7F 18 00 FF 			.db	$7F,$18,$00,$FF
1394   931E 07 F8 37 00 			.db	$07,$F8,$37,$00
1395   9322 C0 FF C7 1B 			.db	$C0,$FF,$C7,$1B
1396   9326 F0 FF D0 FF 			.db	$F0,$FF,$D0,$FF
1397   932A 01 E0 FF FB 			.db	$01,$E0,$FF,$FB
1398   932E 09 F0 FF 81 			.db	$09,$F0,$FF,$81
1399   9332 DF 00 F8 0F 			.db	$DF,$00,$F8,$0F
1400   9336 FC 03 F8 FF 			.db	$FC,$03,$F8,$FF
1401   933A EB 17 00 FE 			.db	$EB,$17,$00,$FE
1402   933E 0F E8 00 FC 			.db	$0F,$E8,$00,$FC
1403   9342 7F F0 01 C0 			.db	$7F,$F0,$01,$C0
1404   9346 FF 77 3C 00 			.db	$FF,$77,$3C,$00
1405   934A FE 9F 02 00 			.db	$FE,$9F,$02,$00
1406   934E FC FF FF 0B 			.db	$FC,$FF,$FF,$0B
1407   9352 80 FF 0F 00 			.db	$80,$FF,$0F,$00
1408   9356 00 32 E5 FF 			.db	$00,$32,$E5,$FF
1409   935A 01 AC 75 05 			.db	$01,$AC,$75,$05
1410   935E 60 08 F9 7F 			.db	$60,$08,$F9,$7F
1411   9362 00 F9 7C 00 			.db	$00,$F9,$7C,$00
1412   9366 FE 01 40 FD 			.db	$FE,$01,$40,$FD
1413   936A 85 54 FF FF 			.db	$85,$54,$FF,$FF
1414   936E 00 E6 20 04 			.db	$00,$E6,$20,$04
1415   9372 A0 DF 44 FD 			.db	$A0,$DF,$44,$FD
1416   9376 FF A8 7F 00 			.db	$FF,$A8,$7F,$00
1417   937A 00 C3 29 F0 			.db	$00,$C3,$29,$F0
1418   937E FF B7 8A EA 			.db	$FF,$B7,$8A,$EA
1419   9382 E2 3F 00 C0 			.db	$E2,$3F,$00,$C0
1420   9386 F8 0F FA D7 			.db	$F8,$0F,$FA,$D7
1421   938A 4A F5 92 1F 			.db	$4A,$F5,$92,$1F
1422   938E 00 E0 F8 2F 			.db	$00,$E0,$F8,$2F
1423   9392 D0 FF 4A 7B 			.db	$D0,$FF,$4A,$7B
1424   9396 FD 00 00 87 			.db	$FD,$00,$00,$87
1425   939A EC A3 FC 2F 			.db	$EC,$A3,$FC,$2F
1426   939E AE FF 01 A0 			.db	$AE,$FF,$01,$A0
1427   93A2 41 BA 00 F8 			.db	$41,$BA,$00,$F8
1428   93A6 7F F5 FF 00 			.db	$7F,$F5,$FF,$00
1429   93AA 6E 28 A7 00 			.db	$6E,$28,$A7,$00
1430   93AE 40 4B FF 7F 			.db	$40,$4B,$FF,$7F
1431   93B2 00 FF 52 1F 			.db	$00,$FF,$52,$1F
1432   93B6 00 AA C0 7F 			.db	$00,$AA,$C0,$7F
1433   93BA 03 F0 F7 F8 			.db	$03,$F0,$F7,$F8
1434   93BE 3F 00 56 FB 			.db	$3F,$00,$56,$FB
1435   93C2 0F 00 90 AA 			.db	$0F,$00,$90,$AA
1436   93C6 FF AF 80 FF 			.db	$FF,$AF,$80,$FF
1437   93CA 6B 0C 29 05 			.db	$6B,$0C,$29,$05
1438   93CE 40 57 29 D5 			.db	$40,$57,$29,$D5
1439   93D2 FF DB DD 02 			.db	$FF,$DB,$DD,$02
1440   93D6 D4 8B B0 48 			.db	$D4,$8B,$B0,$48
1441   93DA 15 A0 57 B7 			.db	$15,$A0,$57,$B7
1442   93DE B5 FF 56 02 			.db	$B5,$FF,$56,$02
1443   93E2 E8 2F E2 15 			.db	$E8,$2F,$E2,$15
1444   93E6 75 00 48 BB 			.db	$75,$00,$48,$BB
1445   93EA AB EE BB F0 			.db	$AB,$EE,$BB,$F0
1446   93EE 6F 54 47 29 			.db	$6F,$54,$47,$29
1447   93F2 00 00 AB FE 			.db	$00,$00,$AB,$FE
1448   93F6 FF 06 FE 17 			.db	$FF,$06,$FE,$17
1449   93FA E4 A8 BE 02 			.db	$E4,$A8,$BE,$02
1450   93FE 00 F0 6F FF 			.db	$00,$F0,$6F,$FF
1451   9402 FF 00 B0 D5 			.db	$FF,$00,$B0,$D5
1452   9406 FF 0A 25 00 			.db	$FF,$0A,$25,$00
1453   940A C0 FF FF FF 			.db	$C0,$FF,$FF,$FF
1454   940E 00 C0 FF DF 			.db	$00,$C0,$FF,$DF
1455   9412 52 2A 00 E0 			.db	$52,$2A,$00,$E0
1456   9416 FF          			.db	$FF
1457   9417 AA 7F 01    ut_ble_beg		.db	$AA,$7F,$01
1458   941A E0 FF 2B E5 			.db	$E0,$FF,$2B,$E5
1459   941E 6B 01 80 FF 			.db	$6B,$01,$80,$FF
1460   9422 FF FF 00 C0 			.db	$FF,$FF,$00,$C0
1461   9426 FF 6F 05 F6 			.db	$FF,$6F,$05,$F6
1462   942A 17 00 FC FF 			.db	$17,$00,$FC,$FF
1463   942E FF 0F 00 FF 			.db	$FF,$0F,$00,$FF
1464   9432 C1 7F A0 FF 			.db	$C1,$7F,$A0,$FF
1465   9436 01 C0 FF FF 			.db	$01,$C0,$FF,$FF
1466   943A 7F 00 F0 0F 			.db	$7F,$00,$F0,$0F
1467   943E FC 07 F8 7F 			.db	$FC,$07,$F8,$7F
1468   9442 00 C0 FF FF 			.db	$00,$C0,$FF,$FF
1469   9446 2F 00 F0 55 			.db	$2F,$00,$F0,$55
1470   944A FD 03 F8 5F 			.db	$FD,$03,$F8,$5F
1471   944E 00 00 FF FF 			.db	$00,$00,$FF,$FF
1472   9452 5F 00 80 FF 			.db	$5F,$00,$80,$FF
1473   9456 6F 09 E0 FF 			.db	$6F,$09,$E0,$FF
1474   945A 02 00 E0 FF 			.db	$02,$00,$E0,$FF
1475   945E 7F 00 00 F8 			.db	$7F,$00,$00,$F8
1476   9462 FF 08 09 75 			.db	$FF,$08,$09,$75
1477   9466 7F 03 00 80 			.db	$7F,$03,$00,$80
1478   946A FF 3F 00 00 			.db	$FF,$3F,$00,$00
1479   946E F0 FF 01 40 			.db	$F0,$FF,$01,$40
1480   9472 ED BF 01 00 			.db	$ED,$BF,$01,$00
1481   9476 00 E0 FF 0F 			.db	$00,$E0,$FF,$0F
1482   947A 20 00 F8 FF 			.db	$20,$00,$F8,$FF
1483   947E 00 40 E2 DE 			.db	$00,$40,$E2,$DE
1484   9482 00 64 15 00 			.db	$00,$64,$15,$00
1485   9486 FE FF E8 0F 			.db	$FE,$FF,$E8,$0F
1486   948A 00 FE 03 80 			.db	$00,$FE,$03,$80
1487   948E 5F BA 0A 00 			.db	$5F,$BA,$0A,$00
1488   9492 DD 2F 00 F8 			.db	$DD,$2F,$00,$F8
1489   9496 FF 2F 15 00 			.db	$FF,$2F,$15,$00
1490   949A FF 1F 00 90 			.db	$FF,$1F,$00,$90
1491   949E FC FF 03 40 			.db	$FC,$FF,$03,$40
1492   94A2 6E 29 00 F8 			.db	$6E,$29,$00,$F8
1493   94A6 FF FF 16 00 			.db	$FF,$FF,$16,$00
1494   94AA F8 FF 01 00 			.db	$F8,$FF,$01,$00
1495   94AE C0 FF 0F 00 			.db	$C0,$FF,$0F,$00
1496   94B2 DA B5 2B 00 			.db	$DA,$B5,$2B,$00
1497   94B6 FC FF 1F 00 			.db	$FC,$FF,$1F,$00
1498   94BA 00 FF 7F 00 			.db	$00,$FF,$7F,$00
1499   94BE 00 F8 FF 01 			.db	$00,$F8,$FF,$01
1500   94C2 A8 FF 1F 08 			.db	$A8,$FF,$1F,$08
1501   94C6 00 E0 FF 5F 			.db	$00,$E0,$FF,$5F
1502   94CA 44 00 F0 FF 			.db	$44,$00,$F0,$FF
1503   94CE 21 1A 10 FF 			.db	$21,$1A,$10,$FF
1504   94D2 07 80 6B FF 			.db	$07,$80,$6B,$FF
1505   94D6 05 D2 2A 00 			.db	$05,$D2,$2A,$00
1506   94DA FC FF 6B 1D 			.db	$FC,$FF,$6B,$1D
1507   94DE 00 F8 1F C4 			.db	$00,$F8,$1F,$C4
1508   94E2 06 80 FF 5F 			.db	$06,$80,$FF,$5F
1509   94E6 44 A2 6A 25 			.db	$44,$A2,$6A,$25
1510   94EA ED FF 07 00 			.db	$ED,$FF,$07,$00
1511   94EE F8 FF FF 05 			.db	$F8,$FF,$FF,$05
1512   94F2 00 FE 1F 8E 			.db	$00,$FE,$1F,$8E
1513   94F6 00 D0 FF FB 			.db	$00,$D0,$FF,$FB
1514   94FA 0D 00 FC 42 			.db	$0D,$00,$FC,$42
1515   94FE FD 03 F4 FF 			.db	$FD,$03,$F4,$FF
1516   9502 01 00 FE FF 			.db	$01,$00,$FE,$FF
1517   9506 7F 01 80 FF 			.db	$7F,$01,$80,$FF
1518   950A 03 0A 00 F4 			.db	$03,$0A,$00,$F4
1519   950E 3F A1 AE 52 			.db	$3F,$A1,$AE,$52
1520   9512 7F 05 42 D5 			.db	$7F,$05,$42,$D5
1521   9516 DD ED F5 77 			.db	$DD,$ED,$F5,$77
1522   951A 00 80 FF FF 			.db	$00,$80,$FF,$FF
1523   951E 7F 00 E0 7F 			.db	$7F,$00,$E0,$7F
1524   9522 EB 05 00 FF 			.db	$EB,$05,$00,$FF
1525   9526 47 AA 02 FC 			.db	$47,$AA,$02,$FC
1526   952A FF 00 20 D5 			.db	$FF,$00,$20,$D5
1527   952E FF 0F 00 D5 			.db	$FF,$0F,$00,$D5
1528   9532 EF D7 02 00 			.db	$EF,$D7,$02,$00
1529   9536 FF FF 2A 00 			.db	$FF,$FF,$2A,$00
1530   953A E8 FF 03 00 			.db	$E8,$FF,$03,$00
1531   953E 10 FE FF 10 			.db	$10,$FE,$FF,$10
1532   9542 A9 A4 FC BF 			.db	$A9,$A4,$FC,$BF
1533   9546 10 35 55 2D 			.db	$10,$35,$55,$2D
1534   954A 49 36 49 F7 			.db	$49,$36,$49,$F7
1535   954E FF 00 80 01 			.db	$FF,$00,$80,$01
1536   9552 FC FF 87 4B 			.db	$FC,$FF,$87,$4B
1537   9556 00 FC 0F 22 			.db	$00,$FC,$0F,$22
1538   955A 13 D4 5F 45 			.db	$13,$D4,$5F,$45
1539   955E 5D 01 EC FB 			.db	$5D,$01,$EC,$FB
1540   9562 FF 00 40 D5 			.db	$FF,$00,$40,$D5
1541   9566 FF 17 80 B6 			.db	$FF,$17,$80,$B6
1542   956A DA 7E 01 A8 			.db	$DA,$7E,$01,$A8
1543   956E A5 7D 00 FF 			.db	$A5,$7D,$00,$FF
1544   9572 7F 69 09 00 			.db	$7F,$69,$09,$00
1545   9576 FA FD 2D 00 			.db	$FA,$FD,$2D,$00
1546   957A 40 7F FF 03 			.db	$40,$7F,$FF,$03
1547   957E C0 BE 5D 77 			.db	$C0,$BE,$5D,$77
1548   9582 11 54 57 11 			.db	$11,$54,$57,$11
1549   9586 15 55 DF 2D 			.db	$15,$55,$DF,$2D
1550   958A 11 49 55 05 			.db	$11,$49,$55,$05
1551   958E D3 FF 0F 00 			.db	$D3,$FF,$0F,$00
1552   9592 F8 FF 7F 01 			.db	$F8,$FF,$7F,$01
1553   9596 00 B7 6F 0B 			.db	$00,$B7,$6F,$0B
1554   959A 02 6A EF AE 			.db	$02,$6A,$EF,$AE
1555   959E 00 B4 FB 5D 			.db	$00,$B4,$FB,$5D
1556   95A2 11 A9 AA DF 			.db	$11,$A9,$AA,$DF
1557   95A6 0A 44 CA FE 			.db	$0A,$44,$CA,$FE
1558   95AA 07 80 6A DD 			.db	$07,$80,$6A,$DD
1559   95AE 77 11 A8 DF 			.db	$77,$11,$A8,$DF
1560   95B2 5D 1B 01 80 			.db	$5D,$1B,$01,$80
1561   95B6 FF 5F 95 00 ut_ouble_end		.db	$FF,$5F,$95,$00
1562   95BA E0 BB AA 94 			.db	$E0,$BB,$AA,$94
1563   95BE 20 ED 5D AB 			.db	$20,$ED,$5D,$AB
1564   95C2 02 E9 7F 65 			.db	$02,$E9,$7F,$65
1565   95C6 5F 00 D0 AD 			.db	$5F,$00,$D0,$AD
1566   95CA BA 97 40 DD 			.db	$BA,$97,$40,$DD
1567   95CE AD B6 0A A9 			.db	$AD,$B6,$0A,$A9
1568   95D2 AD 54 B5 08 			.db	$AD,$54,$B5,$08
1569   95D6 81 EA DF 25 			.db	$81,$EA,$DF,$25
1570   95DA 00 F4 FF 55 			.db	$00,$F4,$FF,$55
1571   95DE 09 01 BA AF 			.db	$09,$01,$BA,$AF
1572   95E2 2A 85 D0 7B 			.db	$2A,$85,$D0,$7B
1573   95E6 84 AA 49 FF 			.db	$84,$AA,$49,$FF
1574   95EA 9F 22 41 F9 			.db	$9F,$22,$41,$F9
1575   95EE 6F 25 08 A8 			.db	$6F,$25,$08,$A8
1576   95F2 BE AB 50 92 			.db	$BE,$AB,$50,$92
1577   95F6 AA 7B 25 A9 			.db	$AA,$7B,$25,$A9
1578   95FA D5 BA 0A 92 			.db	$D5,$BA,$0A,$92
1579   95FE 56 AB 02 A8 			.db	$56,$AB,$02,$A8
1580   9602 FF 4B 50 5A 			.db	$FF,$4B,$50,$5A
1581   9606 55 52 08 AA 			.db	$55,$52,$08,$AA
1582   960A DF AD 2A AA 			.db	$DF,$AD,$2A,$AA
1583   960E F7 AE 12 12 			.db	$F7,$AE,$12,$12
1584   9612 55 6F 25 51 			.db	$55,$6F,$25,$51
1585   9616 AA EB D6 2A 			.db	$AA,$EB,$D6,$2A
1586   961A 52 B5 AE 15 			.db	$52,$B5,$AE,$15
1587   961E A0 F6 AB 90 			.db	$A0,$F6,$AB,$90
1588   9622 A4 52 7B 45 			.db	$A4,$52,$7B,$45
1589   9626 08 D5 FE 7F 			.db	$08,$D5,$FE,$7F
1590   962A 05 20 55 ED 			.db	$05,$20,$55,$ED
1591   962E B7 11 52 D5 			.db	$B7,$11,$52,$D5
1592   9632 76 6B 91 54 			.db	$76,$6B,$91,$54
1593   9636 B5 57 05 52 			.db	$B5,$57,$05,$52
1594   963A 15 B5 BF 12 			.db	$15,$B5,$BF,$12
1595   963E 55 29 F5 56 			.db	$55,$29,$F5,$56
1596   9642 91 AA AA 5A 			.db	$91,$AA,$AA,$5A
1597   9646 25 25 EA 5B 			.db	$25,$25,$EA,$5B
1598   964A 25 AD 40 52 			.db	$25,$AD,$40,$52
1599   964E B5 AF 02 49 			.db	$B5,$AF,$02,$49
1600   9652 6B F7 6E 09 			.db	$6B,$F7,$6E,$09
1601   9656 A5 56 DD 0A 			.db	$A5,$56,$DD,$0A
1602   965A A9 B7 AA 56 			.db	$A9,$B7,$AA,$56
1603   965E 10 55 DB AB 			.db	$10,$55,$DB,$AB
1604   9662 22 52 F7 B6 			.db	$22,$52,$F7,$B6
1605   9666 2D 48 EA D6 			.db	$2D,$48,$EA,$D6
1606   966A AA 92 48 55 			.db	$AA,$92,$48,$55
1607   966E 55 A5 24 B5 			.db	$55,$A5,$24,$B5
1608   9672 56 AA AA FA 			.db	$56,$AA,$AA,$FA
1609   9676 05 94 BA AB 			.db	$05,$94,$BA,$AB
1610   967A 54 55 D5 6D 			.db	$54,$55,$D5,$6D
1611   967E 15 22 55 55 			.db	$15,$22,$55,$55
1612   9682 AB A8 54 7D 			.db	$AB,$A8,$54,$7D
1613   9686 6B 55 A4 EA 			.db	$6B,$55,$A4,$EA
1614   968A A5 4A 4A 55 			.db	$A5,$4A,$4A,$55
1615   968E 75 5D 52 AA 			.db	$75,$5D,$52,$AA
1616   9692 EA AB 44 D5 			.db	$EA,$AB,$44,$D5
1617   9696 56 55 55 A1 			.db	$56,$55,$55,$A1
1618   969A 7A AD 4A 10 			.db	$7A,$AD,$4A,$10
1619   969E AA 7E 5B 55 			.db	$AA,$7E,$5B,$55
1620   96A2 24 A9 BB 55 			.db	$24,$A9,$BB,$55
1621   96A6 25 A5 AA B5 			.db	$25,$A5,$AA,$B5
1622   96AA AA 24 AA DE 			.db	$AA,$24,$AA,$DE
1623   96AE 2A 55 45 A2 			.db	$2A,$55,$45,$A2
1624   96B2 6A B5 56 85 			.db	$6A,$B5,$56,$85
1625   96B6 54 55 55 55 			.db	$54,$55,$55,$55
1626   96BA 55 6D B5 45 			.db	$55,$6D,$B5,$45
1627   96BE AA 5A 55 D7 			.db	$AA,$5A,$55,$D7
1628   96C2 4A 89 54 AF 			.db	$4A,$89,$54,$AF
1629   96C6 2A 92 92 52 			.db	$2A,$92,$92,$52
1630   96CA BB AA 2A 49 			.db	$BB,$AA,$2A,$49
1631   96CE AF 93 AA AA 			.db	$AF,$93,$AA,$AA
1632   96D2 6A 6F 25 A9 			.db	$6A,$6F,$25,$A9
1633   96D6 AA          			.db	$AA
1634   96D7 EE          ut_ble_end		.db	$EE
1635   96D8 AA F1       ut_trou_beg		.db	$AA,$F1
1636   96DA 92 8E 1E 75 			.db	$92,$8E,$1E,$75
1637   96DE D1 C9 8B 6A 			.db	$D1,$C9,$8B,$6A
1638   96E2 E1 B4 78 C4 			.db	$E1,$B4,$78,$C4
1639   96E6 95 E3 A1 87 			.db	$95,$E3,$A1,$87
1640   96EA 87 87 4E 39 			.db	$87,$87,$4E,$39
1641   96EE 95 5E F0 E0 			.db	$95,$5E,$F0,$E0
1642   96F2 83 C7 E1 43 			.db	$83,$C7,$E1,$43
1643   96F6 0F 1D 87 17 			.db	$0F,$1D,$87,$17
1644   96FA 1D 7A E1 45 			.db	$1D,$7A,$E1,$45
1645   96FE 5D 54 17 8F 			.db	$5D,$54,$17,$8F
1646   9702 6A 78 C3 A9 			.db	$6A,$78,$C3,$A9
1647   9706 E8 E1 96 4E 			.db	$E8,$E1,$96,$4E
1648   970A 74 78 9C E4 			.db	$74,$78,$9C,$E4
1649   970E 85 3E F8 82 			.db	$85,$3E,$F8,$82
1650   9712 57 78 B1 D4 			.db	$57,$78,$B1,$D4
1651   9716 C3 8B 95 6A 			.db	$C3,$8B,$95,$6A
1652   971A E1 43 57 51 			.db	$E1,$43,$57,$51
1653   971E 5D 96 07 7D 			.db	$5D,$96,$07,$7D
1654   9722 F0 22 EB 05 			.db	$F0,$22,$EB,$05
1655   9726 1F AA 07 5F 			.db	$1F,$AA,$07,$5F
1656   972A A4 27 EA 81 			.db	$A4,$27,$EA,$81
1657   972E 2F EA 41 2F 			.db	$2F,$EA,$41,$2F
1658   9732 AE A8 95 CC 			.db	$AE,$A8,$95,$CC
1659   9736 8B 2E B1 2B 			.db	$8B,$2E,$B1,$2B
1660   973A 79 A1 5E A8 			.db	$79,$A1,$5E,$A8
1661   973E 17 36 D1 2B 			.db	$17,$36,$D1,$2B
1662   9742 E9 23 37 E8 			.db	$E9,$23,$37,$E8
1663   9746 16 EA 41 EB 			.db	$16,$EA,$41,$EB
1664   974A E8 2A AA 8B 			.db	$E8,$2A,$AA,$8B
1665   974E D5 15 F6 C1 			.db	$D5,$15,$F6,$C1
1666   9752 A3 A5 8B D2 			.db	$A3,$A5,$8B,$D2
1667   9756 83 DD E0 95 			.db	$83,$DD,$E0,$95
1668   975A EC 22 B5 51 			.db	$EC,$22,$B5,$51
1669   975E 8F 5A 0A BA 			.db	$8F,$5A,$0A,$BA
1670   9762 51 5F F9 D2 			.db	$51,$5F,$F9,$D2
1671   9766 16 17 C4 27 			.db	$16,$17,$C4,$27
1672   976A AD 54 14 2A 			.db	$AD,$54,$14,$2A
1673   976E BA 54 B5 EA 			.db	$BA,$54,$B5,$EA
1674   9772 97 7B 72 4D 			.db	$97,$7B,$72,$4D
1675   9776 2E F4 42 0F 			.db	$2E,$F4,$42,$0F
1676   977A 6D 00 F0 DF 			.db	$6D,$00,$F0,$DF
1677   977E FF 90 00 A9 			.db	$FF,$90,$00,$A9
1678   9782 D5 5B 54 44 			.db	$D5,$5B,$54,$44
1679   9786 2B F5 5F 74 			.db	$2B,$F5,$5F,$74
1680   978A 85 92 8A AD 			.db	$85,$92,$8A,$AD
1681   978E EA AB 6E E5 			.db	$EA,$AB,$6E,$E5
1682   9792 46 BE 20 00 			.db	$46,$BE,$20,$00
1683   9796 FC FF 1F 00 			.db	$FC,$FF,$1F,$00
1684   979A A8 B6 5F 02 			.db	$A8,$B6,$5F,$02
1685   979E 41 6A FB B7 			.db	$41,$6A,$FB,$B7
1686   97A2 92 AA 22 95 			.db	$92,$AA,$22,$95
1687   97A6 54 55 FD EA 			.db	$54,$55,$FD,$EA
1688   97AA 96 EA AF 2E 			.db	$96,$EA,$AF,$2E
1689   97AE 00 C0 FF FF 			.db	$00,$C0,$FF,$FF
1690   97B2 01 C0 8F 7F 			.db	$01,$C0,$8F,$7F
1691   97B6 00 C0 AD FF 			.db	$00,$C0,$AD,$FF
1692   97BA A0 A4 AB 0B 			.db	$A0,$A4,$AB,$0B
1693   97BE 94 52 BF EC 			.db	$94,$52,$BF,$EC
1694   97C2 92 DF 1D 80 			.db	$92,$DF,$1D,$80
1695   97C6 FF FF 1F C0 			.db	$FF,$FF,$1F,$C0
1696   97CA EF 0F 00 F8 			.db	$EF,$0F,$00,$F8
1697   97CE F8 E2 80 5F 			.db	$F8,$E2,$80,$5F
1698   97D2 5F 26 F8 74 			.db	$5F,$26,$F8,$74
1699   97D6 E1 41 FF 3F 			.db	$E1,$41,$FF,$3F
1700   97DA 80 FF CF 11 			.db	$80,$FF,$CF,$11
1701   97DE E0 9F 01 43 			.db	$E0,$9F,$01,$43
1702   97E2 F8 08 8C C7 			.db	$F8,$08,$8C,$C7
1703   97E6 71 B8 1E C4 			.db	$71,$B8,$1E,$C4
1704   97EA E3 F1 B4 0F 			.db	$E3,$F1,$B4,$0F
1705   97EE F6 FF 61 00 			.db	$F6,$FF,$61,$00
1706   97F2 BE 07 80 F3 			.db	$BE,$07,$80,$F3
1707   97F6 2B 00 9E 87 			.db	$2B,$00,$9E,$87
1708   97FA 63 E9 18 9C 			.db	$63,$E9,$18,$9C
1709   97FE A6 FF C1 FC 			.db	$A6,$FF,$C1,$FC
1710   9802 3F 0C C0 FF 			.db	$3F,$0C,$C0,$FF
1711   9806 40 30 3E 05 			.db	$40,$30,$3E,$05
1712   980A CF C0 39 78 			.db	$CF,$C0,$39,$78
1713   980E 0E DF 41 FF 			.db	$0E,$DF,$41,$FF
1714   9812 81 F9 E7 38 			.db	$81,$F9,$E7,$38
1715   9816 80 FF 81 60 			.db	$80,$FF,$81,$60
1716   981A F8 06 0E C3 			.db	$F8,$06,$0E,$C3
1717   981E B3 F0 0C BC 			.db	$B3,$F0,$0C,$BC
1718   9822 C7 FE 20 FE 			.db	$C7,$FE,$20,$FE
1719   9826 1F 87 E0 7F 			.db	$1F,$87,$E0,$7F
1720   982A 30 0C DF 01 			.db	$30,$0C,$DF,$01
1721   982E F1 38 1D E6 			.db	$F1,$38,$1D,$E6
1722   9832 47 F9 FC 03 			.db	$47,$F9,$FC,$03
1723   9836 F1 FF 38 80 			.db	$F1,$FF,$38,$80
1724   983A FF 01 60 F8 			.db	$FF,$01,$60,$F8
1725   983E 0F 82 E7 71 			.db	$0F,$82,$E7,$71
1726   9842 F0 1C 96 CF 			.db	$F0,$1C,$96,$CF
1727   9846 0F C4 FF E3 			.db	$0F,$C4,$FF,$E3
1728   984A 00 BC 1F 01 			.db	$00,$BC,$1F,$01
1729   984E E0 3F 00 9C 			.db	$E0,$3F,$00,$9C
1730   9852 E7 01 FA 8E 			.db	$E7,$01,$FA,$8E
1731   9856 76 1D 10 FF 			.db	$76,$1D,$10,$FF
1732   985A 8F 03 80 FE 			.db	$8F,$03,$80,$FE
1733   985E 0F 00 C6 59 			.db	$0F,$00,$C6,$59
1734   9862 7D 00 80 FF 			.db	$7D,$00,$80,$FF
1735   9866 21 A8 FF 01 			.db	$21,$A8,$FF,$01
1736   986A F8 7F 9E 01 			.db	$F8,$7F,$9E,$01
1737   986E C0 FF 40 10 			.db	$C0,$FF,$40,$10
1738   9872 68 3D C3 07 			.db	$68,$3D,$C3,$07
1739   9876 80 7F 3C 02 			.db	$80,$7F,$3C,$02
1740   987A 7F 00 F8 FF 			.db	$7F,$00,$F8,$FF
1741   987E 5F 01 C2 AA 			.db	$5F,$01,$C2,$AA
1742   9882 B0 5A 48 2F 			.db	$B0,$5A,$48,$2F
1743   9886 80 DF 00 F7 			.db	$80,$DF,$00,$F7
1744   988A 78 03 CC 87 			.db	$78,$03,$CC,$87
1745   988E F2 30 5E FE 			.db	$F2,$30,$5E,$FE
1746   9892 8F FA 48 14 			.db	$8F,$FA,$48,$14
1747   9896 04 45 E0 3F 			.db	$04,$45,$E0,$3F
1748   989A C0 3C EF 81 			.db	$C0,$3C,$EF,$81
1749   989E F1 74 1E 94 			.db	$F1,$74,$1E,$94
1750   98A2 C7 71 28 FD 			.db	$C7,$71,$28,$FD
1751   98A6 CF DE C5 00 			.db	$CF,$DE,$C5,$00
1752   98AA DF 00       ut_trou_end		.db	$DF,$00
1753   98AC AA BE       ut_you_beg		.db	$AA,$BE
1754   98AE 7E 9F 0E AD 			.db	$7E,$9F,$0E,$AD
1755   98B2 00 83 C3 E7 			.db	$00,$83,$C3,$E7
1756   98B6 FF FF 07 03 			.db	$FF,$FF,$07,$03
1757   98BA 01 80 E5 ED 			.db	$01,$80,$E5,$ED
1758   98BE D7 D7 07 0E 			.db	$D7,$D7,$07,$0E
1759   98C2 0F 8F FF 3F 			.db	$0F,$8F,$FF,$3F
1760   98C6 1F 0E 04 00 			.db	$1F,$0E,$04,$00
1761   98CA 02 8F 9F 07 			.db	$02,$8F,$9F,$07
1762   98CE 07 87 CF FF 			.db	$07,$87,$CF,$FF
1763   98D2 1F 1F 0E 04 			.db	$1F,$1F,$0E,$04
1764   98D6 04 06 0E 0F 			.db	$04,$06,$0E,$0F
1765   98DA 0F 0F 9F FF 			.db	$0F,$0F,$9F,$FF
1766   98DE 3F 1C 18 18 			.db	$3F,$1C,$18,$18
1767   98E2 18 1C 1C E0 			.db	$18,$1C,$1C,$E0
1768   98E6 E0 F1 F3 F3 			.db	$E0,$F1,$F3,$F3
1769   98EA C3 03 02 06 			.db	$C3,$03,$02,$06
1770   98EE 07 0F 70 F0 			.db	$07,$0F,$70,$F0
1771   98F2 F0 F9 F1 C7 			.db	$F0,$F9,$F1,$C7
1772   98F6 01 00 03 8F 			.db	$01,$00,$03,$8F
1773   98FA 07 07 0F DF 			.db	$07,$07,$0F,$DF
1774   98FE FF 3F 0C 10 			.db	$FF,$3F,$0C,$10
1775   9902 70 F0 80 83 			.db	$70,$F0,$80,$83
1776   9906 87 DF BF 3F 			.db	$87,$DF,$BF,$3F
1777   990A 20 C0 E0 03 			.db	$20,$C0,$E0,$03
1778   990E 18 78 F8 FF 			.db	$18,$78,$F8,$FF
1779   9912 FB 01 04 1C 			.db	$FB,$01,$04,$1C
1780   9916 38 F8 F0 F1 			.db	$38,$F8,$F0,$F1
1781   991A FF 3F 3E 70 			.db	$FF,$3F,$3E,$70
1782   991E 78 08 1C 7C 			.db	$78,$08,$1C,$7C
1783   9922 FC FF 0F 0E 			.db	$FC,$FF,$0F,$0E
1784   9926 18 3C 00 83 			.db	$18,$3C,$00,$83
1785   992A CF FF FF C1 			.db	$CF,$FF,$FF,$C1
1786   992E 01 3F 80 03 			.db	$01,$3F,$80,$03
1787   9932 3F FF FF 0F 			.db	$3F,$FF,$FF,$0F
1788   9936 1C 18 06 1E 			.db	$1C,$18,$06,$1E
1789   993A FC FE 3F 7F 			.db	$FC,$FE,$3F,$7F
1790   993E 08 00 0F 7C 			.db	$08,$00,$0F,$7C
1791   9942 B0 7F 7F 7C 			.db	$B0,$7F,$7F,$7C
1792   9946 00 1C 18 78 			.db	$00,$1C,$18,$78
1793   994A 78 FC FF 7C 			.db	$78,$FC,$FF,$7C
1794   994E 38 38 18 78 			.db	$38,$38,$18,$78
1795   9952 60 FC FF FD 			.db	$60,$FC,$FF,$FD
1796   9956 38 F0 00 38 			.db	$38,$F0,$00,$38
1797   995A C0 FF FF 07 			.db	$C0,$FF,$FF,$07
1798   995E 0D FE 07 18 			.db	$0D,$FE,$07,$18
1799   9962 00 FF FF A3 			.db	$00,$FF,$FF,$A3
1800   9966 C0 C0 03 80 			.db	$C0,$C0,$03,$80
1801   996A 90 FF FF 1F 			.db	$90,$FF,$FF,$1F
1802   996E 00 3C 0E 1C 			.db	$00,$3C,$0E,$1C
1803   9972 00 FE FF 3F 			.db	$00,$FE,$FF,$3F
1804   9976 E0 CB 01 08 			.db	$E0,$CB,$01,$08
1805   997A 0E FE 7F 3F 			.db	$0E,$FE,$7F,$3F
1806   997E 60 FF 07 00 			.db	$60,$FF,$07,$00
1807   9982 00 FC FF 75 			.db	$00,$FC,$FF,$75
1808   9986 00 F0 1F 00 			.db	$00,$F0,$1F,$00
1809   998A 10 F0 FF F3 			.db	$10,$F0,$FF,$F3
1810   998E 01 80 7E 00 			.db	$01,$80,$7E,$00
1811   9992 00 80 FF FF 			.db	$00,$80,$FF,$FF
1812   9996 38 00 F0 1D 			.db	$38,$00,$F0,$1D
1813   999A 00 00 F0 FF 			.db	$00,$00,$F0,$FF
1814   999E 3F 02 80 F6 			.db	$3F,$02,$80,$F6
1815   99A2 07 00 00 FF 			.db	$07,$00,$00,$FF
1816   99A6 FF 37 00 80 			.db	$FF,$37,$00,$80
1817   99AA FF 06 00 1C 			.db	$FF,$06,$00,$1C
1818   99AE FE FF 01 00 			.db	$FE,$FF,$01,$00
1819   99B2 F8 FF 0F 00 			.db	$F8,$FF,$0F,$00
1820   99B6 F0 FE 7F 10 			.db	$F0,$FE,$7F,$10
1821   99BA 00 90 FF 3D 			.db	$00,$90,$FF,$3D
1822   99BE 00 40 F8 FF 			.db	$00,$40,$F8,$FF
1823   99C2 3F 30 00 FC 			.db	$3F,$30,$00,$FC
1824   99C6 FF 00 00 A0 			.db	$FF,$00,$00,$A0
1825   99CA FF FF 21 38 			.db	$FF,$FF,$21,$38
1826   99CE C0 5F 07 01 			.db	$C0,$5F,$07,$01
1827   99D2 00 EE FF FF 			.db	$00,$EE,$FF,$FF
1828   99D6 01 00 60 FF 			.db	$01,$00,$60,$FF
1829   99DA 7F 03 00 FF 			.db	$7F,$03,$00,$FF
1830   99DE FF 7F 00 00 			.db	$FF,$7F,$00,$00
1831   99E2 F0 FF BF 1E 			.db	$F0,$FF,$BF,$1E
1832   99E6 00 70 FD FF 			.db	$00,$70,$FD,$FF
1833   99EA 2F 00 00 FF 			.db	$2F,$00,$00,$FF
1834   99EE FF 3F 00 80 			.db	$FF,$3F,$00,$80
1835   99F2 FF FF FF 05 			.db	$FF,$FF,$FF,$05
1836   99F6 00 40 F4 7F 			.db	$00,$40,$F4,$7F
1837   99FA 40 00 C0 FF 			.db	$40,$00,$C0,$FF
1838   99FE FF FF 03 00 			.db	$FF,$FF,$03,$00
1839   9A02 E1 FF FF A0 			.db	$E1,$FF,$FF,$A0
1840   9A06 01 00 FF FF 			.db	$01,$00,$FF,$FF
1841   9A0A FF 5F 00 80 			.db	$FF,$5F,$00,$80
1842   9A0E FC FF 2F 00 			.db	$FC,$FF,$2F,$00
1843   9A12 00 80 FF FF 			.db	$00,$80,$FF,$FF
1844   9A16 FF 1F 00 00 			.db	$FF,$1F,$00,$00
1845   9A1A 00 FE 6F 5B 			.db	$00,$FE,$6F,$5B
1846   9A1E 01 00 FC FF 			.db	$01,$00,$FC,$FF
1847   9A22 FF 1B 00 A0 			.db	$FF,$1B,$00,$A0
1848   9A26 FF F6 3F 2C 			.db	$FF,$F6,$3F,$2C
1849   9A2A 50 00 00 FE 			.db	$50,$00,$00,$FE
1850   9A2E FF FF 0F 00 			.db	$FF,$FF,$0F,$00
1851   9A32 F0 F7 FA 0B 			.db	$F0,$F7,$FA,$0B
1852   9A36 00 F8 61 00 			.db	$00,$F8,$61,$00
1853   9A3A E0 F5 FF FF 			.db	$E0,$F5,$FF,$FF
1854   9A3E 03 00 40 B5 			.db	$03,$00,$40,$B5
1855   9A42 FE 07 50 5F 			.db	$FE,$07,$50,$5F
1856   9A46 0B 00 40 65 			.db	$0B,$00,$40,$65
1857   9A4A FD FF 3F 00 			.db	$FD,$FF,$3F,$00
1858   9A4E 00 AB FF 1F 			.db	$00,$AB,$FF,$1F
1859   9A52 00 00 D0 73 			.db	$00,$00,$D0,$73
1860   9A56 D5 F5 EB 7B 			.db	$D5,$F5,$EB,$7B
1861   9A5A FA 09 00 10 			.db	$FA,$09,$00,$10
1862   9A5E F5 FF 9F 0A 			.db	$F5,$FF,$9F,$0A
1863   9A62 00 50 70 FF 			.db	$00,$50,$70,$FF
1864   9A66 FF 85 04 62 			.db	$FF,$85,$04,$62
1865   9A6A D5 6B D5 83 			.db	$D5,$6B,$D5,$83
1866   9A6E A5 6F FF 05 			.db	$A5,$6F,$FF,$05
1867   9A72 00 00 F0 FF 			.db	$00,$00,$F0,$FF
1868   9A76 FF 0B 00 A4 			.db	$FF,$0B,$00,$A4
1869   9A7A D5 FF 0F 50 			.db	$D5,$FF,$0F,$50
1870   9A7E 05 40 55 4B 			.db	$05,$40,$55,$4B
1871   9A82 FD B7 A9 FF 			.db	$FD,$B7,$A9,$FF
1872   9A86 5F 7A 10 40 			.db	$5F,$7A,$10,$40
1873   9A8A 0B A8 EE 2B 			.db	$0B,$A8,$EE,$2B
1874   9A8E 21 B0 F8 FF 			.db	$21,$B0,$F8,$FF
1875   9A92 B6 FF 07 00 			.db	$B6,$FF,$07,$00
1876   9A96 F8 91 FA 3F 			.db	$F8,$91,$FA,$3F
1877   9A9A 00 00 C8 FE 			.db	$00,$00,$C8,$FE
1878   9A9E FF BB BF 02 			.db	$FF,$BB,$BF,$02
1879   9AA2 00 EF 40 FF 			.db	$00,$EF,$40,$FF
1880   9AA6 0F 00 80 FF 			.db	$0F,$00,$80,$FF
1881   9AAA FF 6F       			.db	$FF,$6F
1882   9AAC 05          ut_you_end		.db	$05
1883   9AAD AA          ut_win_beg		.db	$AA
1884   9AAE FB 3F A0 00 			.db	$FB,$3F,$A0,$00
1885   9AB2 00 F8 FF 7F 			.db	$00,$F8,$FF,$7F
1886   9AB6 AF 00 E0 FF 			.db	$AF,$00,$E0,$FF
1887   9ABA 17 34 00 C0 			.db	$17,$34,$00,$C0
1888   9ABE FF 5F 95 01 			.db	$FF,$5F,$95,$01
1889   9AC2 D2 FF 1F 00 			.db	$D2,$FF,$1F,$00
1890   9AC6 00 FF FF 7F 			.db	$00,$FF,$FF,$7F
1891   9ACA 00 00 FF 1F 			.db	$00,$00,$FF,$1F
1892   9ACE 00 80 FE FF 			.db	$00,$80,$FE,$FF
1893   9AD2 7F 00 E0 FF 			.db	$7F,$00,$E0,$FF
1894   9AD6 0B 00 D0 FF 			.db	$0B,$00,$D0,$FF
1895   9ADA FF 03 C0 FF 			.db	$FF,$03,$C0,$FF
1896   9ADE 3F 00 60 FF 			.db	$3F,$00,$60,$FF
1897   9AE2 FF 0F 80 D7 			.db	$FF,$0F,$80,$D7
1898   9AE6 7F 00 60 98 			.db	$7F,$00,$60,$98
1899   9AEA FF 03 F8 DF 			.db	$FF,$03,$F8,$DF
1900   9AEE 1F 00 0C FE 			.db	$1F,$00,$0C,$FE
1901   9AF2 3F E0 5F FD 			.db	$3F,$E0,$5F,$FD
1902   9AF6 01 E0 E1 FF 			.db	$01,$E0,$E1,$FF
1903   9AFA 00 3F FC 0F 			.db	$00,$3F,$FC,$0F
1904   9AFE 20 03 FF 81 			.db	$20,$03,$FF,$81
1905   9B02 07 FC 1F 00 			.db	$07,$FC,$1F,$00
1906   9B06 C0 FF F9 0C 			.db	$C0,$FF,$F9,$0C
1907   9B0A FF FF 00 02 			.db	$FF,$FF,$00,$02
1908   9B0E FE F7 31 FE 			.db	$FE,$F7,$31,$FE
1909   9B12 FF 01 00 FF 			.db	$FF,$01,$00,$FF
1910   9B16 F7 07 FC FF 			.db	$F7,$07,$FC,$FF
1911   9B1A 01 06 FF C3 			.db	$01,$06,$FF,$C3
1912   9B1E 03 FC FC 83 			.db	$03,$FC,$FC,$83
1913   9B22 07 FF F1 83 			.db	$07,$FF,$F1,$83
1914   9B26 DF FF 80 81 			.db	$DF,$FF,$80,$81
1915   9B2A FF FF E0 E3 			.db	$FF,$FF,$E0,$E3
1916   9B2E FF C0 C1 FF 			.db	$FF,$C0,$C1,$FF
1917   9B32 3F 70 F8 FF 			.db	$3F,$70,$F8,$FF
1918   9B36 E0 E0 F3 7F 			.db	$E0,$E0,$F3,$7F
1919   9B3A 7E 7E 3C 70 			.db	$7E,$7E,$3C,$70
1920   9B3E F8 FF 1F 0E 			.db	$F8,$FF,$1F,$0E
1921   9B42 FE 1F 1C 7C 			.db	$FE,$1F,$1C,$7C
1922   9B46 FC C7 CF 0F 			.db	$FC,$C7,$CF,$0F
1923   9B4A 0F 1E 3E 3E 			.db	$0F,$1E,$3E,$3E
1924   9B4E C0 C1 EF 07 			.db	$C0,$C1,$EF,$07
1925   9B52 07 9F FF FB 			.db	$07,$9F,$FF,$FB
1926   9B56 F0 E0 C3 C3 			.db	$F0,$E0,$C3,$C3
1927   9B5A 87 CF 7F FC 			.db	$87,$CF,$7F,$FC
1928   9B5E FC E0 E1 C1 			.db	$FC,$E0,$E1,$C1
1929   9B62 C3 AF 7F 7E 			.db	$C3,$AF,$7F,$7E
1930   9B66 70 F0 E0 F1 			.db	$70,$F0,$E0,$F1
1931   9B6A 83 FF 3F 38 			.db	$83,$FF,$3F,$38
1932   9B6E 78 F8 F8 C1 			.db	$78,$F8,$F8,$C1
1933   9B72 FF 1F 38 3C 			.db	$FF,$1F,$38,$3C
1934   9B76 7C FE E0 FD 			.db	$7C,$FE,$E0,$FD
1935   9B7A 1F 1C 1C 7E 			.db	$1F,$1C,$1C,$7E
1936   9B7E 7F F8 FC 1F 			.db	$7F,$F8,$FC,$1F
1937   9B82 0C 0E 3E 7F 			.db	$0C,$0E,$3E,$7F
1938   9B86 78 FC 1F 0C 			.db	$78,$FC,$1F,$0C
1939   9B8A 0E 3E 7F 38 			.db	$0E,$3E,$7F,$38
1940   9B8E FC 1F 1C 0E 			.db	$FC,$1F,$1C,$0E
1941   9B92 3F 7F 70 F8 			.db	$3F,$7F,$70,$F8
1942   9B96 1F 1C 1C BF 			.db	$1F,$1C,$1C,$BF
1943   9B9A 7F 70 F8 3F 			.db	$7F,$70,$F8,$3F
1944   9B9E 18 78 FC FF 			.db	$18,$78,$FC,$FF
1945   9BA2 E0 F0 FF 00 			.db	$E0,$F0,$FF,$00
1946   9BA6 F0 F0 F7 83 			.db	$F0,$F0,$F7,$83
1947   9BAA E1 E7 83 81 			.db	$E1,$E7,$83,$81
1948   9BAE C3 E7 07 FE 			.db	$C3,$E7,$07,$FE
1949   9BB2 FF 07 04 3C 			.db	$FF,$07,$04,$3C
1950   9BB6 7E 78 F0 F8 			.db	$7E,$78,$F0,$F8
1951   9BBA F1 60 E0 E0 			.db	$F1,$60,$E0,$E0
1952   9BBE E1 9F 2E BF 			.db	$E1,$9F,$2E,$BF
1953   9BC2 07 06 0E 1E 			.db	$07,$06,$0E,$1E
1954   9BC6 3E 3C 78 F8 			.db	$3E,$3C,$78,$F8
1955   9BCA C0 C0 C3 8F 			.db	$C0,$C0,$C3,$8F
1956   9BCE 0F 1E 3E 3E 			.db	$0F,$1E,$3E,$3E
1957   9BD2 00 F8 F3 E3 			.db	$00,$F8,$F3,$E3
1958   9BD6 C3 C3 C7 07 			.db	$C3,$C3,$C7,$07
1959   9BDA 02 8F 0F 3F 			.db	$02,$8F,$0F,$3F
1960   9BDE 70 F8 F0 C1 			.db	$70,$F8,$F0,$C1
1961   9BE2 C1 83 87 1F 			.db	$C1,$83,$87,$1F
1962   9BE6 3E 70 FC E0 			.db	$3E,$70,$FC,$E0
1963   9BEA C0 C1 87 1F 			.db	$C0,$C1,$87,$1F
1964   9BEE 0E FC FC 40 			.db	$0E,$FC,$FC,$40
1965   9BF2 C0 C3 8F 1F 			.db	$C0,$C3,$8F,$1F
1966   9BF6 7C 7C FC 80 			.db	$7C,$7C,$FC,$80
1967   9BFA 80 87 0F 7F 			.db	$80,$87,$0F,$7F
1968   9BFE 7C 78 F8 01 			.db	$7C,$78,$F8,$01
1969   9C02 01 0C FC FC 			.db	$01,$0C,$FC,$FC
1970   9C06 38 40 F0 27 			.db	$38,$40,$F0,$27
1971   9C0A 00 F8 F8 FF 			.db	$00,$F8,$F8,$FF
1972   9C0E 0B D0 F7 71 			.db	$0B,$D0,$F7,$71
1973   9C12 C0 C0 95 7E 			.db	$C0,$C0,$95,$7E
1974   9C16 FF 60 80 E3 			.db	$FF,$60,$80,$E3
1975   9C1A FF 81 00 83 			.db	$FF,$81,$00,$83
1976   9C1E FF 0F 04 DE 			.db	$FF,$0F,$04,$DE
1977   9C22 9F 2F 00 C0 			.db	$9F,$2F,$00,$C0
1978   9C26 81 9F 7F 3C 			.db	$81,$9F,$7F,$3C
1979   9C2A 70 F0 F3 01 			.db	$70,$F0,$F3,$01
1980   9C2E 80 C3 FF EF 			.db	$80,$C3,$FF,$EF
1981   9C32 80 91 75 6B 			.db	$80,$91,$75,$6B
1982   9C36 01 38 3C 78 			.db	$01,$38,$3C,$78
1983   9C3A FC F0 F0 71 			.db	$FC,$F0,$F0,$71
1984   9C3E C1 C7 07 00 			.db	$C1,$C7,$07,$00
1985   9C42 0C 7C FE 5E 			.db	$0C,$7C,$FE,$5E
1986   9C46 FA F0 80 43 			.db	$FA,$F0,$80,$43
1987   9C4A 01 00 07 BF 			.db	$01,$00,$07,$BF
1988   9C4E FF 1F 0C 0A 			.db	$FF,$1F,$0C,$0A
1989   9C52 F6 E1 00 80 			.db	$F6,$E1,$00,$80
1990   9C56 87 8F BF 0F 			.db	$87,$8F,$BF,$0F
1991   9C5A 2E 58 51 C1 			.db	$2E,$58,$51,$C1
1992   9C5E C7 03 04 04 			.db	$C7,$03,$04,$04
1993   9C62 FE FF E0 C0 			.db	$FE,$FF,$E0,$C0
1994   9C66 C3 87 07 0F 			.db	$C3,$87,$07,$0F
1995   9C6A 00 F0 E0 FB 			.db	$00,$F0,$E0,$FB
1996   9C6E DF 07 0E 34 			.db	$DF,$07,$0E,$34
1997   9C72 F0 F0 21 00 			.db	$F0,$F0,$21,$00
1998   9C76 8B 9F FF E1 			.db	$8B,$9F,$FF,$E1
1999   9C7A E0 E1 C0 05 			.db	$E0,$E1,$C0,$05
2000   9C7E F6 F7 00 00 			.db	$F6,$F7,$00,$00
2001   9C82 A1 FF 5F 45 			.db	$A1,$FF,$5F,$45
2002   9C86 17 83 43 31 			.db	$17,$83,$43,$31
2003   9C8A 7C 48 00 07 			.db	$7C,$48,$00,$07
2004   9C8E 05 FF FF 8F 			.db	$05,$FF,$FF,$8F
2005   9C92 03 00 5E 3C 			.db	$03,$00,$5E,$3C
2006   9C96 3C 0E 20 51 			.db	$3C,$0E,$20,$51
2007   9C9A 83 7F 3F F8 			.db	$83,$7F,$3F,$F8
2008   9C9E E4 40 41 C3 			.db	$E4,$40,$41,$C3
2009   9CA2 DF 0F 06 00 			.db	$DF,$0F,$06,$00
2010   9CA6 80 CF FF AF 			.db	$80,$CF,$FF,$AF
2011   9CAA AA 55 50 70 			.db	$AA,$55,$50,$70
2012   9CAE 60 F1 E1 82 			.db	$60,$F1,$E1,$82
2013   9CB2 00 08 8F FF 			.db	$00,$08,$8F,$FF
2014   9CB6 FF 3A 28 40 			.db	$FF,$3A,$28,$40
2015   9CBA A4 C0 E9 AB 			.db	$A4,$C0,$E9,$AB
2016   9CBE D6 07 00 4A 			.db	$D6,$07,$00,$4A
2017   9CC2 64 FE 7F F5 			.db	$64,$FE,$7F,$F5
2018   9CC6 0A 80 42 D3 			.db	$0A,$80,$42,$D3
2019   9CCA 2F 0E 0E 0C 			.db	$2F,$0E,$0E,$0C
2020   9CCE 20 30 6B FF 			.db	$20,$30,$6B,$FF
2021   9CD2 BF 87 2F 04 			.db	$BF,$87,$2F,$04
2022   9CD6 24 00 F5 E7 			.db	$24,$00,$F5,$E7
2023   9CDA 83 07 0F 02 			.db	$83,$07,$0F,$02
2024   9CDE 38 D7 F7 AF 			.db	$38,$D7,$F7,$AF
2025   9CE2 02 17 2A 2C 			.db	$02,$17,$2A,$2C
2026   9CE6 D0 E2 C3 B7 			.db	$D0,$E2,$C3,$B7
2027   9CEA 0F 29 28 00 			.db	$0F,$29,$28,$00
2028   9CEE A0 C7 FF FF 			.db	$A0,$C7,$FF,$FF
2029   9CF2 97 02 C0 C3 			.db	$97,$02,$C0,$C3
2030   9CF6 40 35 49 DD 			.db	$40,$35,$49,$DD
2031   9CFA 2B 2A 0B 05 			.db	$2B,$2A,$0B,$05
2032   9CFE 00 E6 FB FF 			.db	$00,$E6,$FB,$FF
2033   9D02 3F 15 00 00 			.db	$3F,$15,$00,$00
2034   9D06 29 FA BE DA 			.db	$29,$FA,$BE,$DA
2035   9D0A BA 50 A8 45 			.db	$BA,$50,$A8,$45
2036   9D0E 13 00 30 EB 			.db	$13,$00,$30,$EB
2037   9D12 FF DF 93 03 			.db	$FF,$DF,$93,$03
2038   9D16 02 04 4D FD 			.db	$02,$04,$4D,$FD
2039   9D1A 3F 96 02 88 			.db	$3F,$96,$02,$88
2040   9D1E 94 A6 7D 00 			.db	$94,$A6,$7D,$00
2041   9D22 58 EF FF DF 			.db	$58,$EF,$FF,$DF
2042   9D26 CA 05 10 08 			.db	$CA,$05,$10,$08
2043   9D2A 80 74 FB EE 			.db	$80,$74,$FB,$EE
2044   9D2E 6B 55 85 04 			.db	$6B,$55,$85,$04
2045   9D32 A9 0A 10 DE 			.db	$A9,$0A,$10,$DE
2046   9D36 F7 FF A5 88 			.db	$F7,$FF,$A5,$88
2047   9D3A 01 30 2E 8D 			.db	$01,$30,$2E,$8D
2048   9D3E 95 5C BA 6E 			.db	$95,$5C,$BA,$6E
2049   9D42 F5 31 01 09 			.db	$F5,$31,$01,$09
2050   9D46 84 1E 00 EE 			.db	$84,$1E,$00,$EE
2051   9D4A FB          			.db	$FB
2052   9D4B FF          ut_win_end		.db	$FF
2053   9D4C AA FC       ut_again_beg		.db	$AA,$FC
2054   9D4E FF F8 12 20 			.db	$FF,$F8,$12,$20
2055   9D52 DD 94 17 84 			.db	$DD,$94,$17,$84
2056   9D56 BF 41 52 3E 			.db	$BF,$41,$52,$3E
2057   9D5A 05 AE 80 FF 			.db	$05,$AE,$80,$FF
2058   9D5E 07 F0 FF FD 			.db	$07,$F0,$FF,$FD
2059   9D62 00 F4 DE 04 			.db	$00,$F4,$DE,$04
2060   9D66 49 F9 0F E8 			.db	$49,$F9,$0F,$E8
2061   9D6A 13 70 CB A9 			.db	$13,$70,$CB,$A9
2062   9D6E FB F6 00 FC 			.db	$FB,$F6,$00,$FC
2063   9D72 FF 1F C0 CD 			.db	$FF,$1F,$C0,$CD
2064   9D76 7F 80 52 FF 			.db	$7F,$80,$52,$FF
2065   9D7A F9 04 50 57 			.db	$F9,$04,$50,$57
2066   9D7E F9 B7 EA 1F 			.db	$F9,$B7,$EA,$1F
2067   9D82 E0 FF 7F 00 			.db	$E0,$FF,$7F,$00
2068   9D86 81 FF 91 00 			.db	$81,$FF,$91,$00
2069   9D8A B6 EF 13 10 			.db	$B6,$EF,$13,$10
2070   9D8E D8 D5 7F A4 			.db	$D8,$D5,$7F,$A4
2071   9D92 B6 01 FF FF 			.db	$B6,$01,$FF,$FF
2072   9D96 29 00 3C FF 			.db	$29,$00,$3C,$FF
2073   9D9A 02 01 FE FD 			.db	$02,$01,$FE,$FD
2074   9D9E 82 80 3A FC 			.db	$82,$80,$3A,$FC
2075   9DA2 CD 52 1F F0 			.db	$CD,$52,$1F,$F0
2076   9DA6 E0 FF 1F 30 			.db	$E0,$FF,$1F,$30
2077   9DAA F0 FB 09 04 			.db	$F0,$FB,$09,$04
2078   9DAE FE 7F 03 81 			.db	$FE,$7F,$03,$81
2079   9DB2 D1 77 5F 52 			.db	$D1,$77,$5F,$52
2080   9DB6 1B 70 F0 F1 			.db	$1B,$70,$F0,$F1
2081   9DBA F3 41 10 1E 			.db	$F3,$41,$10,$1E
2082   9DBE 3C 3F 1C 3E 			.db	$3C,$3F,$1C,$3E
2083   9DC2 80 D5 C3 E5 			.db	$80,$D5,$C3,$E5
2084   9DC6 A5 89 6B 01 			.db	$A5,$89,$6B,$01
2085   9DCA 0F 1E 3E 3E 			.db	$0F,$1E,$3E,$3E
2086   9DCE 1E 1C 0C 1E 			.db	$1E,$1C,$0C,$1E
2087   9DD2 15 FF 02 38 			.db	$15,$FF,$02,$38
2088   9DD6 65 BF 50 D1 			.db	$65,$BF,$50,$D1
2089   9DDA BA B2 12 FA 			.db	$BA,$B2,$12,$FA
2090   9DDE 02 EB 55 B9 			.db	$02,$EB,$55,$B9
2091   9DE2 55 21 09 3F 			.db	$55,$21,$09,$3F
2092   9DE6 00 82 FE 47 			.db	$00,$82,$FE,$47
2093   9DEA 1D F2 AB 4A 			.db	$1D,$F2,$AB,$4A
2094   9DEE A0 4A 7D 2B 			.db	$A0,$4A,$7D,$2B
2095   9DF2 9A 0A 94 16 			.db	$9A,$0A,$94,$16
2096   9DF6 FE 27 30 B0 			.db	$FE,$27,$30,$B0
2097   9DFA 1F 2B 80 AB 			.db	$1F,$2B,$80,$AB
2098   9DFE BD 92 84 F7 			.db	$BD,$92,$84,$F7
2099   9E02 ED 12 14 A0 			.db	$ED,$12,$14,$A0
2100   9E06 55 55 7F 60 			.db	$55,$55,$7F,$60
2101   9E0A 80 EB 7D 30 			.db	$80,$EB,$7D,$30
2102   9E0E 68 BF 3E 82 			.db	$68,$BF,$3E,$82
2103   9E12 08 5B AB D0 			.db	$08,$5B,$AB,$D0
2104   9E16 22 B5 76 F4 			.db	$22,$B5,$76,$F4
2105   9E1A 87 07 10 F6 			.db	$87,$07,$10,$F6
2106   9E1E E3 83 46 7B 			.db	$E3,$83,$46,$7B
2107   9E22 5D 81 A0 6E 			.db	$5D,$81,$A0,$6E
2108   9E26 9F 56 92 D2 			.db	$9F,$56,$92,$D2
2109   9E2A AA E8 87 07 			.db	$AA,$E8,$87,$07
2110   9E2E 02 87 DF ED 			.db	$02,$87,$DF,$ED
2111   9E32 E8 E1 E0 61 			.db	$E8,$E1,$E0,$61
2112   9E36 61 5B 2A 2E 			.db	$61,$5B,$2A,$2E
2113   9E3A 95 2C AD 54 			.db	$95,$2C,$AD,$54
2114   9E3E F5 F0 E0 E0 			.db	$F5,$F0,$E0,$E0
2115   9E42 E0 F9 F1 70 			.db	$E0,$F9,$F1,$70
2116   9E46 A1 52 40 FB 			.db	$A1,$52,$40,$FB
2117   9E4A 62 AD 64 AF 			.db	$62,$AD,$64,$AF
2118   9E4E 96 42 12 55 			.db	$96,$42,$12,$55
2119   9E52 45 7D A5 AA 			.db	$45,$7D,$A5,$AA
2120   9E56 4A A5 5A 35 			.db	$4A,$A5,$5A,$35
2121   9E5A E0 5F 5A 04 			.db	$E0,$5F,$5A,$04
2122   9E5E 5D 65 85 28 			.db	$5D,$65,$85,$28
2123   9E62 A5 56 2A 45 			.db	$A5,$56,$2A,$45
2124   9E66 F5 75 FB AA 			.db	$F5,$75,$FB,$AA
2125   9E6A 50 00 EE CA 			.db	$50,$00,$EE,$CA
2126   9E6E 4B B4 EA 9D 			.db	$4B,$B4,$EA,$9D
2127   9E72 24 89 AA 32 			.db	$24,$89,$AA,$32
2128   9E76 C8 31 BE C7 			.db	$C8,$31,$BE,$C7
2129   9E7A E3 30 0C E1 			.db	$E3,$30,$0C,$E1
2130   9E7E A9 1E C7 E3 			.db	$A9,$1E,$C7,$E3
2131   9E82 B6 26 10 4A 			.db	$B6,$26,$10,$4A
2132   9E86 D7 EB 28 55 			.db	$D7,$EB,$28,$55
2133   9E8A 4D B7 82 A0 			.db	$4D,$B7,$82,$A0
2134   9E8E 7C FC 7F 28 			.db	$7C,$FC,$7F,$28
2135   9E92 00 8D AE AA 			.db	$00,$8D,$AE,$AA
2136   9E96 AA 55 AF 55 ut_in_beg		.db	$AA,$55,$AF,$55
2137   9E9A 30 9A CE EB 			.db	$30,$9A,$CE,$EB
2138   9E9E 16 00 8E FF 			.db	$16,$00,$8E,$FF
2139   9EA2 7F 2A 08 A1 			.db	$7F,$2A,$08,$A1
2140   9EA6 28 25 D5 BE 			.db	$28,$25,$D5,$BE
2141   9EAA 5E 1D 22 75 			.db	$5E,$1D,$22,$75
2142   9EAE CE D7 07 87 			.db	$CE,$D7,$07,$87
2143   9EB2 E7 FF 83 83 			.db	$E7,$FF,$83,$83
2144   9EB6 E3 71 A0 D0 			.db	$E3,$71,$A0,$D0
2145   9EBA BC FF 38 16 			.db	$BC,$FF,$38,$16
2146   9EBE D2 FB 3F 18 			.db	$D2,$FB,$3F,$18
2147   9EC2 3E 3F 3F 38 			.db	$3E,$3F,$3F,$38
2148   9EC6 3C 1E 07 A3 			.db	$3C,$1E,$07,$A3
2149   9ECA 1C 9F CF 45 			.db	$1C,$9F,$CF,$45
2150   9ECE D4 FF E1 F0 			.db	$D4,$FF,$E1,$F0
2151   9ED2 F8 E1 C3 C1 			.db	$F8,$E1,$C3,$C1
2152   9ED6 E3 E1 E0 C1 			.db	$E3,$E1,$E0,$C1
2153   9EDA E1 E3 A2 E9 			.db	$E1,$E3,$A2,$E9
2154   9EDE 07 87 6F 0F 			.db	$07,$87,$6F,$0F
2155   9EE2 1E 1E 1E 1E 			.db	$1E,$1E,$1E,$1E
2156   9EE6 16 2E 1C 1B 			.db	$16,$2E,$1C,$1B
2157   9EEA 2B 5E C3 E1 			.db	$2B,$5E,$C3,$E1
2158   9EEE 9B 07 8F 07 			.db	$9B,$07,$8F,$07
2159   9EF2 1E 0F 23 1C 			.db	$1E,$0F,$23,$1C
2160   9EF6 8E 0A A7 3F 			.db	$8E,$0A,$A7,$3F
2161   9EFA 1C FE 70 F0 			.db	$1C,$FE,$70,$F0
2162   9EFE F0 E0 E1 A8 			.db	$F0,$E0,$E1,$A8
2163   9F02 61 E1 A0 B8 			.db	$61,$E1,$A0,$B8
2164   9F06 0F 8E 7F 7C 			.db	$0F,$8E,$7F,$7C
2165   9F0A 78 78 F0 78 			.db	$78,$78,$F0,$78
2166   9F0E B8 E0 A4 52 			.db	$B8,$E0,$A4,$52
2167   9F12 E1 1F 1E 7F 			.db	$E1,$1F,$1E,$7F
2168   9F16 78 F0 E0 F1 			.db	$78,$F0,$E0,$F1
2169   9F1A E2 C1 E1 10 			.db	$E2,$C1,$E1,$10
2170   9F1E 8E 1B 70 FC 			.db	$8E,$1B,$70,$FC
2171   9F22 F1 E3 81 3D 			.db	$F1,$E3,$81,$3D
2172   9F26 3C 0C 0C 2D 			.db	$3C,$0C,$0C,$2D
2173   9F2A 9C C5 0F 8F 			.db	$9C,$C5,$0F,$8F
2174   9F2E 7F 7C 38 E1 			.db	$7F,$7C,$38,$E1
2175   9F32 E1 E1 C3 C2 			.db	$E1,$E1,$C3,$C2
2176   9F36 E1 70 C0 F1 			.db	$E1,$70,$C0,$F1
2177   9F3A E7 CF 2D 3C 			.db	$E7,$CF,$2D,$3C
2178   9F3E 3C 78 B0 50 			.db	$3C,$78,$B0,$50
2179   9F42 D0 F2 81 8F 			.db	$D0,$F2,$81,$8F
2180   9F46 8F 0F 3F 38 			.db	$8F,$0F,$3F,$38
2181   9F4A BC A2 47 42 			.db	$BC,$A2,$47,$42
2182   9F4E 0A 03 C6 FF 			.db	$0A,$03,$C6,$FF
2183   9F52 3F 7E 18 50 			.db	$3F,$7E,$18,$50
2184   9F56 F9 78 50 18 			.db	$F9,$78,$50,$18
2185   9F5A 78 83 C3 7F 			.db	$78,$83,$C3,$7F
2186   9F5E BE 79 E0 1C 			.db	$BE,$79,$E0,$1C
2187   9F62 07 17 1C 38 			.db	$07,$17,$1C,$38
2188   9F66 04 38 FF FD 			.db	$04,$38,$FF,$FD
2189   9F6A CF A2 50 A8 			.db	$CF,$A2,$50,$A8
2190   9F6E F2 71 A0 82 			.db	$F2,$71,$A0,$82
2191   9F72 81 20 FF EF 			.db	$81,$20,$FF,$EF
2192   9F76 7F 0E C3 41 			.db	$7F,$0E,$C3,$41
2193   9F7A 93 7C 38 40 			.db	$93,$7C,$38,$40
2194   9F7E 80 E1 EF FF 			.db	$80,$E1,$EF,$FF
2195   9F82 77 05 06 5A 			.db	$77,$05,$06,$5A
2196   9F86 B4 86 F0 30 			.db	$B4,$86,$F0,$30
2197   9F8A C0 E1 F9 CF 			.db	$C0,$E1,$F9,$CF
2198   9F8E 7F 16 0E 83 			.db	$7F,$16,$0E,$83
2199   9F92 36 4E E1 83 			.db	$36,$4E,$E1,$83
2200   9F96 00 01 E7 FF 			.db	$00,$01,$E7,$FF
2201   9F9A FF F9 38 10 			.db	$FF,$F9,$38,$10
2202   9F9E 54 54 87 7C 			.db	$54,$54,$87,$7C
2203   9FA2 18 E0 70 B8 			.db	$18,$E0,$70,$B8
2204   9FA6 CF CF 3F 0F 			.db	$CF,$CF,$3F,$0F
2205   9FAA 83 82 E3 07 			.db	$83,$82,$E3,$07
2206   9FAE 01 06 8D EE 			.db	$01,$06,$8D,$EE
2207   9FB2 60 FC EF FF 			.db	$60,$FC,$EF,$FF
2208   9FB6 AB 02 02 0F 			.db	$AB,$02,$02,$0F
2209   9FBA 38 1C 2E 7A 			.db	$38,$1C,$2E,$7A
2210   9FBE 70 69 07 F1 			.db	$70,$69,$07,$F1
2211   9FC2 7F FF 5F 08 			.db	$7F,$FF,$5F,$08
2212   9FC6 00 70 F1 F1 			.db	$00,$70,$F1,$F1
2213   9FCA 32 61 C1 D3 			.db	$32,$61,$C1,$D3
2214   9FCE 33 84 3F EF 			.db	$33,$84,$3F,$EF
2215   9FD2 7D D0 82 05 			.db	$7D,$D0,$82,$05
2216   9FD6 79 38 F5 F0 			.db	$79,$38,$F5,$F0
2217   9FDA 30 F8 B0 60 			.db	$30,$F8,$B0,$60
2218   9FDE 00 BE FF FF 			.db	$00,$BE,$FF,$FF
2219   9FE2 86 03 83 52 			.db	$86,$03,$83,$52
2220   9FE6 27 8F 47 10 			.db	$27,$8F,$47,$10
2221   9FEA 08 71 7B 0B 			.db	$08,$71,$7B,$0B
2222   9FEE D3 FF F3 FF 			.db	$D3,$FF,$F3,$FF
2223   9FF2 21 15 00 44 			.db	$21,$15,$00,$44
2224   9FF6 14 97 5B BD 			.db	$14,$97,$5B,$BD
2225   9FFA A2 AA 7A 07 			.db	$A2,$AA,$7A,$07
2226   9FFE E3 DF EF 8F 			.db	$E3,$DF,$EF,$8F
2227   A002 20 00 54 7C 			.db	$20,$00,$54,$7C
2228   A006 36 55 69 15 			.db	$36,$55,$69,$15
2229   A00A 1F 27 E1 01 			.db	$1F,$27,$E1,$01
2230   A00E 00 C7 F7 FF 			.db	$00,$C7,$F7,$FF
2231   A012 E7 20 A0 7C 			.db	$E7,$20,$A0,$7C
2232   A016 68 98 00 A7 			.db	$68,$98,$00,$A7
2233   A01A 1F 20 DF FD 			.db	$1F,$20,$DF,$FD
2234   A01E FF F5 20 00 			.db	$FF,$F5,$20,$00
2235   A022 1C 54 6A F4 			.db	$1C,$54,$6A,$F4
2236   A026 72 DB 0B A0 			.db	$72,$DB,$0B,$A0
2237   A02A AF F8 FF E0 			.db	$AF,$F8,$FF,$E0
2238   A02E 81 40 2F 88 			.db	$81,$40,$2F,$88
2239   A032 55 F4 E3 63 			.db	$55,$F4,$E3,$63
2240   A036 17 02 00 DF 			.db	$17,$02,$00,$DF
2241   A03A FF FF A4 01 			.db	$FF,$FF,$A4,$01
2242   A03E 1C 1E D0 A0 			.db	$1C,$1E,$D0,$A0
2243   A042 70 5B 77 57 			.db	$70,$5B,$77,$57
2244   A046 2B E5 81 C3 			.db	$2B,$E5,$81,$C3
2245   A04A 63 FE 8F F2 			.db	$63,$FE,$8F,$F2
2246   A04E 20 98 02 AE 			.db	$20,$98,$02,$AE
2247   A052 1E F6 F3 A0 			.db	$1E,$F6,$F3,$A0
2248   A056 14 C0 75 BD ut_in_end		.db	$14,$C0,$75,$BD
2249   A05A 13 88 DF F7 			.db	$13,$88,$DF,$F7
2250   A05E 7F 03 21 00 			.db	$7F,$03,$21,$00
2251   A062 B0 12 DF AF 			.db	$B0,$12,$DF,$AF
2252   A066 7A BA D0 C1 			.db	$7A,$BA,$D0,$C1
2253   A06A 3F 0E 8A 40 			.db	$3F,$0E,$8A,$40
2254   A06E 01 CE DF FF 			.db	$01,$CE,$DF,$FF
2255   A072 7E B0 C0 00 			.db	$7E,$B0,$C0,$00
2256   A076 1F 1C ED A0 			.db	$1F,$1C,$ED,$A0
2257   A07A 5A 87 D7 56 			.db	$5A,$87,$D7,$56
2258   A07E AE 6A 4A 0E 			.db	$AE,$6A,$4A,$0E
2259   A082 FF 0D 00 8E 			.db	$FF,$0D,$00,$8E
2260   A086 F1 7F 36 4B 			.db	$F1,$7F,$36,$4B
2261   A08A 80 2A 4D EF 			.db	$80,$2A,$4D,$EF
2262   A08E 54 F8 53 90 			.db	$54,$F8,$53,$90
2263   A092 08 D0 56 FF 			.db	$08,$D0,$56,$FF
2264   A096 ED E8 AA D5 			.db	$ED,$E8,$AA,$D5
2265   A09A 01 C0 F3 FC 			.db	$01,$C0,$F3,$FC
2266   A09E 1F 18 01 50 			.db	$1F,$18,$01,$50
2267   A0A2 0F AD DB 72 			.db	$0F,$AD,$DB,$72
2268   A0A6 5F D5 82 14 			.db	$5F,$D5,$82,$14
2269   A0AA 16 F5 F6 33 			.db	$16,$F5,$F6,$33
2270   A0AE 18 02 D1 B5 			.db	$18,$02,$D1,$B5
2271   A0B2 BE 80 F2 BF 			.db	$BE,$80,$F2,$BF
2272   A0B6 FF 03 45 08 			.db	$FF,$03,$45,$08
2273   A0BA 52 95 4A 3F 			.db	$52,$95,$4A,$3F
2274   A0BE 0E CF 60 75 			.db	$0E,$CF,$60,$75
2275   A0C2 8D D7 A9 75 			.db	$8D,$D7,$A9,$75
2276   A0C6 89 D2 80 95 			.db	$89,$D2,$80,$95
2277   A0CA 27 7B 57 21 			.db	$27,$7B,$57,$21
2278   A0CE 40 FD 6F 9E 			.db	$40,$FD,$6F,$9E
2279   A0D2 02 48 2E D5 			.db	$02,$48,$2E,$D5
2280   A0D6 A7 A5 7A A8 			.db	$A7,$A5,$7A,$A8
2281   A0DA 52 D1 A5 0B 			.db	$52,$D1,$A5,$0B
2282   A0DE 1F E2 74 55 			.db	$1F,$E2,$74,$55
2283   A0E2 9F 7A 18 18 			.db	$9F,$7A,$18,$18
2284   A0E6 45 D1 EB AD 			.db	$45,$D1,$EB,$AD
2285   A0EA 17 F0 F5 EA 			.db	$17,$F0,$F5,$EA
2286   A0EE 2B 08 45 A2 			.db	$2B,$08,$45,$A2
2287   A0F2 58 A9 56 BB 			.db	$58,$A9,$56,$BB
2288   A0F6 BC 04 F7 BB 			.db	$BC,$04,$F7,$BB
2289   A0FA 58 03 62 69 			.db	$58,$03,$62,$69
2290   A0FE D5 AF AA 54 			.db	$D5,$AF,$AA,$54
2291   A102 A4 AA 03 5F 			.db	$A4,$AA,$03,$5F
2292   A106 D7 7A 13 11 			.db	$D7,$7A,$13,$11
2293   A10A 40 B6       			.db	$40,$B6
2294   A10C AF          ut_again_end		.db	$AF
2295   A10D             ut_0c_beg	
2296   A10D AA          ut_ca_beg		.db	$AA
2297   A10E C7 F3 F0 38 			.db	$C7,$F3,$F0,$38
2298   A112 8E D2 92 C7 			.db	$8E,$D2,$92,$C7
2299   A116 A3 3C 8E C6 			.db	$A3,$3C,$8E,$C6
2300   A11A F1 B8 2C 4D 			.db	$F1,$B8,$2C,$4D
2301   A11E AB D5 28 54 			.db	$AB,$D5,$28,$54
2302   A122 A9 D5 67 59 			.db	$A9,$D5,$67,$59
2303   A126 28 8E C7 E3 			.db	$28,$8E,$C7,$E3
2304   A12A F0 38 1C 8F 			.db	$F0,$38,$1C,$8F
2305   A12E E3 68 3C 1C 			.db	$E3,$68,$3C,$1C
2306   A132 4B 35 8F 87 			.db	$4B,$35,$8F,$87
2307   A136 E3 38 1E 35 			.db	$E3,$38,$1E,$35
2308   A13A AC E1 F4 34 			.db	$AC,$E1,$F4,$34
2309   A13E 8E C3 C3 F1 			.db	$8E,$C3,$C3,$F1
2310   A142 38 1E C7 E1 			.db	$38,$1E,$C7,$E1
2311   A146 78 1C C5 E3 			.db	$78,$1C,$C5,$E3
2312   A14A 71 38 9E E3 			.db	$71,$38,$9E,$E3
2313   A14E 70 28 D1 E5 			.db	$70,$28,$D1,$E5
2314   A152 B3 96 16 E3 			.db	$B3,$96,$16,$E3
2315   A156 F1 38 1C A6 			.db	$F1,$38,$1C,$A6
2316   A15A E3 79 9C 87 			.db	$E3,$79,$9C,$87
2317   A15E E3 70 2C 87 			.db	$E3,$70,$2C,$87
2318   A162 63 31 8D 87 			.db	$63,$31,$8D,$87
2319   A166 A2 C0 F0 FF 			.db	$A2,$C0,$F0,$FF
2320   A16A CF C1 A0 F2 			.db	$CF,$C1,$A0,$F2
2321   A16E 55 41 A5 D1 			.db	$55,$41,$A5,$D1
2322   A172 A8 92 E4 E9 			.db	$A8,$92,$E4,$E9
2323   A176             ut_ca_end
2324   A176 AA DE E3 68 ut_an_beg		.db	$AA,$DE,$E3,$68
2325   A17A 80 E3 FF 0F 			.db	$80,$E3,$FF,$0F
2326   A17E 07 47 55 08 			.db	$07,$47,$55,$08
2327   A182 14 97 A4 72 			.db	$14,$97,$A4,$72
2328   A186 39 2C 0D 8F 			.db	$39,$2C,$0D,$8F
2329   A18A 4F AF FD 7F 			.db	$4F,$AF,$FD,$7F
2330   A18E 80 E1 FF 07 			.db	$80,$E1,$FF,$07
2331   A192 0F 3E 1C 30 			.db	$0F,$3E,$1C,$30
2332   A196 7C 20 F0 7A 			.db	$7C,$20,$F0,$7A
2333   A19A 51 B1 AB 0A 			.db	$51,$B1,$AB,$0A
2334   A19E 49 76 7D 7C 			.db	$49,$76,$7D,$7C
2335   A1A2 1C 3C FE F1 			.db	$1C,$3C,$FE,$F1
2336   A1A6 F0 E1 83 83 			.db	$F0,$E1,$83,$83
2337   A1AA 87 07 82 47 			.db	$87,$07,$82,$47
2338   A1AE 8B C2 E7 85 			.db	$8B,$C2,$E7,$85
2339   A1B2 14 8F CF F7 			.db	$14,$8F,$CF,$F7
2340   A1B6 83 E3 0F 1E 			.db	$83,$E3,$0F,$1E
2341   A1BA 7E F8 70 F0 			.db	$7E,$F8,$70,$F0
2342   A1BE F0 E0 F0 68 			.db	$F0,$E0,$F0,$68
2343   A1C2 D1 E2 D5 8A 			.db	$D1,$E2,$D5,$8A
2344   A1C6 AA F9 3D 3C 			.db	$AA,$F9,$3D,$3C
2345   A1CA FE E0 F1 C3 			.db	$FE,$E0,$F1,$C3
2346   A1CE 87 87 87 01 			.db	$87,$87,$87,$01
2347   A1D2 87 C7 43 87 			.db	$87,$C7,$43,$87
2348   A1D6 0F 97 DF 83 			.db	$0F,$97,$DF,$83
2349   A1DA C3 0F 1E 1E 			.db	$C3,$0F,$1E,$1E
2350   A1DE 7C 70 F8 70 			.db	$7C,$70,$F8,$70
2351   A1E2 E0 F0 78 70 			.db	$E0,$F0,$78,$70
2352   A1E6 71 EA FD E0 			.db	$71,$EA,$FD,$E0
2353   A1EA E0 87 87 0F 			.db	$E0,$87,$87,$0F
2354   A1EE 1F 1E 0E 0E 			.db	$1F,$1E,$0E,$0E
2355   A1F2 3C 3C 1E 3E 			.db	$3C,$3C,$1E,$3E
2356   A1F6 BE C1 C1 0F 			.db	$BE,$C1,$C1,$0F
2357   A1FA 0F 6F 3E 38 			.db	$0F,$6F,$3E,$38
2358   A1FE 3C 3C 38 38 			.db	$3C,$3C,$38,$38
2359   A202 F8 E3 08 1E 			.db	$F8,$E3,$08,$1E
2360   A206 FE F0 F0 F5 			.db	$FE,$F0,$F0,$F5
2361   A20A C3 C3 C3 83 			.db	$C3,$C3,$C3,$83
2362   A20E 83 87 0F 07 			.db	$83,$87,$0F,$07
2363   A212 0F 7F 7C F8 			.db	$0F,$7F,$7C,$F8
2364   A216 F1 F1 F0 E0 			.db	$F1,$F1,$F0,$E0
2365   A21A C3 C3 C3 07 			.db	$C3,$C3,$C3,$07
2366   A21E 78 FE F3 E3 			.db	$78,$FE,$F3,$E3
2367   A222 E7 07 8F 0F 			.db	$E7,$07,$8F,$0F
2368   A226 0F 1F AF 00 			.db	$0F,$1F,$AF,$00
2369   A22A 8E 9F 79 F8 			.db	$8E,$9F,$79,$F8
2370   A22E FC E0 E1 E3 			.db	$FC,$E0,$E1,$E3
2371   A232 C3 C3 07 3C 			.db	$C3,$C3,$07,$3C
2372   A236 FE F3 F1 EB 			.db	$FE,$F3,$F1,$EB
2373   A23A 87 C7 C7 F7 			.db	$87,$C7,$C7,$F7
2374   A23E 38 00 8E FF 			.db	$38,$00,$8E,$FF
2375   A242 FC FC E7 E1 			.db	$FC,$FC,$E7,$E1
2376   A246 F7 8F C7 05 			.db	$F7,$8F,$C7,$05
2377   A24A E0 F8 C7 87 			.db	$E0,$F8,$C7,$87
2378   A24E 1F 0F 3E 7C 			.db	$1F,$0F,$3E,$7C
2379   A252 7C 68 C0 E1 			.db	$7C,$68,$C0,$E1
2380   A256 9F 1F 7F 3D 			.db	$9F,$1F,$7F,$3D
2381   A25A 9C FF 7C D0 			.db	$9C,$FF,$7C,$D0
2382   A25E 83 87 3F 1E 			.db	$83,$87,$3F,$1E
2383   A262 FE 7C 78 FC 			.db	$FE,$7C,$78,$FC
2384   A266 FB 71 00 83 			.db	$FB,$71,$00,$83
2385   A26A 3F 3E DF 13 			.db	$3F,$3E,$DF,$13
2386   A26E 38 3C EF 71 			.db	$38,$3C,$EF,$71
2387   A272 00 C2 3F 7E 			.db	$00,$C2,$3F,$7E
2388   A276 FC 31 E8 FD 			.db	$FC,$31,$E8,$FD
2389   A27A 7C 40 80 C3 			.db	$7C,$40,$80,$C3
2390   A27E 9F 9F FF 5B 			.db	$9F,$9F,$FF,$5B
2391   A282 1E EF 5F 05 			.db	$1E,$EF,$5F,$05
2392   A286 00 0E 7F F8 			.db	$00,$0E,$7F,$F8
2393   A28A F8 E3 C1 F5 			.db	$F8,$E3,$C1,$F5
2394   A28E C7 07 01 0C 			.db	$C7,$07,$01,$0C
2395   A292 FF F8 E0 87 			.db	$FF,$F8,$E0,$87
2396   A296 43 8D 3F 1F 			.db	$43,$8D,$3F,$1F
2397   A29A 00 38 FC F1 			.db	$00,$38,$FC,$F1
2398   A29E 3F 1E 0C F1 			.db	$3F,$1E,$0C,$F1
2399   A2A2 F8 F8 03 80 			.db	$F8,$F8,$03,$80
2400   A2A6 C3 1F 9F FF 			.db	$C3,$1F,$9F,$FF
2401   A2AA 38 C0 C1 C7 			.db	$38,$C0,$C1,$C7
2402   A2AE 07 03 40 FA 			.db	$07,$03,$40,$FA
2403   A2B2 E3 CF 3F 0E 			.db	$E3,$CF,$3F,$0E
2404   A2B6 F0 F0 C0 87 			.db	$F0,$F0,$C0,$87
2405   A2BA 03 10 FE E7 			.db	$03,$10,$FE,$E7
2406   A2BE DF 3B 14 F8 			.db	$DF,$3B,$14,$F8
2407   A2C2 A1 0E 3F 0A 			.db	$A1,$0E,$3F,$0A
2408   A2C6 C0 F8 FF CF 			.db	$C0,$F8,$FF,$CF
2409   A2CA 72 3A 07 97 			.db	$72,$3A,$07,$97
2410   A2CE 3F 58 5E 01 			.db	$3F,$58,$5E,$01
2411   A2D2 80 CF 4F 3F 			.db	$80,$CF,$4F,$3F
2412   A2D6 7C FC E0 70 			.db	$7C,$FC,$E0,$70
2413   A2DA 0C E9 FF 07 			.db	$0C,$E9,$FF,$07
2414   A2DE 00 A0 1F FF 			.db	$00,$A0,$1F,$FF
2415   A2E2 F8 79 08 6A 			.db	$F8,$79,$08,$6A
2416   A2E6 F5 07 AB 0E 			.db	$F5,$07,$AB,$0E
2417   A2EA 00 40 F3 FF 			.db	$00,$40,$F3,$FF
2418   A2EE 7F FC E9 87 			.db	$7F,$FC,$E9,$87
2419   A2F2 11 3C 8C F1 			.db	$11,$3C,$8C,$F1
2420   A2F6 75 1C 00 40 			.db	$75,$1C,$00,$40
2421   A2FA FB FE 7F F5 			.db	$FB,$FE,$7F,$F5
2422   A2FE E1 40 03 83 			.db	$E1,$40,$03,$83
2423   A302 42 AF BF 1F 			.db	$42,$AF,$BF,$1F
2424   A306 00 80 F0 FF 			.db	$00,$80,$F0,$FF
2425   A30A 9F BF 14 0C 			.db	$9F,$BF,$14,$0C
2426   A30E 28 3D 30 F1 			.db	$28,$3D,$30,$F1
2427   A312 C3 38 1C 00 			.db	$C3,$38,$1C,$00
2428   A316 C0 EC FF FF 			.db	$C0,$EC,$FF,$FF
2429   A31A 8F 05 14 00 			.db	$8F,$05,$14,$00
2430   A31E E0 F8 B5 C3 			.db	$E0,$F8,$B5,$C3
2431   A322 A7 0E 1E 00 			.db	$A7,$0E,$1E,$00
2432   A326 80 E7 FF FC 			.db	$80,$E7,$FF,$FC
2433   A32A DF C0 80 00 			.db	$DF,$C0,$80,$00
2434   A32E 86 7F BC C4 			.db	$86,$7F,$BC,$C4
2435   A332 43 45 31 00 			.db	$43,$45,$31,$00
2436   A336 00 FB FD FF 			.db	$00,$FB,$FD,$FF
2437   A33A FF 43 00 08 			.db	$FF,$43,$00,$08
2438   A33E 88 A2 E9 BE 			.db	$88,$A2,$E9,$BE
2439   A342 DE 78 50 44 			.db	$DE,$78,$50,$44
2440   A346 FD 00 00 9C 			.db	$FD,$00,$00,$9C
2441   A34A FE FF EB 43 			.db	$FE,$FF,$EB,$43
2442   A34E 81 28 00 81 			.db	$81,$28,$00,$81
2443   A352 F7 B7 2C 1E 			.db	$F7,$B7,$2C,$1E
2444   A356 AA          ut_an_end		.db	$AA
2445   A357             
2446   A357 AA AA AA    ut_m_beg		.db	$AA,$AA,$AA
2447   A35A AA AA AA AA 			.db	$AA,$AA,$AA,$AA
2448   A35E AA AA AA AA 			.db	$AA,$AA,$AA,$AA
2449   A362 AA AA AA AA 			.db	$AA,$AA,$AA,$AA
2450   A366 AA AA AA AA 			.db	$AA,$AA,$AA,$AA
2451   A36A AA AA AA AA 			.db	$AA,$AA,$AA,$AA
2452   A36E AA AA AA AA 			.db	$AA,$AA,$AA,$AA
2453   A372 AA AA AA AA 			.db	$AA,$AA,$AA,$AA
2454   A376 AA AA AA AA 			.db	$AA,$AA,$AA,$AA
2455   A37A AA AA AA AA 			.db	$AA,$AA,$AA,$AA
2456   A37E AA AA AA AA 			.db	$AA,$AA,$AA,$AA
2457   A382 AA AA AA AA 			.db	$AA,$AA,$AA,$AA
2458   A386 AA AA AA AA 			.db	$AA,$AA,$AA,$AA
2459   A38A AA AA AA AA 			.db	$AA,$AA,$AA,$AA
2460   A38E AA AA AA AA 			.db	$AA,$AA,$AA,$AA
2461   A392 AA AA AA AA 			.db	$AA,$AA,$AA,$AA
2462   A396 AA AA AA AA 			.db	$AA,$AA,$AA,$AA
2463   A39A AA AA AA AA 			.db	$AA,$AA,$AA,$AA
2464   A39E AA AA AA AA 			.db	$AA,$AA,$AA,$AA
2465   A3A2 AA AA AA AA 			.db	$AA,$AA,$AA,$AA
2466   A3A6 AA AA AA AA 			.db	$AA,$AA,$AA,$AA
2467   A3AA AA AA AA AA 			.db	$AA,$AA,$AA,$AA
2468   A3AE AA AA AA AA 			.db	$AA,$AA,$AA,$AA
2469   A3B2 AA AA AA AA 			.db	$AA,$AA,$AA,$AA
2470   A3B6 AA AA AA AA 			.db	$AA,$AA,$AA,$AA
2471   A3BA AA AA AA AA 			.db	$AA,$AA,$AA,$AA
2472   A3BE AA AA AA AA 			.db	$AA,$AA,$AA,$AA
2473   A3C2 AA AA AA AA 			.db	$AA,$AA,$AA,$AA
2474   A3C6 AA AA AA AA 			.db	$AA,$AA,$AA,$AA
2475   A3CA AA AA AA AA 			.db	$AA,$AA,$AA,$AA
2476   A3CE AA AA AA AA 			.db	$AA,$AA,$AA,$AA
2477   A3D2 AA AA AA AA 			.db	$AA,$AA,$AA,$AA
2478   A3D6 AA AA AA AA 			.db	$AA,$AA,$AA,$AA
2479   A3DA AA AA AA AA 			.db	$AA,$AA,$AA,$AA
2480   A3DE AA AA AA AA 			.db	$AA,$AA,$AA,$AA
2481   A3E2 AA AA AA AA 			.db	$AA,$AA,$AA,$AA
2482   A3E6 AA AA AA AA 			.db	$AA,$AA,$AA,$AA
2483   A3EA AA AA AA AA 			.db	$AA,$AA,$AA,$AA
2484   A3EE AA AA AA AA 			.db	$AA,$AA,$AA,$AA
2485   A3F2 AA AA AA AA 			.db	$AA,$AA,$AA,$AA
2486   A3F6 AA AA AA AA 			.db	$AA,$AA,$AA,$AA
2487   A3FA AA AA AA AA 			.db	$AA,$AA,$AA,$AA
2488   A3FE AA AA AA AA 			.db	$AA,$AA,$AA,$AA
2489   A402 AA AA AA AA 			.db	$AA,$AA,$AA,$AA
2490   A406 AA AA AA AA 			.db	$AA,$AA,$AA,$AA
2491   A40A AA AA AA AA 			.db	$AA,$AA,$AA,$AA
2492   A40E AA AA AA AA 			.db	$AA,$AA,$AA,$AA
2493   A412 AA AA DB 5A 			.db	$AA,$AA,$DB,$5A
2494   A416 AB 2A 89 52 			.db	$AB,$2A,$89,$52
2495   A41A A9 AA AA D6 			.db	$A9,$AA,$AA,$D6
2496   A41E D6 AA 0A 49 			.db	$D6,$AA,$0A,$49
2497   A422 FF FF 77 19 			.db	$FF,$FF,$77,$19
2498   A426 0A 00 41 54 			.db	$0A,$00,$41,$54
2499   A42A AD F5 DD B6 			.db	$AD,$F5,$DD,$B6
2500   A42E AB 6A 55 55 			.db	$AB,$6A,$55,$55
2501   A432 45 2A 25 55 			.db	$45,$2A,$25,$55
2502   A436 55 55 48 FE 			.db	$55,$55,$48,$FE
2503   A43A FF FF 73 11 			.db	$FF,$FF,$73,$11
2504   A43E 00 08 A0 AA 			.db	$00,$08,$A0,$AA
2505   A442 EA ED BA AD 			.db	$EA,$ED,$BA,$AD
2506   A446 AA AB 6A AD 			.db	$AA,$AB,$6A,$AD
2507   A44A AA 12 15 49 			.db	$AA,$12,$15,$49
2508   A44E 29 92 CA FF 			.db	$29,$92,$CA,$FF
2509   A452 FF FF 0E 03 			.db	$FF,$FF,$0E,$03
2510   A456 00 20 A8 AA 			.db	$00,$20,$A8,$AA
2511   A45A ED 5E D7 55 			.db	$ED,$5E,$D7,$55
2512   A45E B5 2A AD A4 			.db	$B5,$2A,$AD,$A4
2513   A462 4A 45 55 54 			.db	$4A,$45,$55,$54
2514   A466 4A FC       			.db	$4A,$FC
2515   A468 AA          ut_m_end		.db	$AA
2516   A469             
2517   A469             ut_beat_beg
2518   A469             ut_be_beg
2519   A469 AA          			.db	$AA
2520   A46A 95 48       			.db	$95,$48
2521   A46C D5 DF       			.db	$D5,$DF
2522   A46E DD 6D AB 0A 			.db	$DD,$6D,$AB,$0A
2523   A472 84 10 22 49 			.db	$84,$10,$22,$49
2524   A476 A9 D6 DD 7B 			.db	$A9,$D6,$DD,$7B
2525   A47A BB B5 2A 11 			.db	$BB,$B5,$2A,$11
2526   A47E 92 24 55 B5 			.db	$92,$24,$55,$B5
2527   A482 D6 2A 55 FD 			.db	$D6,$2A,$55,$FD
2528   A486 DE BD 6D 55 			.db	$DE,$BD,$6D,$55
2529   A48A 09 44 10 22 			.db	$09,$44,$10,$22
2530   A48E 52 AA B6 77 			.db	$52,$AA,$B6,$77
2531   A492 DF DD 5A 95 			.db	$DF,$DD,$5A,$95
2532   A496 42 24 92 52 			.db	$42,$24,$92,$52
2533   A49A 55 B5 56 D5 			.db	$55,$B5,$56,$D5
2534   A49E 7B DF 5D 5B 			.db	$7B,$DF,$5D,$5B
2535   A4A2 55 82 08 22 			.db	$55,$82,$08,$22
2536   A4A6 12 29 55 DD 			.db	$12,$29,$55,$DD
2537   A4AA BE 77 B7 56 			.db	$BE,$77,$B7,$56
2538   A4AE 09 11 91 54 			.db	$09,$11,$91,$54
2539   A4B2 AA D5 5A 55 			.db	$AA,$D5,$5A,$55
2540   A4B6 DD FB 76 6B 			.db	$DD,$FB,$76,$6B
2541   A4BA 55 21 82 10 			.db	$55,$21,$82,$10
2542   A4BE 91 94 AA DA 			.db	$91,$94,$AA,$DA
2543   A4C2 DD 77 77 5B 			.db	$DD,$77,$77,$5B
2544   A4C6 55 08 11 49 			.db	$55,$08,$11,$49
2545   A4CA A9 AA AA F6 			.db	$A9,$AA,$AA,$F6
2546   A4CE 7D DF BD 56 			.db	$7D,$DF,$BD,$56
2547   A4D2 55 20 04 11 			.db	$55,$20,$04,$11
2548   A4D6 92 4A B5 ED 			.db	$92,$4A,$B5,$ED
2549   A4DA F7 DE D6 2A 			.db	$F7,$DE,$D6,$2A
2550   A4DE 11 11 49 49 			.db	$11,$11,$49,$49
2551   A4E2 A4 48 FD FE 			.db	$A4,$48,$FD,$FE
2552   A4E6 7E F7 56 55 			.db	$7E,$F7,$56,$55
2553   A4EA 20 08 44 54 			.db	$20,$08,$44,$54
2554   A4EE 6A F5 F5 95 			.db	$6A,$F5,$F5,$95
2555   A4F2 5F FD 11 10 			.db	$5F,$FD,$11,$10
2556   A4F6 20 F0 F8 FF 			.db	$20,$F0,$F8,$FF
2557   A4FA 3F 00 82 E0 			.db	$3F,$00,$82,$E0
2558   A4FE F9 FD 98 90 			.db	$F9,$FD,$98,$90
2559   A502 E2 1D 1C 1C 			.db	$E2,$1D,$1C,$1C
2560   A506 BF FF 3F 1C 			.db	$BF,$FF,$3F,$1C
2561   A50A 0C 00 85 0F 			.db	$0C,$00,$85,$0F
2562   A50E 0F 86 C3 C1 			.db	$0F,$86,$C3,$C1
2563   A512 F1 FF E7 E3 			.db	$F1,$FF,$E7,$E3
2564   A516 01 00 E8 F9 			.db	$01,$00,$E8,$F9
2565   A51A F9 38 60 E0 			.db	$F9,$38,$60,$E0
2566   A51E F8 FF FB 79 			.db	$F8,$FF,$FB,$79
2567   A522 00 00 30 7F 			.db	$00,$00,$30,$7F
2568   A526 3F 30 18 3E 			.db	$3F,$30,$18,$3E
2569   A52A FF 7F 1F 0C 			.db	$FF,$7F,$1F,$0C
2570   A52E 00 80 EF 30 			.db	$00,$80,$EF,$30
2571   A532 10 62 FC FF 			.db	$10,$62,$FC,$FF
2572   A536 7F 0E 80 C4 			.db	$7F,$0E,$80,$C4
2573   A53A 0B 07 43 CE 			.db	$0B,$07,$43,$CE
2574   A53E FF FF C1 00 			.db	$FF,$FF,$C1,$00
2575   A542 B8 3D 1C 00 			.db	$B8,$3D,$1C,$00
2576   A546 18 FF FF 8F 			.db	$18,$FF,$FF,$8F
2577   A54A 03 60 18 0C 			.db	$03,$60,$18,$0C
2578   A54E 84 DC FF FF 			.db	$84,$DC,$FF,$FF
2579   A552 97 61 78 87 			.db	$97,$61,$78,$87
2580   A556 01 90 F9 FF 			.db	$01,$90,$F9,$FF
2581   A55A FF 33 84 07 			.db	$FF,$33,$84,$07
2582   A55E 0C 84 8D FF 			.db	$0C,$84,$8D,$FF
2583   A562 FF 3B 31 3C 			.db	$FF,$3B,$31,$3C
2584   A566 30 10 32 FF 			.db	$30,$10,$32,$FF
2585   A56A FF E7 C1 60 			.db	$FF,$E7,$C1,$60
2586   A56E 30 20 34 FE 			.db	$30,$20,$34,$FE
2587   A572 FF FF C1 39 			.db	$FF,$FF,$C1,$39
2588   A576 30 00 78 FE 			.db	$30,$00,$78,$FE
2589   A57A FF 7F F1 38 			.db	$FF,$7F,$F1,$38
2590   A57E 18          			.db	$18
2591   A57F 08 0C FF    ut_be_end		.db	$08,$0C,$FF
2592   A582 FF 7F 6F 0F 			.db	$FF,$7F,$6F,$0F
2593   A586 06 80 80 EF 			.db	$06,$80,$80,$EF
2594   A58A FF FF FF 83 			.db	$FF,$FF,$FF,$83
2595   A58E 01 60 F8 FF 			.db	$01,$60,$F8,$FF
2596   A592 FF 47 C0 60 			.db	$FF,$47,$C0,$60
2597   A596 20 38 FE FF 			.db	$20,$38,$FE,$FF
2598   A59A FF F9 79 18 			.db	$FF,$F9,$79,$18
2599   A59E 00 00 F1 FF 			.db	$00,$00,$F1,$FF
2600   A5A2 7F 3E 0E 04 			.db	$7F,$3E,$0E,$04
2601   A5A6 C0 E0 F1 F9 			.db	$C0,$E0,$F1,$F9
2602   A5AA 3E 9F 0F 03 			.db	$3E,$9F,$0F,$03
2603   A5AE 40 70 FE FF 			.db	$40,$70,$FE,$FF
2604   A5B2 0F 87 03 03 			.db	$0F,$87,$03,$03
2605   A5B6 40 60 FC FE 			.db	$40,$60,$FC,$FE
2606   A5BA DF C3 10 00 			.db	$DF,$C3,$10,$00
2607   A5BE 00 C1 F3 FF 			.db	$00,$C1,$F3,$FF
2608   A5C2 7F 0F 03 40 			.db	$7F,$0F,$03,$40
2609   A5C6 00 0C 9E DF 			.db	$00,$0C,$9E,$DF
2610   A5CA FF F3 19 04 			.db	$FF,$F3,$19,$04
2611   A5CE 00 00 C3 F3 			.db	$00,$00,$C3,$F3
2612   A5D2 FF 7E 1E 07 			.db	$FF,$7E,$1E,$07
2613   A5D6 81 20 10 02 			.db	$81,$20,$10,$02
2614   A5DA E7 FB FB 3D 			.db	$E7,$FB,$FB,$3D
2615   A5DE 0C 06 03 07 			.db	$0C,$06,$03,$07
2616   A5E2 E1 F0 FC BE 			.db	$E1,$F0,$FC,$BE
2617   A5E6 0E C5 58 1C 			.db	$0E,$C5,$58,$1C
2618   A5EA C5 31 19 23 			.db	$C5,$31,$19,$23
2619   A5EE 60 F4 FE EF 			.db	$60,$F4,$FE,$EF
2620   A5F2 E0 78 38 1C 			.db	$E0,$78,$38,$1C
2621   A5F6 42 00 24 47 			.db	$42,$00,$24,$47
2622   A5FA 7F FF 7F 0F 			.db	$7F,$FF,$7F,$0F
2623   A5FE 02 80 B0 B9 			.db	$02,$80,$B0,$B9
2624   A602 9F 1F 03 03 			.db	$9F,$1F,$03,$03
2625   A606 42 E6 FF CF 			.db	$42,$E6,$FF,$CF
2626   A60A E7 E1 20 10 			.db	$E7,$E1,$20,$10
2627   A60E 0C C7 C3 F1 			.db	$0C,$C7,$C3,$F1
2628   A612 F9 B9 1B 02 			.db	$F9,$B9,$1B,$02
2629   A616 82 E1 7C FC 			.db	$82,$E1,$7C,$FC
2630   A61A DE 8F 81 81 			.db	$DE,$8F,$81,$81
2631   A61E 21 78 1C 3F 			.db	$21,$78,$1C,$3F
2632   A622 BF CF 61 20 			.db	$BF,$CF,$61,$20
2633   A626 30 3C 0E 5F 			.db	$30,$3C,$0E,$5F
2634   A62A EF E7 E3 40 			.db	$EF,$E7,$E3,$40
2635   A62E 20 8C CD F9 			.db	$20,$8C,$CD,$F9
2636   A632 7C 1E 0D 81 			.db	$7C,$1E,$0D,$81
2637   A636 61 70 5E EF 			.db	$61,$70,$5E,$EF
2638   A63A C7 E7 38 18 			.db	$C7,$E7,$38,$18
2639   A63E 0C 0C C3 79 			.db	$0C,$0C,$C3,$79
2640   A642 FD F9 3D 06 			.db	$FD,$F9,$3D,$06
2641   A646 43 C0 E0 38 			.db	$43,$C0,$E0,$38
2642   A64A 5F DF F3 71 			.db	$5F,$DF,$F3,$71
2643   A64E 34 04 81 C1 			.db	$34,$04,$81,$C1
2644   A652 F1 7A 1E 2F 			.db	$F1,$7A,$1E,$2F
2645   A656 4F 87 43 30 			.db	$4F,$87,$43,$30
2646   A65A AC 9E A7 D5 			.db	$AC,$9E,$A7,$D5
2647   A65E 1C 8D B1 39 			.db	$1C,$8D,$B1,$39
2648   A662 E7 63 60 50 			.db	$E7,$63,$60,$50
2649   A666 C6 C3 E9 F8 			.db	$C6,$C3,$E9,$F8
2650   A66A 78 77 73 2A 			.db	$78,$77,$73,$2A
2651   A66E 24 10 08 5D 			.db	$24,$10,$08,$5D
2652   A672 7D BF 57 A5 			.db	$7D,$BF,$57,$A5
2653   A676 10 0C 1D 9F 			.db	$10,$0C,$1D,$9F
2654   A67A 9F 27 45 44 			.db	$9F,$27,$45,$44
2655   A67E 0C 87 C7 FB 			.db	$0C,$87,$C7,$FB
2656   A682 BA 9C 86 87 			.db	$BA,$9C,$86,$87
2657   A686 C3 C0 98 B9 			.db	$C3,$C0,$98,$B9
2658   A68A 9F A7 C3 60 			.db	$9F,$A7,$C3,$60
2659   A68E 70 0C 4F CF 			.db	$70,$0C,$4F,$CF
2660   A692 C7 D3 58 34 			.db	$C7,$D3,$58,$34
2661   A696 38 14 CE F3 			.db	$38,$14,$CE,$F3
2662   A69A EA B9 38 1C 			.db	$EA,$B9,$38,$1C
2663   A69E 2A 0A C3 D5 			.db	$2A,$0A,$C3,$D5
2664   A6A2 E7 75 9A 8A 			.db	$E7,$75,$9A,$8A
2665   A6A6 61 68 5C 9E 			.db	$61,$68,$5C,$9E
2666   A6AA 97 73 31 52 			.db	$97,$73,$31,$52
2667   A6AE 14 46 E3 EA 			.db	$14,$46,$E3,$EA
2668   A6B2 7C BD 1C 87 			.db	$7C,$BD,$1C,$87
2669   A6B6 91 88 51 39 			.db	$91,$88,$51,$39
2670   A6BA 5F B7 E7 E2 			.db	$5F,$B7,$E7,$E2
2671   A6BE 50 28 8A A3 			.db	$50,$28,$8A,$A3
2672   A6C2 79 75 9F C7 			.db	$79,$75,$9F,$C7
2673   A6C6 85 A1 68 1C 			.db	$85,$A1,$68,$1C
2674   A6CA 35 2E 97 67 			.db	$35,$2E,$97,$67
2675   A6CE 55 29 4A 96 			.db	$55,$29,$4A,$96
2676   A6D2 D5 B4 8E 93 			.db	$D5,$B4,$8E,$93
2677   A6D6 19 43 D3 7B 			.db	$19,$43,$D3,$7B
2678   A6DA 55 25 87 C3 			.db	$55,$25,$87,$C3
2679   A6DE A9 12 A3 6A 			.db	$A9,$12,$A3,$6A
2680   A6E2 75 7D 75 B5 			.db	$75,$7D,$75,$B5
2681   A6E6 44 11 18 9C 			.db	$44,$11,$18,$9C
2682   A6EA 73 BE C5 18 			.db	$73,$BE,$C5,$18
2683   A6EE 31 A5 9A 77 			.db	$31,$A5,$9A,$77
2684   A6F2 63 37 16 97 			.db	$63,$37,$16,$97
2685   A6F6 42 8C 63 73 			.db	$42,$8C,$63,$73
2686   A6FA CC CD D3 19 			.db	$CC,$CD,$D3,$19
2687   A6FE 8C C9 B1 B6 			.db	$8C,$C9,$B1,$B6
2688   A702 AB 66 C3 18 			.db	$AB,$66,$C3,$18
2689   A706 33 A3 A5 9D 			.db	$33,$A3,$A5,$9D
2690   A70A E3 DC 38 87 			.db	$E3,$DC,$38,$87
2691   A70E 8C 31 C7 CC 			.db	$8C,$31,$C7,$CC
2692   A712 39 73 2E 33 			.db	$39,$73,$2E,$33
2693   A716 66 8C 71 E6 			.db	$66,$8C,$71,$E6
2694   A71A 1C 73 C6 18 			.db	$1C,$73,$C6,$18
2695   A71E 73 8C 31 E6 			.db	$73,$8C,$31,$E6
2696   A722 9C 73 CE 19 			.db	$9C,$73,$CE,$19
2697   A726 63 9C 31 C6 			.db	$63,$9C,$31,$C6
2698   A72A 38 67 8C 71 			.db	$38,$67,$8C,$71
2699   A72E E3 18 63 C6 			.db	$E3,$18,$63,$C6
2700   A732 71 6E 9C 93 			.db	$71,$6E,$9C,$93
2701   A736 63 31 46 8D 			.db	$63,$31,$46,$8D
2702   A73A E3 38 1F 27 			.db	$E3,$38,$1F,$27
2703   A73E E3 C6 31 33 			.db	$E3,$C6,$31,$33
2704   A742 1E 55 E6 5C 			.db	$1E,$55,$E6,$5C
2705   A746 63 E2 8C C7 			.db	$63,$E2,$8C,$C7
2706   A74A C5 71 1C 1D 			.db	$C5,$71,$1C,$1D
2707   A74E E3 78 1C A7 			.db	$E3,$78,$1C,$A7
2708   A752 69 71 CC 19 			.db	$69,$71,$CC,$19
2709   A756 AA C5 1C    ut_trumpet_beg	.db	$AA,$C5,$1C
2710   A759 AA          ut_beat_end		.db	$AA
2711   A75A 22 1F FD 56 			.db	$22,$1F,$FD,$56
2712   A75E C0 02 FF 07 			.db	$C0,$02,$FF,$07
2713   A762 58 93 FE 22 			.db	$58,$93,$FE,$22
2714   A766 BA E8 45 13 			.db	$BA,$E8,$45,$13
2715   A76A 7F 50 F8 81 			.db	$7F,$50,$F8,$81
2716   A76E FE 05 B8 81 			.db	$FE,$05,$B8,$81
2717   A772 BF 25 5E C0 			.db	$BF,$25,$5E,$C0
2718   A776 B7 EA 07 C0 			.db	$B7,$EA,$07,$C0
2719   A77A 8F FE 01 F0 			.db	$8F,$FE,$01,$F0
2720   A77E 57 A5 56 91 			.db	$57,$A5,$56,$91
2721   A782 C2 7F 03 F0 			.db	$C2,$7F,$03,$F0
2722   A786 F5 07 D0 7A 			.db	$F5,$07,$D0,$7A
2723   A78A 57 02 3F F0 			.db	$57,$02,$3F,$F0
2724   A78E 0F 2A 44 FF 			.db	$0F,$2A,$44,$FF
2725   A792 07 5C D0 BF 			.db	$07,$5C,$D0,$BF
2726   A796 90 64 5F 80 			.db	$90,$64,$5F,$80
2727   A79A FE 0F C0 D7 			.db	$FE,$0F,$C0,$D7
2728   A79E 1D 52 74 57 			.db	$1D,$52,$74,$57
2729   A7A2 C0 FE 40 FC 			.db	$C0,$FE,$40,$FC
2730   A7A6 D1 E0 D3 1A 			.db	$D1,$E0,$D3,$1A
2731   A7AA 60 FF 04 1C 			.db	$60,$FF,$04,$1C
2732   A7AE F8 1F E0 03 			.db	$F8,$1F,$E0,$03
2733   A7B2 FE 03 1E F0 			.db	$FE,$03,$1E,$F0
2734   A7B6 1F E0 F2 43 			.db	$1F,$E0,$F2,$43
2735   A7BA 97 C0 2F FE 			.db	$97,$C0,$2F,$FE
2736   A7BE 01 AC 5F 0B 			.db	$01,$AC,$5F,$0B
2737   A7C2 D8 2F C0 3F 			.db	$D8,$2F,$C0,$3F
2738   A7C6 B4 01 7E FC 			.db	$B4,$01,$7E,$FC
2739   A7CA 03 3C F0 0F 			.db	$03,$3C,$F0,$0F
2740   A7CE 6A C1 1F F8 			.db	$6A,$C1,$1F,$F8
2741   A7D2 07 F0 E5 1F 			.db	$07,$F0,$E5,$1F
2742   A7D6 00 FE 81 1F 			.db	$00,$FE,$81,$1F
2743   A7DA FC 00 7E 5E 			.db	$FC,$00,$7E,$5E
2744   A7DE 02 FC 3F 80 			.db	$02,$FC,$3F,$80
2745   A7E2 C1 FF 00 87 			.db	$C1,$FF,$00,$87
2746   A7E6 FF 00 E9 FF 			.db	$FF,$00,$E9,$FF
2747   A7EA 03 E0 0F F8 			.db	$03,$E0,$0F,$F8
2748   A7EE F9 01 F0 FF 			.db	$F9,$01,$F0,$FF
2749   A7F2 01 80 FF 81 			.db	$01,$80,$FF,$81
2750   A7F6 80 FF 00 C7 			.db	$80,$FF,$00,$C7
2751   A7FA 7F 00 F5 3F 			.db	$7F,$00,$F5,$3F
2752   A7FE 80 E8 8F 26 			.db	$80,$E8,$8F,$26
2753   A802 EA 83 1F 7C 			.db	$EA,$83,$1F,$7C
2754   A806 C0 0F 7E F0 			.db	$C0,$0F,$7E,$F0
2755   A80A 80 7F 34 C0 			.db	$80,$7F,$34,$C0
2756   A80E 0F 7F C0 87 			.db	$0F,$7F,$C0,$87
2757   A812 1F F8 E0 0F 			.db	$1F,$F8,$E0,$0F
2758   A816 0E F0 07 3C 			.db	$0E,$F0,$07,$3C
2759   A81A F0 87 0F 3E 			.db	$F0,$87,$0F,$3E
2760   A81E 5C 70 FE 01 			.db	$5C,$70,$FE,$01
2761   A822 FC FE 00 0F 			.db	$FC,$FE,$00,$0F
2762   A826 7F 70 C0 FF 			.db	$7F,$70,$C0,$FF
2763   A82A 01 FC F8 0B 			.db	$01,$FC,$F8,$0B
2764   A82E 18 FE 03 1E 			.db	$18,$FE,$03,$1E
2765   A832 FF 80 07 7F 			.db	$FF,$80,$07,$7F
2766   A836 C0 E1 1F 40 			.db	$C0,$E1,$1F,$40
2767   A83A FC 07 E8 7F 			.db	$FC,$07,$E8,$7F
2768   A83E 20 C0 3F 01 			.db	$20,$C0,$3F,$01
2769   A842 FC EB 01 F0 			.db	$FC,$EB,$01,$F0
2770   A846 0F E0 7F 00 			.db	$0F,$E0,$7F,$00
2771   A84A 3E FE 80 E3 			.db	$3E,$FE,$80,$E3
2772   A84E 0F E0 3F 70 			.db	$0F,$E0,$3F,$70
2773   A852 F8 03 3F 2A 			.db	$F8,$03,$3F,$2A
2774   A856 F8 07 F0 47 			.db	$F8,$07,$F0,$47
2775   A85A 0F 1F 7C C0 			.db	$0F,$1F,$7C,$C0
2776   A85E F3 0D B0 3F 			.db	$F3,$0D,$B0,$3F
2777   A862 80 FF 00 FF 			.db	$80,$FF,$00,$FF
2778   A866 03 F8 73 80 			.db	$03,$F8,$73,$80
2779   A86A 0F 3F 00 FE 			.db	$0F,$3F,$00,$FE
2780   A86E 07 FC 07 FC 			.db	$07,$FC,$07,$FC
2781   A872 11 FA C0 3F 			.db	$11,$FA,$C0,$3F
2782   A876 00 3F 1E FC 			.db	$00,$3F,$1E,$FC
2783   A87A 03 C7 07 3F 			.db	$03,$C7,$07,$3F
2784   A87E 80 FE F0 F0 			.db	$80,$FE,$F0,$F0
2785   A882 01 FF 00 F8 			.db	$01,$FF,$00,$F8
2786   A886 1F F0 07 F0 			.db	$1F,$F0,$07,$F0
2787   A88A 1F FC 01 F8 			.db	$1F,$FC,$01,$F8
2788   A88E 03 F0 73 88 			.db	$03,$F0,$73,$88
2789   A892 FE 80 BF 00 			.db	$FE,$80,$BF,$00
2790   A896 9F 03 7F 81 			.db	$9F,$03,$7F,$81
2791   A89A FE 03 FE 03 			.db	$FE,$03,$FE,$03
2792   A89E FC 03 FE 03 			.db	$FC,$03,$FE,$03
2793   A8A2 FC 01 FE 01 			.db	$FC,$01,$FE,$01
2794   A8A6 FE 03 FE 03 			.db	$FE,$03,$FE,$03
2795   A8AA FC 03 FE 03 			.db	$FC,$03,$FE,$03
2796   A8AE FC 01 FE 07 			.db	$FC,$01,$FE,$07
2797   A8B2 FC 07 FC 07 			.db	$FC,$07,$FC,$07
2798   A8B6 F8 07 F8 07 			.db	$F8,$07,$F8,$07
2799   A8BA F0 0F EC 0F 			.db	$F0,$0F,$EC,$0F
2800   A8BE F0 0F E0 1F 			.db	$F0,$0F,$E0,$1F
2801   A8C2 E0 0F F0 0F 			.db	$E0,$0F,$F0,$0F
2802   A8C6 E0 1F E0 1F 			.db	$E0,$1F,$E0,$1F
2803   A8CA E0 0F E0 1F 			.db	$E0,$0F,$E0,$1F
2804   A8CE E0 3F C0 1F 			.db	$E0,$3F,$C0,$1F
2805   A8D2 E0 3F E0 3F 			.db	$E0,$3F,$E0,$3F
2806   A8D6 C0 7F 00 7F 			.db	$C0,$7F,$00,$7F
2807   A8DA 00 FF 80 F9 			.db	$00,$FF,$80,$F9
2808   A8DE 00 FE 06 F8 			.db	$00,$FE,$06,$F8
2809   A8E2 0F F8 09 FC 			.db	$0F,$F8,$09,$FC
2810   A8E6 03 FC 03 F8 			.db	$03,$FC,$03,$F8
2811   A8EA 1F F0 09 FC 			.db	$1F,$F0,$09,$FC
2812   A8EE 21 F0 67 E0 			.db	$21,$F0,$67,$E0
2813   A8F2 3F C0 1D F8 			.db	$3F,$C0,$1D,$F8
2814   A8F6 71 E0 21 E1 			.db	$71,$E0,$21,$E1
2815   A8FA E7 85 CF 61 			.db	$E7,$85,$CF,$61
2816   A8FE F0 83 F3 07 			.db	$F0,$83,$F3,$07
2817   A902 FA 03 F8 65 			.db	$FA,$03,$F8,$65
2818   A906 E0 07 F0 07 			.db	$E0,$07,$F0,$07
2819   A90A F8 0F F0 E7 			.db	$F8,$0F,$F0,$E7
2820   A90E 60 3F 60 7B 			.db	$60,$3F,$60,$7B
2821   A912 F0 F8 E0 0F 			.db	$F0,$F8,$E0,$0F
2822   A916 E0 EF E0 F0 			.db	$E0,$EF,$E0,$F0
2823   A91A E1 E0 E1 E1 			.db	$E1,$E0,$E1,$E1
2824   A91E C1 C7 83 F8 			.db	$C1,$C7,$83,$F8
2825   A922 83 FC 07 E8 			.db	$83,$FC,$07,$E8
2826   A926 67 E0 87 83 			.db	$67,$E0,$87,$83
2827   A92A 0F 3E 1E A0 			.db	$0F,$3E,$1E,$A0
2828   A92E FF C0 77 00 			.db	$FF,$C0,$77,$00
2829   A932 3F 10 7F 00 			.db	$3F,$10,$7F,$00
2830   A936 FE 03 FE 04 			.db	$FE,$03,$FE,$04
2831   A93A FE 00 FF 00 			.db	$FE,$00,$FF,$00
2832   A93E FC 03 FC 03 			.db	$FC,$03,$FC,$03
2833   A942 F8 03 FC 03 			.db	$F8,$03,$FC,$03
2834   A946 FC 03 F8 07 			.db	$FC,$03,$F8,$07
2835   A94A F0 0F F0 07 			.db	$F0,$0F,$F0,$07
2836   A94E F0 0F C0 1F 			.db	$F0,$0F,$C0,$1F
2837   A952 E0 1F E0 3F 			.db	$E0,$1F,$E0,$3F
2838   A956 C0 7F 80 3F 			.db	$C0,$7F,$80,$3F
2839   A95A C0 3F 80 7F 			.db	$C0,$3F,$80,$7F
2840   A95E 80 FF 00 7F 			.db	$80,$FF,$00,$7F
2841   A962 02 FF 00 FF 			.db	$02,$FF,$00,$FF
2842   A966 00 FE 80 FF 			.db	$00,$FE,$80,$FF
2843   A96A 00 FC 01 F8 			.db	$00,$FC,$01,$F8
2844   A96E 07 F8 03 F8 			.db	$07,$F8,$03,$F8
2845   A972 03 F8 03 F0 			.db	$03,$F8,$03,$F0
2846   A976 0F F0 0F F0 			.db	$0F,$F0,$0F,$F0
2847   A97A 0F F0 07 E0 			.db	$0F,$F0,$07,$E0
2848   A97E 7F C0 1F C0 			.db	$7F,$C0,$1F,$C0
2849   A982 3F C0 67 80 			.db	$3F,$C0,$67,$80
2850   A986 7F 80 FF 00 			.db	$7F,$80,$FF,$00
2851   A98A FE 08 FE 01 			.db	$FE,$08,$FE,$01
2852   A98E 1F 00 FF 03 			.db	$1F,$00,$FF,$03
2853   A992 F8 07 F0 0F 			.db	$F8,$07,$F0,$0F
2854   A996 E8 03 DC 0F 			.db	$E8,$03,$DC,$0F
2855   A99A F8 07 F0 0F 			.db	$F8,$07,$F0,$0F
2856   A99E E0 3F E0 1F 			.db	$E0,$3F,$E0,$1F
2857   A9A2 80 3F E0 3F 			.db	$80,$3F,$E0,$3F
2858   A9A6 E0 3F E0 7F 			.db	$E0,$3F,$E0,$7F
2859   A9AA C0 7F 80 7F 			.db	$C0,$7F,$80,$7F
2860   A9AE 00 FF 60 7F 			.db	$00,$FF,$60,$7F
2861   A9B2 E0 DE C0 1F 			.db	$E0,$DE,$C0,$1F
2862   A9B6 80 BF 01 FF 			.db	$80,$BF,$01,$FF
2863   A9BA 01 FE 03 F0 			.db	$01,$FE,$03,$F0
2864   A9BE C3 C1 87 87 			.db	$C3,$C1,$87,$87
2865   A9C2 07 BF 07 F8 			.db	$07,$BF,$07,$F8
2866   A9C6 07 E0 0F C0 			.db	$07,$E0,$0F,$C0
2867   A9CA 1F 80 FF 00 			.db	$1F,$80,$FF,$00
2868   A9CE 7C 1E 52 87 			.db	$7C,$1E,$52,$87
2869   A9D2 1F 80 FF 00 			.db	$1F,$80,$FF,$00
2870   A9D6 FE 01 FC 03 			.db	$FE,$01,$FC,$03
2871   A9DA F0 3F C0 3F 			.db	$F0,$3F,$C0,$3F
2872   A9DE F8 01 FC 03 			.db	$F8,$01,$FC,$03
2873   A9E2 FC 01 F8 0F 			.db	$FC,$01,$F8,$0F
2874   A9E6 F8 0F F8 07 			.db	$F8,$0F,$F8,$07
2875   A9EA F8 03 F8 0F 			.db	$F8,$03,$F8,$0F
2876   A9EE F0 0F E0 1F 			.db	$F0,$0F,$E0,$1F
2877   A9F2 E0 07 F8 1F 			.db	$E0,$07,$F8,$1F
2878   A9F6 F0 0F E0 3F 			.db	$F0,$0F,$E0,$3F
2879   A9FA C0 3F C0 1F 			.db	$C0,$3F,$C0,$1F
2880   A9FE E0 3F C0 1F 			.db	$E0,$3F,$C0,$1F
2881   AA02 A0 7F C0 3F 			.db	$A0,$7F,$C0,$3F
2882   AA06 80 7F 80 FF 			.db	$80,$7F,$80,$FF
2883   AA0A 00 FF 00 FE 			.db	$00,$FF,$00,$FE
2884   AA0E 81 FF 00 FE 			.db	$81,$FF,$00,$FE
2885   AA12 C0 FF 03 FC 			.db	$C0,$FF,$03,$FC
2886   AA16 81 3F 03 FC 			.db	$81,$3F,$03,$FC
2887   AA1A 01 FF 03 FE 			.db	$01,$FF,$03,$FE
2888   AA1E 03 F6 89 07 			.db	$03,$F6,$89,$07
2889   AA22 C3 EF 03 DF 			.db	$C3,$EF,$03,$DF
2890   AA26 07 F4 07 07 			.db	$07,$F4,$07,$07
2891   AA2A 3F 0E FC 0F 			.db	$3F,$0E,$FC,$0F
2892   AA2E 1C 3F B0 E7 			.db	$1C,$3F,$B0,$E7
2893   AA32 09 BC F0 07 			.db	$09,$BC,$F0,$07
2894   AA36 F8 0F F0 3F 			.db	$F8,$0F,$F0,$3F
2895   AA3A 80 7F 01 FE 			.db	$80,$7F,$01,$FE
2896   AA3E 81 8F C7 17 			.db	$81,$8F,$C7,$17
2897   AA42 C0 1F 80 FF 			.db	$C0,$1F,$80,$FF
2898   AA46 01 FF 03 F8 			.db	$01,$FF,$03,$F8
2899   AA4A 0F C6 1F 1E 			.db	$0F,$C6,$1F,$1E
2900   AA4E 00 FF 03 FC 			.db	$00,$FF,$03,$FC
2901   AA52 03 F8 0F FC 			.db	$03,$F8,$0F,$FC
2902   AA56 1F D8 1F 7C 			.db	$1F,$D8,$1F,$7C
2903   AA5A 5C F8 07 F8 			.db	$5C,$F8,$07,$F8
2904   AA5E 1F F0 1F 80 			.db	$1F,$F0,$1F,$80
2905   AA62 7F B0 F8 E0 			.db	$7F,$B0,$F8,$E0
2906   AA66 07 F0 3F 80 			.db	$07,$F0,$3F,$80
2907   AA6A 3F 80 FF 00 			.db	$3F,$80,$FF,$00
2908   AA6E FF 00 FE 01 			.db	$FF,$00,$FE,$01
2909   AA72 FA 21 BC 41 			.db	$FA,$21,$BC,$41
2910   AA76 EF 04 FE 01 			.db	$EF,$04,$FE,$01
2911   AA7A E3 1F F8 EF 			.db	$E3,$1F,$F8,$EF
2912   AA7E 81 1F FC 61 			.db	$81,$1F,$FC,$61
2913   AA82 F9 07 F8 0F 			.db	$F9,$07,$F8,$0F
2914   AA86 31 3E E2 E1 			.db	$31,$3E,$E2,$E1
2915   AA8A 8F 3F C0 CF 			.db	$8F,$3F,$C0,$CF
2916   AA8E 03 FC 87 C3 			.db	$03,$FC,$87,$C3
2917   AA92 79 8E 00 FE 			.db	$79,$8E,$00,$FE
2918   AA96 01 F8 1F 80 			.db	$01,$F8,$1F,$80
2919   AA9A FF 03 C7 FC 			.db	$FF,$03,$C7,$FC
2920   AA9E 40 E0 1F 98 			.db	$40,$E0,$1F,$98
2921   AAA2 E1 0F 0E FC 			.db	$E1,$0F,$0E,$FC
2922   AAA6 02 C1 7F 00 			.db	$02,$C1,$7F,$00
2923   AAAA 7E 3E 20 FF 			.db	$7E,$3E,$20,$FF
2924   AAAE 01 DC 7F 00 			.db	$01,$DC,$7F,$00
2925   AAB2 F8 47 E0 7F 			.db	$F8,$47,$E0,$7F
2926   AAB6 0E FE 7C D0 			.db	$0E,$FE,$7C,$D0
2927   AABA E3 03 1E 1E 			.db	$E3,$03,$1E,$1E
2928   AABE 7C 3C FC 01 			.db	$7C,$3C,$FC,$01
2929   AAC2 FC 07 E0 17 			.db	$FC,$07,$E0,$17
2930   AAC6 F8 78 F0 03 			.db	$F8,$78,$F0,$03
2931   AACA F8 07 C0 7F 			.db	$F8,$07,$C0,$7F
2932   AACE 18 F0 E3 07 			.db	$18,$F0,$E3,$07
2933   AAD2 0F 7F 00 FF 			.db	$0F,$7F,$00,$FF
2934   AAD6 E0 F0 07 1F 			.db	$E0,$F0,$07,$1F
2935   AADA 3C FE 81 8D 			.db	$3C,$FE,$81,$8D
2936   AADE 37 70 07 FF 			.db	$37,$70,$07,$FF
2937   AAE2 00 FC 83 E0 			.db	$00,$FC,$83,$E0
2938   AAE6 1F C0 0F CF 			.db	$1F,$C0,$0F,$CF
2939   AAEA 71 F0 07 C0 			.db	$71,$F0,$07,$C0
2940   AAEE 7F 00 9F 07 			.db	$7F,$00,$9F,$07
2941   AAF2 F8 C1 3B 60 			.db	$F8,$C1,$3B,$60
2942   AAF6 FC 00 7E 1E 			.db	$FC,$00,$7E,$1E
2943   AAFA E0 83 7F C0 			.db	$E0,$83,$7F,$C0
2944   AAFE FF 03 F8 E7 			.db	$FF,$03,$F8,$E7
2945   AB02 80 3F F0 07 			.db	$80,$3F,$F0,$07
2946   AB06 CE 1F E0 0F 			.db	$CE,$1F,$E0,$0F
2947   AB0A 00 7E E0 0F 			.db	$00,$7E,$E0,$0F
2948   AB0E 0C 3F 00 1F 			.db	$0C,$3F,$00,$1F
2949   AB12 F1 E1 01 FF 			.db	$F1,$E1,$01,$FF
2950   AB16 38 38 38 F8 			.db	$38,$38,$38,$F8
2951   AB1A 01 3F 06 E2 			.db	$01,$3F,$06,$E2
2952   AB1E CF E0 E1 79 			.db	$CF,$E0,$E1,$79
2953   AB22 18 FC 01 9F 			.db	$18,$FC,$01,$9F
2954   AB26 63 E0 67 38 			.db	$63,$E0,$67,$38
2955   AB2A F8 21 87 DF 			.db	$F8,$21,$87,$DF
2956   AB2E 60 F0 EE 0C 			.db	$60,$F0,$EE,$0C
2957   AB32 E0 1F 01 FF 			.db	$E0,$1F,$01,$FF
2958   AB36 C0 F1 3C 73 			.db	$C0,$F1,$3C,$73
2959   AB3A 80 7F 08 F3 			.db	$80,$7F,$08,$F3
2960   AB3E 03 C7 74 CE 			.db	$03,$C7,$74,$CE
2961   AB42 00 FF 31 E0 			.db	$00,$FF,$31,$E0
2962   AB46 7F 00 F3 17 			.db	$7F,$00,$F3,$17
2963   AB4A F0 F9 03 3C 			.db	$F0,$F9,$03,$3C
2964   AB4E 7E 03 F3 D5 			.db	$7E,$03,$F3,$D5
2965   AB52 C0 0F 3F F8 			.db	$C0,$0F,$3F,$F8
2966   AB56 E0 0F 20 FF 			.db	$E0,$0F,$20,$FF
2967   AB5A 03 39 7E D0 			.db	$03,$39,$7E,$D0
2968   AB5E 87 78 38 E1 			.db	$87,$78,$38,$E1
2969   AB62 0F 86 1D 77 			.db	$0F,$86,$1D,$77
2970   AB66 F0 E8 1F 10 			.db	$F0,$E8,$1F,$10
2971   AB6A FE 20 FE F0 			.db	$FE,$20,$FE,$F0
2972   AB6E E0 11 3E 0C 			.db	$E0,$11,$3E,$0C
2973   AB72 AF 0F 8E F1 			.db	$AF,$0F,$8E,$F1
2974   AB76 03 C7 FC 19 			.db	$03,$C7,$FC,$19
2975   AB7A 38 7E 03 9E 			.db	$38,$7E,$03,$9E
2976   AB7E 0F 30 FB 61 			.db	$0F,$30,$FB,$61
2977   AB82 C0 7F 30 F8 			.db	$C0,$7F,$30,$F8
2978   AB86 97 08 F0 67 			.db	$97,$08,$F0,$67
2979   AB8A 08 FE 1C 07 			.db	$08,$FE,$1C,$07
2980   AB8E 78 DF 01 FE 			.db	$78,$DF,$01,$FE
2981   AB92 03 F0 3F 10 			.db	$03,$F0,$3F,$10
2982   AB96 FE 01 F6 1F 			.db	$FE,$01,$F6,$1F
2983   AB9A 84 AF 83 D9 			.db	$84,$AF,$83,$D9
2984   AB9E F1 43 F0 79 			.db	$F1,$43,$F0,$79
2985   ABA2 38 3C F0 07 			.db	$38,$3C,$F0,$07
2986   ABA6 84 BF 01 FE 			.db	$84,$BF,$01,$FE
2987   ABAA 27 E0 8D 1F 			.db	$27,$E0,$8D,$1F
2988   ABAE F0 E1 0F FC 			.db	$F0,$E1,$0F,$FC
2989   ABB2 C0 83 5F F0 			.db	$C0,$83,$5F,$F0
2990   ABB6 38 7C 1E 18 			.db	$38,$7C,$1E,$18
2991   ABBA 1F 0F 9C 5F 			.db	$1F,$0F,$9C,$5F
2992   ABBE 00 FE 03 E0 			.db	$00,$FE,$03,$E0
2993   ABC2 7F 00 FF C8 			.db	$7F,$00,$FF,$C8
2994   ABC6 01 3F 07 E0 			.db	$01,$3F,$07,$E0
2995   ABCA 1F 1C F8 43 			.db	$1F,$1C,$F8,$43
2996   ABCE 98 FE 01 86 			.db	$98,$FE,$01,$86
2997   ABD2 FF 80 80 FF 			.db	$FF,$80,$80,$FF
2998   ABD6 00 F1 0F 60 			.db	$00,$F1,$0F,$60
2999   ABDA FE 3C 90 FF 			.db	$FE,$3C,$90,$FF
3000   ABDE 03 E0 7F 00 			.db	$03,$E0,$7F,$00
3001   ABE2 FE 11 C0 7F 			.db	$FE,$11,$C0,$7F
3002   ABE6 18 F8 3E 00 			.db	$18,$F8,$3E,$00
3003   ABEA FE 0F E0 1F 			.db	$FE,$0F,$E0,$1F
3004   ABEE 01 3F F8 01 			.db	$01,$3F,$F8,$01
3005   ABF2 F6 3F 00 FF 			.db	$F6,$3F,$00,$FF
3006   ABF6 07 E0 BF 03 			.db	$07,$E0,$BF,$03
3007   ABFA F0 FF 00 F8 			.db	$F0,$FF,$00,$F8
3008   ABFE 3F 40 FF 81 			.db	$3F,$40,$FF,$81
3009   AC02 19 FC 3F 00 			.db	$19,$FC,$3F,$00
3010   AC06 FF 01 E4 1F 			.db	$FF,$01,$E4,$1F
3011   AC0A 07 F3 BF 00 			.db	$07,$F3,$BF,$00
3012   AC0E F8 1F E0 7C 			.db	$F8,$1F,$E0,$7C
3013   AC12 07 78 F0 FF 			.db	$07,$78,$F0,$FF
3014   AC16 00 F8 07 60 			.db	$00,$F8,$07,$60
3015   AC1A 7F 60 16 B8 			.db	$7F,$60,$16,$B8
3016   AC1E 1F 00 FE 78 			.db	$1F,$00,$FE,$78
3017   AC22 18 F8 0F 00 			.db	$18,$F8,$0F,$00
3018   AC26 FF 03 E6 3F 			.db	$FF,$03,$E6,$3F
3019   AC2A C0 3F 80 FF 			.db	$C0,$3F,$80,$FF
3020   AC2E 00 FF 03 F8 			.db	$00,$FF,$03,$F8
3021   AC32 8F E0 F8 27 			.db	$8F,$E0,$F8,$27
3022   AC36 70 F0 8F 21 			.db	$70,$F0,$8F,$21
3023   AC3A FC C3 39 C0 			.db	$FC,$C3,$39,$C0
3024   AC3E FF 03 F8 C7 			.db	$FF,$03,$F8,$C7
3025   AC42 00 FE 71 0E 			.db	$00,$FE,$71,$0E
3026   AC46 80 FF 01 FE 			.db	$80,$FF,$01,$FE
3027   AC4A 3F 80 F7 1F 			.db	$3F,$80,$F7,$1F
3028   AC4E C0 7F 0E E0 			.db	$C0,$7F,$0E,$E0
3029   AC52 3F 82 E3 0F 			.db	$3F,$82,$E3,$0F
3030   AC56 E3 61 F8 4F 			.db	$E3,$61,$F8,$4F
3031   AC5A C0 FE 07 E0 			.db	$C0,$FE,$07,$E0
3032   AC5E FF 00 F8 0F 			.db	$FF,$00,$F8,$0F
3033   AC62 B0 F8 0F E6 			.db	$B0,$F8,$0F,$E6
3034   AC66 E0 89 5F E0 			.db	$E0,$89,$5F,$E0
3035   AC6A E1 1F 80 FF 			.db	$E1,$1F,$80,$FF
3036   AC6E 05 84 FF 08 			.db	$05,$84,$FF,$08
3037   AC72 F0 1F 06 FC 			.db	$F0,$1F,$06,$FC
3038   AC76 17 82 FF 18 			.db	$17,$82,$FF,$18
3039   AC7A C3 07 FC 03 			.db	$C3,$07,$FC,$03
3040   AC7E C7 7F 02 F2 			.db	$C7,$7F,$02,$F2
3041   AC82 7F 00 FF 3F 			.db	$7F,$00,$FF,$3F
3042   AC86 00 FF 0F C0 			.db	$00,$FF,$0F,$C0
3043   AC8A 3F 00 FC 1F 			.db	$3F,$00,$FC,$1F
3044   AC8E 80 BF 03 F8 			.db	$80,$BF,$03,$F8
3045   AC92 1F 08 F9 0F 			.db	$1F,$08,$F9,$0F
3046   AC96 F0 3F 08 F1 			.db	$F0,$3F,$08,$F1
3047   AC9A 1B 0E FC 01 			.db	$1B,$0E,$FC,$01
3048   AC9E 9C FF 20 30 			.db	$9C,$FF,$20,$30
3049   ACA2 FF 01 B0 FF 			.db	$FF,$01,$B0,$FF
3050   ACA6 01 F0 7F 00 			.db	$01,$F0,$7F,$00
3051   ACAA F8 3F 00 FE 			.db	$F8,$3F,$00,$FE
3052   ACAE 1F 00 FE 0F 			.db	$1F,$00,$FE,$0F
3053   ACB2 E0 FF 01 7C 			.db	$E0,$FF,$01,$7C
3054   ACB6 1F 00 E7 1F 			.db	$1F,$00,$E7,$1F
3055   ACBA 06 FA 83 07 			.db	$06,$FA,$83,$07
3056   ACBE FE C0 C3 3E 			.db	$FE,$C0,$C3,$3E
3057   ACC2 E0 67 0F E0 			.db	$E0,$67,$0F,$E0
3058   ACC6 F1 53 E0 F9 			.db	$F1,$53,$E0,$F9
3059   ACCA 01 F0 FD 00 			.db	$01,$F0,$FD,$00
3060   ACCE 78 3F 00 3E 			.db	$78,$3F,$00,$3E
3061   ACD2 1F 78 C0 3F 			.db	$1F,$78,$C0,$3F
3062   ACD6 1C E0 3F 00 			.db	$1C,$E0,$3F,$00
3063   ACDA FC 0B 1D F0 			.db	$FC,$0B,$1D,$F0
3064   ACDE 7F 00 F8 3F 			.db	$7F,$00,$F8,$3F
3065   ACE2 00 FE 1F 80 			.db	$00,$FE,$1F,$80
3066   ACE6 FF 13 E0 FC 			.db	$FF,$13,$E0,$FC
3067   ACEA 3E 00 FF 23 			.db	$3E,$00,$FF,$23
3068   ACEE 80 FF 0B 00 			.db	$80,$FF,$0B,$00
3069   ACF2 FF 03 C0 FB 			.db	$FF,$03,$C0,$FB
3070   ACF6 39 C0 FE 1C 			.db	$39,$C0,$FE,$1C
3071   ACFA 50 3F 3E A0 			.db	$50,$3F,$3E,$A0
3072   ACFE 3E 7D 00 FF 			.db	$3E,$7D,$00,$FF
3073   AD02 38 C0 1F 7C 			.db	$38,$C0,$1F,$7C
3074   AD06 80 1F 3E 80 			.db	$80,$1F,$3E,$80
3075   AD0A 1F 9E 83 3F 			.db	$1F,$9E,$83,$3F
3076   AD0E 00 1F 3F 80 			.db	$00,$1F,$3F,$80
3077   AD12 EB 3F 00 AF 			.db	$EB,$3F,$00,$AF
3078   AD16 3F 60 9E 3F 			.db	$3F,$60,$9E,$3F
3079   AD1A 80 1F 0F E0 			.db	$80,$1F,$0F,$E0
3080   AD1E 1F 07 8E 0F 			.db	$1F,$07,$8E,$0F
3081   AD22 8F 83 3F 0C 			.db	$8F,$83,$3F,$0C
3082   AD26 1B CE 0F 82 			.db	$1B,$CE,$0F,$82
3083   AD2A FF 03 06 FF 			.db	$FF,$03,$06,$FF
3084   AD2E 83 03 FE E1 			.db	$83,$03,$FE,$E1
3085   AD32 03 FC 1F 00 			.db	$03,$FC,$1F,$00
3086   AD36 FE 07 F0 F1 			.db	$FE,$07,$F0,$F1
3087   AD3A 78 38 3C 7E 			.db	$78,$38,$3C,$7E
3088   AD3E 00 7E 1E 86 			.db	$00,$7E,$1E,$86
3089   AD42 3F C0 1F 1E 			.db	$3F,$C0,$1F,$1E
3090   AD46 C2 C7 23 7C 			.db	$C2,$C7,$23,$7C
3091   AD4A C4 1F 7C 80 			.db	$C4,$1F,$7C,$80
3092   AD4E 7F 10 1F 3E 			.db	$7F,$10,$1F,$3E
3093   AD52 06 0F F7 E0 			.db	$06,$0F,$F7,$E0
3094   AD56 E1 E1 03 FC 			.db	$E1,$E1,$03,$FC
3095   AD5A 03 1F FC 07 			.db	$03,$1F,$FC,$07
3096   AD5E 8C          			.db	$8C
3097   AD5F 18          ut_trumpet_end	.db	$18
3098   AD60             
3099   AD60             ;***********************************************************
3100   AD60             ;* GRAND LIZARD UTTERANCES
3101   AD60             ;***********************************************************
3102   AD60             start_speechdata
3103   AD60             ;ut2_cry_beg    .db   $CD,$BE
3104   AD60             ;      		.db	$A0,$F2,$2E,$A8
3105   AD60             ;      		.db	$BC,$07,$AA,$7E
3106   AD60             ;      		.db	$81,$AA,$5F,$60
3107   AD60             ;      		.db	$E9,$17,$54,$F9
3108   AD60             ;      		.db	$05,$95,$7E,$41
3109   AD60             ;      		.db	$A5,$3F,$50,$E9
3110   AD60             ;      		.db	$17,$54,$FA,$05
3111   AD60             ;      		.db	$95,$7E,$41,$A5
3112   AD60             ;      		.db	$5F,$50,$E9,$17
3113   AD60             ;      		.db	$54,$FA,$05,$25
3114   AD60             ;      		.db	$7F,$41,$C9,$5F
3115   AD60             ;      		.db	$50,$F2,$17,$94
3116   AD60             ;      		.db	$FC,$05,$25,$7F
3117   AD60             ;      		.db	$41,$C9,$5F,$50
3118   AD60             ;      		.db	$F2,$17,$94,$FC
3119   AD60             ;      		.db	$05,$25,$7F,$41
3120   AD60             ;      		.db	$C9,$5F,$28,$F2
3121   AD60             ;      		.db	$17,$8A,$FA,$85
3122   AD60             ;      		.db	$A2,$7E,$A1,$A8
3123   AD60             ;      		.db	$5F,$28,$F2,$17
3124   AD60             ;      		.db	$89,$FC,$45,$22
3125   AD60             ;      		.db	$7F,$91,$C8,$5F
3126   AD60             ;      		.db	$22,$F2,$97,$88
3127   AD60             ;      		.db	$7A,$17,$22,$DF
3128   AD60             ;      		.db	$05,$49,$7F,$41
3129   AD60             ;      		.db	$D2,$5F,$90,$EA
3130   AD60             ;      		.db	$17,$A4,$FC,$05
3131   AD60             ;      		.db	$29,$7F,$09,$A9
3132   AD60             ;      		.db	$5F,$42,$EA,$2F
3133   AD60             ;      		.db	$48,$F9,$0B,$52
3134   AD60             ;      		.db	$FE,$82,$94,$F7
3135   AD60             ;      		.db	$20,$E5,$3D,$48
3136   AD60             ;      		.db	$B9,$0F,$92,$FA
3137   AD60             ;      		.db	$83,$A4,$FE,$04
3138   AD60             ;      		.db	$A5,$BF,$20,$D5
3139   AD60             ;      		.db	$2F,$48,$F5,$0B
3140   AD60             ;      		.db	$52,$FD,$82,$54
3141   AD60             ;      		.db	$BF,$20,$E5,$2F
3142   AD60             ;      		.db	$48,$F9,$0B,$52
3143   AD60             ;      		.db	$FE,$82,$52,$BF
3144   AD60             ;      		.db	$A0,$D4,$6F,$20
3145   AD60             ;      		.db	$F5,$17,$A8,$FC
3146   AD60             ;      		.db	$05,$29,$7F,$41
3147   AD60             ;      		.db	$AA,$5F,$50,$EA
3148   AD60             ;      		.db	$17,$94,$7A,$07
3149   AD60             ;      		.db	$29,$DF,$41,$4A
3150   AD60             ;      		.db	$7F,$84,$AA,$5F
3151   AD60             ;      		.db	$90,$EA,$17,$A4
3152   AD60             ;      		.db	$FA,$05,$A5,$7E
3153   AD60             ;      		.db	$41,$A9,$5F,$50
3154   AD60             ;      		.db	$EA,$17,$94,$FC
3155   AD60             ;      		.db	$05,$25,$7F,$41
3156   AD60             ;      		.db	$C9,$5F,$50,$EA
3157   AD60             ;      		.db	$97,$90,$FA,$0B
3158   AD60             ;      		.db	$54,$FE,$82,$92
3159   AD60             ;      		.db	$BF,$A0,$E4,$3B
3160   AD60             ;      		.db	$24,$F9,$0E,$51
3161   AD60             ;      		.db	$FA,$23,$94,$FE
3162   AD60             ;      		.db	$02,$95,$BF,$A0
3163   AD60             ;      		.db	$D4,$2F,$24,$F5
3164   AD60             ;      		.db	$0B,$49,$7D,$0B
3165   AD60             ;      		.db	$4A,$FD,$82,$52
3166   AD60             ;      		.db	$BF,$A0,$D4,$2F
3167   AD60             ;      		.db	$A4,$F4,$0D,$29
3168   AD60             ;      		.db	$7D,$0B,$4A,$FD
3169   AD60             ;      		.db	$82,$52,$BF,$90
3170   AD60             ;      		.db	$D2,$3B,$A4,$F4
3171   AD60             ;      		.db	$2E,$28,$7D,$07
3172   AD60             ;      		.db	$29,$BD,$43,$2A
3173   AD60             ;      		.db	$EF,$90,$CA,$3B
3174   AD60             ;      		.db	$A4,$F2,$1E,$A8
3175   AD60             ;      		.db	$DA,$0E,$9A,$BC
3176   AD60             ;      		.db	$83,$26,$FB,$A0
3177   AD60             ;      		.db	$49,$BF,$60,$C9
3178   AD60             ;      		.db	$1F,$34,$F1,$0D
3179   AD60             ;      		.db	$35,$7A,$43,$8D
3180   AD60             ;      		.db	$FC,$42,$07,$DF
3181   AD60             ;      		.db	$D0,$C1,$37,$74
3182   AD60             ;      		.db	$D0,$1B,$35,$F8
3183   AD60             ;      		.db	$8A,$0E,$7A,$A3
3184   AD60             ;      		.db	$83,$5E,$A9,$41
3185   AD60             ;      		.db	$CF,$74,$C1,$67
3186   AD60             ;      		.db	$5A,$F0,$B1,$16
3187   AD60             ;      		.db	$F4,$AC,$06,$BE
3188   AD60             ;      		.db	$AC,$81,$3D,$73
3189   AD60             ;      		.db	$41,$AF,$5A,$D0
3190   AD60             ;      		.db	$CE,$16,$E8,$B3
3191   AD60             ;      		.db	$16,$F4,$B2,$05
3192   AD60             ;      		.db	$F6,$AC,$82,$BE
3193   AD60             ;      		.db	$AA,$A0,$5D,$2B
3194   AD60             ;      		.db	$A8,$CF,$92,$E8
3195   AD60             ;      		.db	$6B,$28,$EA,$1B
3196   AD60             ;      		.db	$8A,$FA,$16,$8A
3197   AD60             ;      		.db	$BE,$86,$A2,$AF
3198   AD60             ;      		.db	$A1,$52,$6F,$B0
3199   AD60             ;      		.db	$E8,$1B,$34,$FA
3200   AD60             ;      		.db	$06,$95,$FA,$05
3201   AD60             ;      		.db	$93,$7E,$41,$A5
3202   AD60             ;      		.db	$3F,$D0,$E4,$0F
3203   AD60             ;      		.db	$34,$F9,$06,$95
3204   AD60             ;      		.db	$BE,$41,$25,$7F
3205   AD60             ;      		.db	$90,$C9,$1F,$64
3206   AD60             ;      		.db	$F2,$0D,$A9,$F4
3207   AD60             ;      		.db	$83,$2A,$FE,$82
3208   AD60             ;      		.db	$4A,$BF,$90,$D2
3209   AD60             ;      		.db	$2F,$A4,$F4,$8D
3210   AD60             ;      		.db	$28,$F9,$0B,$4A
3211   AD60             ;      		.db	$FE,$42,$85,$FE
3212   AD60             ;      		.db	$48,$91,$6F,$4A
3213   AD60             ;      		.db	$E8,$9B,$0A,$F2
3214   AD60             ;      		.db	$CD,$0A,$7C,$D5
3215   AD60             ;      		.db	$01,$7D,$F5,$00
3216   AD60             ;      		.db	$9F,$BE,$80,$97
3217   AD60             ;      		.db	$BE,$40,$A7,$1F
3218   AD60             ;      		.db	$D0,$AA,$1F,$D0
3219   AD60             ;      		.db	$EA,$17,$D0,$D5
3220   AD60             ;      		.db	$17,$D0,$D5,$17
3221   AD60             ;      		.db	$D0,$6B,$17,$D0
3222   AD60             ;      		.db	$5B,$17,$D0,$57
3223   AD60             ;      		.db	$1B,$D0,$57,$AD
3224   AD60             ;      		.db	$C0,$5E,$B9,$A0
3225   AD60             ;      		.db	$6E,$56,$49,$5A
3226   AD60             ;      		.db	$97,$5A,$D0,$17
3227   AD60             ;      		.db	$DE,$40,$2F,$F5
3228   AD60             ;      		.db	$20,$ED,$CA,$16
3229   AD60             ;      		.db	$E8,$17,$5E,$60
3230   AD60             ;      		.db	$9F,$E8,$41,$7B
3231   AD60             ;      		.db	$42,$AF,$70,$8B
3232   AD60             ;      		.db	$FC,$04,$BB,$E8
3233   AD60             ;      		.db	$0B,$74,$D3,$5A
3234   AD60             ;      		.db	$44,$AF,$54,$13
3235   AD60             ;      		.db	$5D,$B5,$A4,$AA
3236   AD60             ;      		.db	$7A,$C4,$23,$7D
3237   AD60             ;      		.db	$A1,$25,$ED,$2A
3238   AD60             ;      		.db	$D1,$A5,$5E,$D0
3239   AD60             ;      		.db	$0B,$5F,$68,$A5
3240   AD60             ;      		.db	$2E,$55,$A5,$A5
3241   AD60             ;      		.db	$2E,$E9,$50,$2F
3242   AD60             ;      		.db	$BA,$D0,$AA,$16
3243   AD60             ;      		.db	$B5,$A8,$0F,$3E
3244   AD60             ;      		.db	$68,$27,$8F,$E8
3245   AD60             ;      		.db	$D2,$27,$B4,$E4
3246   AD60             ;      		.db	$2B,$AA,$F4,$8A
3247   AD60             ;      		.db	$13,$3D,$E9,$42
3248   AD60             ;      		.db	$2F,$EA,$42,$8F
3249   AD60             ;      		.db	$BA,$A4,$A5,$1E
3250   AD60             ;      		.db	$EA,$A1,$2E,$BA
3251   AD60             ;      		.db	$A4,$56,$56,$6A
3252   AD60             ;      		.db	$D1,$8E,$3A,$E8
3253   AD60             ;      		.db	$43,$2F,$D4,$49
3254   AD60             ;      		.db	$97,$B4,$D4,$45
3255   AD60             ;      		.db	$1B,$EA,$45,$17
3256   AD60             ;      		.db	$DA,$62,$47,$55
3257   AD60             ;      		.db	$E9,$51,$55,$DC
3258   AD60             ;      		.db	$64,$15,$AE,$6A
3259   AD60             ;      		.db	$85,$56,$DD,$A0
3260   AD60             ;      		.db	$55,$5E,$A1,$55
3261   AD60             ;      		.db	$75,$51,$55,$55
3262   AD60             ;      		.db	$55,$D6,$A2,$56
3263   AD60             ;      		.db	$D5,$A1,$5A,$55
3264   AD60             ;      		.db	$25,$6D,$A9,$4A
3265   AD60             ;      		.db	$7D,$94,$AA,$BA
3266   AD60             ;      		.db	$50,$AB,$5A,$A1
3267   AD60             ;      		.db	$B6,$2A,$A9,$EA
3268   AD60             ;      		.db	$29,$B4,$AA,$56
3269   AD60             ;      		.db	$D4,$4E,$AA,$52
3270   AD60             ;      		.db	$2F,$D4,$CA,$4B
3271   AD60             ;      		.db	$54,$EB,$42,$55
3272   AD60             ;      		.db	$F5,$82,$B6,$BA
3273   AD60             ;      		.db	$42,$B5,$2B,$15
3274   AD60             ;      		.db	$EA,$8B,$9A,$E8
3275   AD60             ;      		.db	$45,$9D,$D4,$52
3276   AD60             ;		      .db	$97,$4A,$D9,$D2
3277   AD60             ;		      .db	$86
3278   AD60             ;ut2_cry_end      
3279   AD60 F6 3E 40    ut2_chrp1_beg	.db   $F6,$3E,$40
3280   AD63 BD BE 80 76       		.db	$BD,$BE,$80,$76
3281   AD67 7D 80 5B 5F       		.db	$7D,$80,$5B,$5F
3282   AD6B 40 B7 3E A0       		.db	$40,$B7,$3E,$A0
3283   AD6F B6 3D A0 B6       		.db	$B6,$3D,$A0,$B6
3284   AD73 BD 80 B6 BD       		.db	$BD,$80,$B6,$BD
3285   AD77 80 AE BE 80       		.db	$80,$AE,$BE,$80
3286   AD7B B6 7E 40 AD       		.db	$B6,$7E,$40,$AD
3287   AD7F 7E 01 AD 7E       		.db	$7E,$01,$AD,$7E
3288   AD83 81 B4 EE 05       		.db	$81,$B4,$EE,$05
3289   AD87 B4 F5 15 B0       		.db	$B4,$F5,$15,$B0
3290   AD8B B6 17 C8 56       		.db	$B6,$17,$C8,$56
3291   AD8F 5F 40 5D 7B       		.db	$5F,$40,$5D,$7B
3292   AD93 01 75 ED 05       		.db	$01,$75,$ED,$05
3293   AD97 B4 AD 57 A0       		.db	$B4,$AD,$57,$A0
3294   AD9B 17 7D 81 5E       		.db	$17,$7D,$81,$5E
3295   AD9F F4 05 B5 52       		.db	$F4,$05,$B5,$52
3296   ADA3 5F 42 55 F9       		.db	$5F,$42,$55,$F9
3297   ADA7 0B 54 E9 1F       		.db	$0B,$54,$E9,$1F
3298   ADAB 50 D5 FA 01       		.db	$50,$D5,$FA,$01
3299   ADAF D5 EA 2B 50       		.db	$D5,$EA,$2B,$50
3300   ADB3 DD DA 02 F5       		.db	$DD,$DA,$02,$F5
3301   ADB7 96 56 A8 5B       		.db	$96,$56,$A8,$5B
3302   ADBB A2 AB 56 A4       		.db	$A2,$AB,$56,$A4
3303   ADBF D1 5F A0 A5       		.db	$D1,$5F,$A0,$A5
3304   ADC3 FA 8A 48 5B       		.db	$FA,$8A,$48,$5B
3305   ADC7 D5 0B D4 4B       		.db	$D5,$0B,$D4,$4B
3306   ADCB D5 05 B5 27       		.db	$D5,$05,$B5,$27
3307   ADCF 55 AA EA 15       		.db	$55,$AA,$EA,$15
3308   ADD3 E4 17 BA 44       		.db	$E4,$17,$BA,$44
3309   ADD7 7D 15 29 AB       		.db	$7D,$15,$29,$AB
3310   ADDB B7 20 AD BE       		.db	$B7,$20,$AD,$BE
3311   ADDF 42 55 DA 8B       		.db	$42,$55,$DA,$8B
3312   ADE3 54 A5 DD 48       		.db	$54,$A5,$DD,$48
3313   ADE7 A5 55 5D A1       		.db	$A5,$55,$5D,$A1
3314   ADEB 56 D2 57 58       		.db	$56,$D2,$57,$58
3315   ADEF 43 FA 85 95       		.db	$43,$FA,$85,$95
3316   ADF3 68 AF 45 54       		.db	$68,$AF,$45,$54
3317   ADF7 D5 6E 50 2D       		.db	$D5,$6E,$50,$2D
3318   ADFB ED A2 2A F5       		.db	$ED,$A2,$2A,$F5
3319   ADFF 85 AC D2 2B       		.db	$85,$AC,$D2,$2B
3320   AE03 A4 AD BA 82       		.db	$A4,$AD,$BA,$82
3321   AE07 7A B5 42 55       		.db	$7A,$B5,$42,$55
3322   AE0B DB 0A D5 AA       		.db	$DB,$0A,$D5,$AA
3323   AE0F AA 4A AD 52       		.db	$AA,$4A,$AD,$52
3324   AE13 AA 5D 49 AA       		.db	$AA,$5D,$49,$AA
3325   AE17 EA 17 A8 A9       		.db	$EA,$17,$A8,$A9
3326   AE1B AF A8 54 AF       		.db	$AF,$A8,$54,$AF
3327   AE1F A8 8A EE 50       		.db	$A8,$8A,$EE,$50
3328   AE23 27 7A 51 17       		.db	$27,$7A,$51,$17
3329   AE27 DA 91 2B 6A       		.db	$DA,$91,$2B,$6A
3330   AE2B 55 55 AA 4A       		.db	$55,$55,$AA,$4A
3331   AE2F 2F AA 2A B5       		.db	$2F,$AA,$2A,$B5
3332   AE33 2A 2B A5 B6       		.db	$2A,$2B,$A5,$B6
3333   AE37 4A 15 75 17       		.db	$4A,$15,$75,$17
3334   AE3B 55 E8 4B 55       		.db	$55,$E8,$4B,$55
3335   AE3F 54 97 56 49       		.db	$54,$97,$56,$49
3336   AE43 4F B4 95 AA       		.db	$4F,$B4,$95,$AA
3337   AE47 4A BA AA 2A       		.db	$4A,$BA,$AA,$2A
3338   AE4B 54 57 5D 50       		.db	$54,$57,$5D,$50
3339   AE4F AD BE A0 AA       		.db	$AD,$BE,$A0,$AA
3340   AE53 DE 82 5A 75       		.db	$DE,$82,$5A,$75
3341   AE57 45 6A D5 45       		.db	$45,$6A,$D5,$45
3342   AE5B EA 4A 17 A9       		.db	$EA,$4A,$17,$A9
3343   AE5F 55 55 AA 95       		.db	$55,$55,$AA,$95
3344   AE63 5E A8 1D 55       		.db	$5E,$A8,$1D,$55
3345   AE67 93 7A 49 4D       		.db	$93,$7A,$49,$4D
3346   AE6B A9 9D AA A4       		.db	$A9,$9D,$AA,$A4
3347   AE6F 5A 55 25 BA       		.db	$5A,$55,$25,$BA
3348   AE73 AA 2A 55 B5       		.db	$AA,$2A,$55,$B5
3349   AE77 AA 0E 6A 4B       		.db	$AA,$0E,$6A,$4B
3350   AE7B 1F A2 B5 5A       		.db	$1F,$A2,$B5,$5A
3351   AE7F A1 DA             		.db	$A1,$DA
3352   AE81             ut2_chrp1_end
3353   AE81             ;ut2_chrp2_beg    .db   $DA,$55
3354   AE81             ;      		.db	$4A,$D5,$5E,$C8
3355   AE81             ;      		.db	$A5,$5E,$C1,$56
3356   AE81             ;      		.db	$55,$49,$AB,$56
3357   AE81             ;      		.db	$62,$AB,$AA,$C4
3358   AE81             ;      		.db	$D5,$95,$44,$57
3359   AE81             ;      		.db	$5D,$A2,$56,$B5
3360   AE81             ;      		.db	$A2,$6A,$55,$A5
3361   AE81             ;      		.db	$56,$55,$A5,$4B
3362   AE81             ;      		.db	$E9,$0A,$6D,$E9
3363   AE81             ;      		.db	$07,$5A,$E5,$07
3364   AE81             ;      		.db	$5C,$E5,$0F,$70
3365   AE81             ;      		.db	$E7,$07,$58,$F7
3366   AE81             ;      		.db	$03,$B4,$F5,$03
3367   AE81             ;      		.db	$6A,$F5,$03,$6A
3368   AE81             ;      		.db	$F5,$05,$5A,$FD
3369   AE81             ;      		.db	$02,$B6,$FC,$80
3370   AE81             ;      		.db	$D6,$FC,$80,$B6
3371   AE81             ;      		.db	$BE,$80,$AE,$BE
3372   AE81             ;      		.db	$80,$AD,$BE,$80
3373   AE81             ;      		.db	$AD,$BE,$80,$AD
3374   AE81             ;      		.db	$BE,$80,$AD,$BE
3375   AE81             ;      		.db	$40,$AB,$BE,$40
3376   AE81             ;      		.db	$AB,$5F,$40,$AB
3377   AE81             ;      		.db	$5F,$40,$6B,$5F
3378   AE81             ;      		.db	$81,$5A,$DF,$80
3379   AE81             ;      		.db	$DA,$F6,$02,$EA
3380   AE81             ;      		.db	$75,$0B,$E8,$D5
3381   AE81             ;      		.db	$2D,$D0,$56,$AF
3382   AE81             ;      		.db	$40,$5B,$BB,$82
3383   AE81             ;      		.db	$74,$CB,$2D,$E0
3384   AE81             ;      		.db	$17,$7E,$40,$1F
3385   AE81             ;      		.db	$FA,$82,$5A,$A9
3386   AE81             ;      		.db	$57,$91,$5A,$FC
3387   AE81             ;      		.db	$05,$6A,$AA,$5F
3388   AE81             ;      		.db	$88,$B4,$DB,$2A
3389   AE81             ;      		.db	$E0,$AB,$B6,$90
3390   AE81             ;      		.db	$DA,$16,$75,$85
3391   AE81             ;      		.db	$5D,$D0,$AF,$42
3392   AE81             ;      		.db	$29,$F5,$4F,$A0
3393   AE81             ;      		.db	$AA,$BE,$25,$A8
3394   AE81             ;      		.db	$5D,$FA,$02,$B5
3395   AE81             ;      		.db	$49,$7B,$05,$E9
3396   AE81             ;      		.db	$8A,$7E,$05,$BA
3397   AE81             ;      		.db	$11,$FF,$02,$B5
3398   AE81             ;      		.db	$A8,$BF,$02,$D9
3399   AE81             ;      		.db	$6A,$5D,$44,$EA
3400   AE81             ;      		.db	$2B,$D4,$45,$BD
3401   AE81             ;      		.db	$42,$6A,$57,$A5
3402   AE81             ;      		.db	$4A,$5A,$D9,$56
3403   AE81             ;      		.db	$54,$45,$FA,$53
3404   AE81             ;      		.db	$99,$48,$5F,$A5
3405   AE81             ;      		.db	$4A,$AA,$BE,$88
3406   AE81             ;      		.db	$6A,$EA,$AB,$50
3407   AE81             ;      		.db	$6A,$B5,$55,$A2
3408   AE81             ;      		.db	$5A,$51,$5F,$A9
3409   AE81             ;      		.db	$42,$EC,$5B,$85
3410   AE81             ;      		.db	$A4,$FA,$2B,$A8
3411   AE81             ;      		.db	$AA,$BA,$4A,$55
3412   AE81             ;      		.db	$29,$E9,$AB,$2A
3413   AE81             ;      		.db	$A2,$F6,$6A,$21
3414   AE81             ;      		.db	$55,$7B,$85,$AA
3415   AE81             ;      		.db	$AA,$4D,$25,$BA
3416   AE81             ;      		.db	$4A,$57,$A4,$56
3417   AE81             ;      		.db	$55,$B5,$52,$95
3418   AE81             ;      		.db	$AA,$BE,$A2,$0A
3419   AE81             ;      		.db	$ED,$55,$2A,$95
3420   AE81             ;      		.db	$EA,$2B,$EA,$90
3421   AE81             ;      		.db	$AD,$AA,$4A,$2B
3422   AE81             ;      		.db	$D5,$4A,$AD,$AA
3423   AE81             ;      		.db	$A4,$55,$B5,$52
3424   AE81             ;      		.db	$95,$6A,$D5,$16
3425   AE81             ;      		.db	$D4,$91,$7E,$A1
3426   AE81             ;      		.db	$2A,$D5,$AA,$AA
3427   AE81             ;      		.db	$A4,$EA,$AE,$42
3428   AE81             ;      		.db	$AA,$DE,$2A,$A4
3429   AE81             ;      		.db	$B6,$AA,$A8,$AA
3430   AE81             ;      		.db	$55,$52,$AB,$56
3431   AE81             ;      		.db	$21,$B7,$D2,$8A
3432   AE81             ;      		.db	$D4,$96,$AA,$56
3433   AE81             ;      		.db	$A8,$8B,$EA,$0B
3434   AE81             ;      		.db	$55,$55,$AF,$4A
3435   AE81             ;      		.db	$54,$AB,$AE,$24
3436   AE81             ;      		.db	$D5,$2E,$55,$51
3437   AE81             ;      		.db	$AD,$4A,$B5,$2A
3438   AE81             ;      		.db	$55,$FA,$8A,$52
3439   AE81             ;      		.db	$FA,$15,$AA,$AA
3440   AE81             ;      		.db	$2F,$A4,$DA,$D6
3441   AE81             ;      		.db	$42,$DA,$AA,$4A
3442   AE81             ;      		.db	$AA,$AF,$48,$AD
3443   AE81             ;      		.db	$AE,$44,$AD,$AE
3444   AE81             ;      		.db	$44,$AB,$AA,$4A
3445   AE81             ;      		.db	$AF,$2A,$A2,$AF
3446   AE81             ;      		.db	$55,$50,$AB,$6B
3447   AE81             ;      		.db	$A1,$5A,$55,$A9
3448   AE81             ;      		.db	$56,$A9,$4A,$AB
3449   AE81             ;      		.db	$5A,$A8,$AB,$52
3450   AE81             ;      		.db	$A9,$55,$55,$A4
3451   AE81             ;      		.db	$BF,$50,$25,$F7
3452   AE81             ;      		.db	$8A,$8A,$F6,$2A
3453   AE81             ;      		.db	$45,$BA,$AA,$2A
3454   AE81             ;      		.db	$EA,$55,$2A,$6A
3455   AE81             ;      		.db	$AB,$AA,$50,$57
3456   AE81             ;      		.db	$55,$49,$AD,$6A
3457   AE81             ;      		.db	$25,$6A,$D5,$2A
3458   AE81             ;      		.db	$AA,$FA,$4A,$8A
3459   AE81             ;      		.db	$FA,$55,$A4,$54
3460   AE81             ;      		.db	$5F,$85,$54,$6F
3461   AE81             ;      		.db	$15,$A9,$17
3462   AE81             ;ut2_chrp2_end 
3463   AE81             	
3464   AE81             ;ut2_drum_beg	.db   $00,$C0,$FE
3465   AE81             ;      		.db	$FF,$BF,$44,$48
3466   AE81             ;      		.db	$22,$02,$08,$A9
3467   AE81             ;      		.db	$BD,$FF,$FF,$AD
3468   AE81             ;      		.db	$4A,$04,$11,$22
3469   AE81             ;      		.db	$12,$A9,$DA,$FF
3470   AE81             ;      		.db	$FF,$AE,$2A,$29
3471   AE81             ;      		.db	$42,$00,$A2,$54
3472   AE81             ;      		.db	$BB,$DF,$DF,$B6
3473   AE81             ;      		.db	$AA,$12,$22,$44
3474   AE81             ;      		.db	$44,$49,$D5,$FE
3475   AE81             ;      		.db	$FE,$BB,$55,$25
3476   AE81             ;      		.db	$88,$88,$48,$49
3477   AE81             ;      		.db	$55,$7B,$EF,$FB
3478   AE81             ;      		.db	$B6,$55,$09,$02
3479   AE81             ;      		.db	$82,$48,$D5,$DA
3480   AE81             ;      		.db	$BB,$DD,$DD,$6D
3481   AE81             ;      		.db	$55,$82,$40,$40
3482   AE81             ;      		.db	$4A,$6D,$FB,$DE
3483   AE81             ;      		.db	$6F,$5B,$55,$21
3484   AE81             ;      		.db	$42,$08,$49,$AA
3485   AE81             ;      		.db	$6D,$77,$DF,$77
3486   AE81             ;      		.db	$AB,$2A,$21,$84
3487   AE81             ;      		.db	$10,$A9,$6A,$7B
3488   AE81             ;      		.db	$EF,$6E,$6B,$AD
3489   AE81             ;      		.db	$AA,$20,$08,$91
3490   AE81             ;      		.db	$A4,$EA,$F6,$B6
3491   AE81             ;      		.db	$ED,$BA,$5B,$2B
3492   AE81             ;      		.db	$41,$88,$44,$2A
3493   AE81             ;      		.db	$55,$D5,$7E,$EF
3494   AE81             ;      		.db	$6E,$DB,$4A,$81
3495   AE81             ;      		.db	$20,$10,$49,$D5
3496   AE81             ;      		.db	$F6,$DE,$7B,$6F
3497   AE81             ;      		.db	$5B,$25,$01,$01
3498   AE81             ;      		.db	$21,$A5,$DA,$F6
3499   AE81             ;      		.db	$BE,$77,$B7,$56
3500   AE81             ;      		.db	$12,$04,$21,$24
3501   AE81             ;      		.db	$A9,$6A,$F7,$F7
3502   AE81             ;      		.db	$BE,$6D,$55,$12
3503   AE81             ;      		.db	$08,$42,$A4,$AA
3504   AE81             ;      		.db	$F6,$EE,$ED,$DD
3505   AE81             ;      		.db	$56,$55,$08,$81
3506   AE81             ;      		.db	$88,$A4,$D4,$DA
3507   AE81             ;      		.db	$EF,$7D,$B7,$55
3508   AE81             ;      		.db	$25,$22,$84,$88
3509   AE81             ;      		.db	$A4,$54,$DB,$EF
3510   AE81             ;      		.db	$7B,$B7,$55,$25
3511   AE81             ;      		.db	$22,$04,$21,$29
3512   AE81             ;      		.db	$D5,$B6,$F7,$BE
3513   AE81             ;      		.db	$B7,$55,$95,$10
3514   AE81             ;      		.db	$42,$88,$A4,$AA
3515   AE81             ;      		.db	$ED,$FB,$EE,$AE
3516   AE81             ;      		.db	$55,$89,$88,$08
3517   AE81             ;      		.db	$91,$A4,$AA,$DD
3518   AE81             ;      		.db	$F7,$DE,$B6,$56
3519   AE81             ;      		.db	$49,$10,$22,$92
3520   AE81             ;      		.db	$52,$B5,$F6,$BD
3521   AE81             ;      		.db	$6D,$5B,$55,$15
3522   AE81             ;      		.db	$89,$88,$48,$92
3523   AE81             ;      		.db	$AA,$F5,$7B,$B7
3524   AE81             ;      		.db	$AD,$55,$55,$91
3525   AE81             ;      		.db	$88,$90,$44,$A9
3526   AE81             ;      		.db	$56,$EF,$EE,$6E
3527   AE81             ;      		.db	$6B,$55,$22,$12
3528   AE81             ;      		.db	$22,$92,$AA,$D6
3529   AE81             ;      		.db	$F6,$76,$B7,$5B
3530   AE81             ;      		.db	$AB,$12,$22,$21
3531   AE81             ;      		.db	$92,$4A,$B5,$ED
3532   AE81             ;      		.db	$6E,$DB,$B6,$55
3533   AE81             ;      		.db	$55,$88,$48,$24
3534   AE81             ;      		.db	$A5,$AA,$6A,$7B
3535   AE81             ;      		.db	$BB,$DB,$B6,$AA
3536   AE81             ;      		.db	$0A,$91,$88,$44
3537   AE81             ;      		.db	$4A,$55,$B5,$7D
3538   AE81             ;      		.db	$B7,$DB,$5A,$55
3539   AE81             ;      		.db	$48,$44,$44,$4A
3540   AE81             ;      		.db	$55,$ED,$DD,$ED
3541   AE81             ;      		.db	$6E,$AD,$AA,$10
3542   AE81             ;      		.db	$11,$89,$94,$AA
3543   AE81             ;      		.db	$DA,$BE,$DB,$6D
3544   AE81             ;      		.db	$AD,$AA,$10,$89
3545   AE81             ;      		.db	$24,$29,$55,$D5
3546   AE81             ;      		.db	$7A,$77,$B7,$B5
3547   AE81             ;      		.db	$AA,$22,$12,$91
3548   AE81             ;      		.db	$28,$95,$AA,$D6
3549   AE81             ;      		.db	$DE,$EE,$B6,$AD
3550   AE81             ;      		.db	$AA,$90,$48,$44
3551   AE81             ;      		.db	$92,$AA,$AA,$FB
3552   AE81             ;      		.db	$6E,$B7,$AD,$AA
3553   AE81             ;      		.db	$42,$24,$22,$49
3554   AE81             ;      		.db	$4A,$B5,$EE,$DD
3555   AE81             ;      		.db	$ED,$56,$AB,$14
3556   AE81             ;      		.db	$22,$91,$A4,$54
3557   AE81             ;      		.db	$55,$EB,$DB,$DD
3558   AE81             ;      		.db	$5A,$AB,$0A,$89
3559   AE81             ;      		.db	$24,$92,$A4,$AA
3560   AE81             ;      		.db	$76,$EF,$76,$DB
3561   AE81             ;      		.db	$AA,$2A,$12,$89
3562   AE81             ;      		.db	$44,$52,$AA,$EA
3563   AE81             ;      		.db	$DE,$DD,$B6,$AD
3564   AE81             ;      		.db	$AA,$90,$88,$44
3565   AE81             ;      		.db	$92,$52,$B5,$7D
3566   AE81             ;      		.db	$77,$DB,$B6,$AA
3567   AE81             ;      		.db	$22,$22,$22,$49
3568   AE81             ;      		.db	$AA,$AA,$ED,$BB
3569   AE81             ;      		.db	$6B,$5B,$55,$85
3570   AE81             ;      		.db	$44,$12,$49,$52
3571   AE81             ;      		.db	$55,$BB,$77,$BB
3572   AE81             ;      		.db	$B5,$55,$45,$92
3573   AE81             ;      		.db	$48,$92,$94,$AA
3574   AE81             ;      		.db	$D6,$BE,$ED,$B6
3575   AE81             ;      		.db	$55,$55,$24,$91
3576   AE81             ;      		.db	$48,$52,$A9,$5A
3577   AE81             ;      		.db	$DB,$BB,$6D,$5B
3578   AE81             ;      		.db	$55,$85,$44,$24
3579   AE81             ;      		.db	$52,$AA,$AA,$6D
3580   AE81             ;      		.db	$DF,$B6,$AD,$56
3581   AE81             ;      		.db	$85,$24,$92,$24
3582   AE81             ;ut2_drum_end
3583   AE81 4E 56 4A 55 ut2_shriek_beg    .db	$4E,$56,$4A,$55
3584   AE85 CD 34 E9 54       		.db	$CD,$34,$E9,$54
3585   AE89 27 D5 8A C7       		.db	$27,$D5,$8A,$C7
3586   AE8D 2A 6B 55 55       		.db	$2A,$6B,$55,$55
3587   AE91 94 A7 92 63       		.db	$94,$A7,$92,$63
3588   AE95 CE 68 53 55       		.db	$CE,$68,$53,$55
3589   AE99 CD 49 66 69       		.db	$CD,$49,$66,$69
3590   AE9D DA 68 2D A6       		.db	$DA,$68,$2D,$A6
3591   AEA1 0E 6B 5A 5A       		.db	$0E,$6B,$5A,$5A
3592   AEA5 8F 52 69 53       		.db	$8F,$52,$69,$53
3593   AEA9 ED C1 E1 78       		.db	$ED,$C1,$E1,$78
3594   AEAD 7C E1 30 E3       		.db	$7C,$E1,$30,$E3
3595   AEB1 F8 F0 F0 E2       		.db	$F8,$F0,$F0,$E2
3596   AEB5 F8 F0 D0 71       		.db	$F8,$F0,$D0,$71
3597   AEB9 7C F0 E1 E1       		.db	$7C,$F0,$E1,$E1
3598   AEBD 38 8E C7 8C       		.db	$38,$8E,$C7,$8C
3599   AEC1 E3 09 0F 1F       		.db	$E3,$09,$0F,$1F
3600   AEC5 C7 C3 03 C7       		.db	$C7,$C3,$03,$C7
3601   AEC9 3B 1C 2E CF       		.db	$3B,$1C,$2E,$CF
3602   AECD F0 F0 78 E8       		.db	$F0,$F0,$78,$E8
3603   AED1 C1 E3 F0 E1       		.db	$C1,$E3,$F0,$E1
3604   AED5 E1 85 C3 C7       		.db	$E1,$85,$C3,$C7
3605   AED9 19 0E 1F C7       		.db	$19,$0E,$1F,$C7
3606   AEDD F1 8C 71 1E       		.db	$F1,$8C,$71,$1E
3607   AEE1 0E 1C C7 70       		.db	$0E,$1C,$C7,$70
3608   AEE5 9C 71 86 E3       		.db	$9C,$71,$86,$E3
3609   AEE9 C4 C9 0F 9E       		.db	$C4,$C9,$0F,$9E
3610   AEED 8F 87 19 8F       		.db	$8F,$87,$19,$8F
3611   AEF1 03 1D 8F 87       		.db	$03,$1D,$8F,$87
3612   AEF5 8E C7 63 C6       		.db	$8E,$C7,$63,$C6
3613   AEF9 C7 63 C6 C3       		.db	$C7,$63,$C6,$C3
3614   AEFD 87 8C 23 1D       		.db	$87,$8C,$23,$1D
3615   AF01 27 4F 3C D6       		.db	$27,$4F,$3C,$D6
3616   AF05 38 7D 78 70       		.db	$38,$7D,$78,$70
3617   AF09 F8 70 F1 78       		.db	$F8,$70,$F1,$78
3618   AF0D B0 E1 78 C8       		.db	$B0,$E1,$78,$C8
3619   AF11 39 3C 3C 0E       		.db	$39,$3C,$3C,$0E
3620   AF15 0F 8E 79 DC       		.db	$0F,$8E,$79,$DC
3621   AF19 18 0E 9E E3       		.db	$18,$0E,$9E,$E3
3622   AF1D 91 E3 70 C2       		.db	$91,$E3,$70,$C2
3623   AF21 F8 F0 C8 F1       		.db	$F8,$F0,$C8,$F1
3624   AF25 70 CC F1 78       		.db	$70,$CC,$F1,$78
3625   AF29 C0 F1 78 C8       		.db	$C0,$F1,$78,$C8
3626   AF2D 78 3C 70 1C       		.db	$78,$3C,$70,$1C
3627   AF31 0E 8E 79 CC       		.db	$0E,$8E,$79,$CC
3628   AF35 0D 0F CE 70       		.db	$0D,$0F,$CE,$70
3629   AF39 3C 8C 07 CF       		.db	$3C,$8C,$07,$CF
3630   AF3D F0 E0 0D C7       		.db	$F0,$E0,$0D,$C7
3631   AF41 8D C3 61 C7       		.db	$8D,$C3,$61,$C7
3632   AF45 E1 F0 F1 70       		.db	$E1,$F0,$F1,$70
3633   AF49 D0 78 78 70       		.db	$D0,$78,$78,$70
3634   AF4D 1C 47 CE 70       		.db	$1C,$47,$CE,$70
3635   AF51 F8 0C 0F 67       		.db	$F8,$0C,$0F,$67
3636   AF55 78 38 8B C3       		.db	$78,$38,$8B,$C3
3637   AF59 19 8F C7 38       		.db	$19,$8F,$C7,$38
3638   AF5D F6 86 C7 71       		.db	$F6,$86,$C7,$71
3639   AF61 3C 73 86 03       		.db	$3C,$73,$86,$03
3640   AF65 C7 F0 E0 18       		.db	$C7,$F0,$E0,$18
3641   AF69 1E 39 C7 2B       		.db	$1E,$39,$C7,$2B
3642   AF6D 67 3C 78 C6       		.db	$67,$3C,$78,$C6
3643   AF71 A3 63 3C 7A       		.db	$A3,$63,$3C,$7A
3644   AF75 E3 C1 0F 0F       		.db	$E3,$C1,$0F,$0F
3645   AF79 E7 78 18 C3       		.db	$E7,$78,$18,$C3
3646   AF7D E1 18 47 67       		.db	$E1,$18,$47,$67
3647   AF81 78 38 C7 C3       		.db	$78,$38,$C7,$C3
3648   AF85 33 3C 7A 83       		.db	$33,$3C,$7A,$83
3649   AF89 23 67 38 71       		.db	$23,$67,$38,$71
3650   AF8D 86 87 67 38       		.db	$86,$87,$67,$38
3651   AF91 7A C3 C3 31       		.db	$7A,$C3,$C3,$31
3652   AF95 1C 8E F1 E1       		.db	$1C,$8E,$F1,$E1
3653   AF99 A4 27 2F 3C       		.db	$A4,$27,$2F,$3C
3654   AF9D 9C F1 68 8C       		.db	$9C,$F1,$68,$8C
3655   AFA1 87 67 38 1C       		.db	$87,$67,$38,$1C
3656   AFA5 C7 83 75 3C       		.db	$C7,$83,$75,$3C
3657   AFA9 78 86 03 E7       		.db	$78,$86,$03,$E7
3658   AFAD 78 F0 8E 47       		.db	$78,$F0,$8E,$47
3659   AFB1 67 38 36 87       		.db	$67,$38,$36,$87
3660   AFB5 A3 3D 3E 8D       		.db	$A3,$3D,$3E,$8D
3661   AFB9 E1 E9 24 87       		.db	$E1,$E9,$24,$87
3662   AFBD 33 4E 8C 70       		.db	$33,$4E,$8C,$70
3663   AFC1 F8 8C 87 77       		.db	$F8,$8C,$87,$77
3664   AFC5 3C 1C E3 C1       		.db	$3C,$1C,$E3,$C1
3665   AFC9 18 9E CC E3       		.db	$18,$9E,$CC,$E3
3666   AFCD D1 1B 8E 9E       		.db	$D1,$1B,$8E,$9E
3667   AFD1 E1 C0 1D 8E       		.db	$E1,$C0,$1D,$8E
3668   AFD5 C6 F0 34 8E       		.db	$C6,$F0,$34,$8E
3669   AFD9 A3 B1 1C CF       		.db	$A3,$B1,$1C,$CF
3670   AFDD 78 38 C6 C3       		.db	$78,$38,$C6,$C3
3671   AFE1 39 1E 4F F1       		.db	$39,$1E,$4F,$F1
3672   AFE5 78 8A C3 19       		.db	$78,$8A,$C3,$19
3673   AFE9 1E DE 78 3C       		.db	$1E,$DE,$78,$3C
3674   AFED 0C C7 4E 38       		.db	$0C,$C7,$4E,$38
3675   AFF1 B6 87 83 37       		.db	$B6,$87,$83,$37
3676   AFF5 3C 7C E1 E1       		.db	$3C,$7C,$E1,$E1
3677   AFF9 03 0F 77 38       		.db	$03,$0F,$77,$38
3678   AFFD 78 E1 E1 24       		.db	$78,$E1,$E1,$24
3679   B001 8F C3 3C 4E       		.db	$8F,$C3,$3C,$4E
3680   B005 E6 71 86 87       		.db	$E6,$71,$86,$87
3681   B009 33 3C 1C C3       		.db	$33,$3C,$1C,$C3
3682   B00D E1 39 8E 9D       		.db	$E1,$39,$8E,$9D
3683   B011 E3 D0 1B 8E       		.db	$E3,$D0,$1B,$8E
3684   B015 9D E1 E1 0C       		.db	$9D,$E1,$E1,$0C
3685   B019 0E E7 E1 38       		.db	$0E,$E7,$E1,$38
3686   B01D CB D3 18 87       		.db	$CB,$D3,$18,$87
3687   B021 C6 38 38 CB       		.db	$C6,$38,$38,$CB
3688   B025 C3 39 1E 8E       		.db	$C3,$39,$1E,$8E
3689   B029 F1 E0 0C 47       		.db	$F1,$E0,$0C,$47
3690   B02D CE 70 E2 0C       		.db	$CE,$70,$E2,$0C
3691   B031 1F CE F0 70       		.db	$1F,$CE,$F0,$70
3692   B035 0C 07 6F F8       		.db	$0C,$07,$6F,$F8
3693   B039 78 C3 C3 5B       		.db	$78,$C3,$C3,$5B
3694   B03D 1E 56 F8 38       		.db	$1E,$56,$F8,$38
3695   B041 CB E1 28 0E       		.db	$CB,$E1,$28,$0E
3696   B045 E7 F1 38 86       		.db	$E7,$F1,$38,$86
3697   B049 87 33 3C 9C       		.db	$87,$33,$3C,$9C
3698   B04D C3 C1 19 1E       		.db	$C3,$C1,$19,$1E
3699   B051 AD E1 C9 0B       		.db	$AD,$E1,$C9,$0B
3700   B055 1E DE F0 F0       		.db	$1E,$DE,$F0,$F0
3701   B059 84 87 27 3C       		.db	$84,$87,$27,$3C
3702   B05D 3C F9 E1 84       		.db	$3C,$F9,$E1,$84
3703   B061 87 27 3C 38       		.db	$87,$27,$3C,$38
3704   B065 C3 C3 33 1E       		.db	$C3,$C3,$33,$1E
3705   B069 BC C3 A1 33       		.db	$BC,$C3,$A1,$33
3706   B06D 1E 39 C3 C1       		.db	$1E,$39,$C3,$C1
3707   B071 1B 1E BC E1       		.db	$1B,$1E,$BC,$E1
3708   B075 E1 09 0F E7       		.db	$E1,$09,$0F,$E7
3709   B079 78 78 D2 C3       		.db	$78,$78,$D2,$C3
3710   B07D 91 0F CE 70       		.db	$91,$0F,$CE,$70
3711   B081 F0 86 87 67       		.db	$F0,$86,$87,$67
3712   B085 38 78 C7 43       		.db	$38,$78,$C7,$43
3713   B089 6F 78 70 86       		.db	$6F,$78,$70,$86
3714   B08D 83 67 38 78       		.db	$83,$67,$38,$78
3715   B091 86 C3 67 3C       		.db	$86,$C3,$67,$3C
3716   B095 3C C3 C3 1B       		.db	$3C,$C3,$C3,$1B
3717   B099 1E 9E F0 B4       		.db	$1E,$9E,$F0,$B4
3718   B09D A5 87 1D 1E       		.db	$A5,$87,$1D,$1E
3719   B0A1 8C E1 E1 1C       		.db	$8C,$E1,$E1,$1C
3720   B0A5 0E CE F1 F0       		.db	$0E,$CE,$F1,$F0
3721   B0A9 19 0E 9E F0       		.db	$19,$0E,$9E,$F0
3722   B0AD E0 09 0F DE       		.db	$E0,$09,$0F,$DE
3723   B0B1 F0 F0 0C 0F       		.db	$F0,$F0,$0C,$0F
3724   B0B5 6F 78 78 C3       		.db	$6F,$78,$78,$C3
3725   B0B9 C3 13 3E 9E       		.db	$C3,$13,$3E,$9E
3726   B0BD F0 F0 86 87       		.db	$F0,$F0,$86,$87
3727   B0C1 63 38 78 86       		.db	$63,$38,$78,$86
3728   B0C5 C3 6F 38 78       		.db	$C3,$6F,$38,$78
3729   B0C9 86 83 67 38       		.db	$86,$83,$67,$38
3730   B0CD 7C C6 C3 33       		.db	$7C,$C6,$C3,$33
3731   B0D1 3C 7C C3 C3       		.db	$3C,$7C,$C3,$C3
3732   B0D5 33 1E 9E E1       		.db	$33,$1E,$9E,$E1
3733   B0D9 F0 85 87 2F       		.db	$F0,$85,$87,$2F
3734   B0DD 3C 5C C3 C3       		.db	$3C,$5C,$C3,$C3
3735   B0E1 35 1C 7E C2       		.db	$35,$1C,$7E,$C2
3736   B0E5 C1 27 3C 7C       		.db	$C1,$27,$3C,$7C
3737   B0E9 C6 83 27 3C       		.db	$C6,$83,$27,$3C
3738   B0ED 3C C7 C3 07       		.db	$3C,$C7,$C3,$07
3739   B0F1 1E 3E E3 E1       		.db	$1E,$3E,$E3,$E1
3740   B0F5 51 1E 8E F3       		.db	$51,$1E,$8E,$F3
3741   B0F9 F0 20 47 CF       		.db	$F0,$20,$47,$CF
3742   B0FD 7A F0 8C 07       		.db	$7A,$F0,$8C,$07
3743   B101 CF F0 F0 1C       		.db	$CF,$F0,$F0,$1C
3744   B105 0E 8F E1 F8       		.db	$0E,$8F,$E1,$F8
3745   B109 18 1E 8F E1       		.db	$18,$1E,$8F,$E1
3746   B10D 69 1C 0E E7       		.db	$69,$1C,$0E,$E7
3747   B111 F0 30 0E 8F       		.db	$F0,$30,$0E,$8F
3748   B115 E3 78 1C 8F       		.db	$E3,$78,$1C,$8F
3749   B119 C3 73 3C 0C       		.db	$C3,$73,$3C,$0C
3750   B11D C7 B1 73 38       		.db	$C7,$B1,$73,$38
3751   B121 73 86 87 CF       		.db	$73,$86,$87,$CF
3752   B125 70 EC 0D C7       		.db	$70,$EC,$0D,$C7
3753   B129 9E F0 E0 89       		.db	$9E,$F0,$E0,$89
3754   B12D 8F 9E F0 F8       		.db	$8F,$9E,$F0,$F8
3755   B131 84 87 6B 78       		.db	$84,$87,$6B,$78
3756   B135 38 C3 C3 B1       		.db	$38,$C3,$C3,$B1
3757   B139 3C 3C C3 83       		.db	$3C,$3C,$C3,$83
3758   B13D 73 78 78 0E       		.db	$73,$78,$78,$0E
3759   B141 07 CF F1 E4       		.db	$07,$CF,$F1,$E4
3760   B145 1C 0F 9E E1       		.db	$1C,$0F,$9E,$E1
3761   B149 C1 1B 1E BE       		.db	$C1,$1B,$1E,$BE
3762   B14D F0 E0 07 0F       		.db	$F0,$E0,$07,$0F
3763   B151 6B 78 78 87       		.db	$6B,$78,$78,$87
3764   B155 87 73 78 3C       		.db	$87,$73,$78,$3C
3765   B159 83 CB 73 38       		.db	$83,$CB,$73,$38
3766   B15D 38 86 87 E7       		.db	$38,$86,$87,$E7
3767   B161 70 E8 0C 4F       		.db	$70,$E8,$0C,$4F
3768   B165 DE F0 E0 19       		.db	$DE,$F0,$E0,$19
3769   B169 0F DE F0 70       		.db	$0F,$DE,$F0,$70
3770   B16D 86 87 63 78       		.db	$86,$87,$63,$78
3771   B171 3C C7 C3 71       		.db	$3C,$C7,$C3,$71
3772   B175 3C 9E C1 E1       		.db	$3C,$9E,$C1,$E1
3773   B179 39 1C 1E 87       		.db	$39,$1C,$1E,$87
3774   B17D D3 F1 78 A4       		.db	$D3,$F1,$78,$A4
3775   B181 0E 67 DE F0       		.db	$0E,$67,$DE,$F0
3776   B185 E0 1D 0F 9E       		.db	$E0,$1D,$0F,$9E
3777   B189 F0 E0 0D 0F       		.db	$F0,$E0,$0D,$0F
3778   B18D 6F 70 F8 86       		.db	$6F,$70,$F8,$86
3779   B191 87 67 78 78       		.db	$87,$67,$78,$78
3780   B195 8E 07 C7 F0       		.db	$8E,$07,$C7,$F0
3781   B199 F0 18 1E 3D       		.db	$F0,$18,$1E,$3D
3782   B19D C3 C1 67 3C       		.db	$C3,$C1,$67,$3C
3783   B1A1 F0 8C 07 CF       		.db	$F0,$8C,$07,$CF
3784   B1A5 F0 F0 18 0F       		.db	$F0,$F0,$18,$0F
3785   B1A9 8F F1 F0 08       		.db	$8F,$F1,$F0,$08
3786   B1AD 0F 4F 78 F0       		.db	$0F,$4F,$78,$F0
3787   B1B1 0C 07 CF F0       		.db	$0C,$07,$CF,$F0
3788   B1B5 F0 19 0F 3B       		.db	$F0,$19,$0F,$3B
3789   B1B9 E6 11 8F 3C       		.db	$E6,$11,$8F,$3C
3790   B1BD F1 98 0F 8E       		.db	$F1,$98,$0F,$8E
3791   B1C1 E3 E1 38 1E       		.db	$E3,$E1,$38,$1E
3792   B1C5 1E E3 E1 11       		.db	$1E,$E3,$E1,$11
3793   B1C9 1E 1E E1 E1       		.db	$1E,$1E,$E1,$E1
3794   B1CD 39 1E 1E E3       		.db	$39,$1E,$1E,$E3
3795   B1D1 E1 63 3C F4       		.db	$E1,$63,$3C,$F4
3796   B1D5 98 0E 3C 87       		.db	$98,$0E,$3C,$87
3797   B1D9 87 C7 F0 F8       		.db	$87,$C7,$F0,$F8
3798   B1DD 18 8E 87 E3       		.db	$18,$8E,$87,$E3
3799   B1E1 F1 38 1C 1E       		.db	$F1,$38,$1C,$1E
3800   B1E5 C7 C3 73 3C       		.db	$C7,$C3,$73,$3C
3801   B1E9 3C C6 C3 63       		.db	$3C,$C6,$C3,$63
3802   B1ED 38 7A 8E 07       		.db	$38,$7A,$8E,$07
3803   B1F1 8F F1 C1 73       		.db	$8F,$F1,$C1,$73
3804   B1F5 78 78 1C 8E       		.db	$78,$78,$1C,$8E
3805   B1F9 2F C3 39 67       		.db	$2F,$C3,$39,$67
3806   B1FD 1E E3 87 23       		.db	$1E,$E3,$87,$23
3807   B201 7E 78 B0 0F       		.db	$7E,$78,$B0,$0F
3808   B205 0F C7 F0 F0       		.db	$0F,$C7,$F0,$F0
3809   B209 18 0F 1E E3       		.db	$18,$0F,$1E,$E3
3810   B20D C1 63 38 78       		.db	$C1,$63,$38,$78
3811   B211 3C 1E 3B 0E       		.db	$3C,$1E,$3B,$0E
3812   B215 6F 1C 83 8F       		.db	$6F,$1C,$83,$8F
3813   B219 67 72 F0 0C       		.db	$67,$72,$F0,$0C
3814   B21D 0F CF F0 F0       		.db	$0F,$CF,$F0,$F0
3815   B221 0C 0F CF E1       		.db	$0C,$0F,$CF,$E1
3816   B225 E1 09 8F 9E       		.db	$E1,$09,$8F,$9E
3817   B229 E1 D8 33 1C       		.db	$E1,$D8,$33,$1C
3818   B22D 7F 4C C3 0E       		.db	$7F,$4C,$C3,$0E
3819   B231 C3 31 E7 70       		.db	$C3,$31,$E7,$70
3820   B235 CE 19 8E BC       		.db	$CE,$19,$8E,$BC
3821   B239 E3 C1 37 3C       		.db	$E3,$C1,$37,$3C
3822   B23D 38 C3 C3 33       		.db	$38,$C3,$C3,$33
3823   B241 3C 1C C3 C3       		.db	$3C,$1C,$C3,$C3
3824   B245 71 38 3C 0E       		.db	$71,$38,$3C,$0E
3825   B249 87 8F E1 E1       		.db	$87,$8F,$E1,$E1
3826   B24D F1 70 FC 78       		.db	$F1,$70,$FC,$78
3827   B251 38 71 1C 3E       		.db	$38,$71,$1C,$3E
3828   B255 3C C7 83 C7       		.db	$3C,$C7,$83,$C7
3829   B259 78 FC 88 07       		.db	$78,$FC,$88,$07
3830   B25D F7 78 F0 0C       		.db	$F7,$78,$F0,$0C
3831   B261 0F 1F E1 E1       		.db	$0F,$1F,$E1,$E1
3832   B265 31 1F 38 0E       		.db	$31,$1F,$38,$0E
3833   B269 8F 8F C3 E3       		.db	$8F,$8F,$C3,$E3
3834   B26D E3 E1 C0 F3       		.db	$E3,$E1,$C0,$F3
3835   B271 F8 70 1C 1E       		.db	$F8,$70,$1C,$1E
3836   B275 1E C3 E1 71       		.db	$1E,$C3,$E1,$71
3837   B279 3C 3C C6 C3       		.db	$3C,$3C,$C6,$C3
3838   B27D 63 78 3C 0C       		.db	$63,$78,$3C,$0C
3839   B281 87 87 E3 B9       		.db	$87,$87,$E3,$B9
3840   B285 F0 70 87 73       		.db	$F0,$70,$87,$73
3841   B289 F8 70 3C 3C       		.db	$F8,$70,$3C,$3C
3842   B28D 1E 8E 47 CF       		.db	$1E,$8E,$47,$CF
3843   B291 70 D8 39 1E       		.db	$70,$D8,$39,$1E
3844   B295 3E E3 C1 35       		.db	$3E,$E3,$C1,$35
3845   B299 3C 1A 86 C3       		.db	$3C,$1A,$86,$C3
3846   B29D C7 F1 F0 38       		.db	$C7,$F1,$F0,$38
3847   B2A1 3C 5A 0E 67       		.db	$3C,$5A,$0E,$67
3848   B2A5 3C 87 07 8F       		.db	$3C,$87,$07,$8F
3849   B2A9 C3 E3 E3 78       		.db	$C3,$E3,$E3,$78
3850   B2AD F0 31 8F 78       		.db	$F0,$31,$8F,$78
3851   B2B1 A6 21 CF 7C       		.db	$A6,$21,$CF,$7C
3852   B2B5 F0 19 0F C6       		.db	$F0,$19,$0F,$C6
3853   B2B9 F3 C1 71 3C       		.db	$F3,$C1,$71,$3C
3854   B2BD 70 1C 1E 3C       		.db	$70,$1C,$1E,$3C
3855   B2C1 0E 0F 1E 8F       		.db	$0E,$0F,$1E,$8F
3856   B2C5 87 87 87 C7       		.db	$87,$87,$87,$C7
3857   B2C9 87 87 C3 E3       		.db	$87,$87,$C3,$E3
3858   B2CD E1 E1 19 0F       		.db	$E1,$E1,$19,$0F
3859   B2D1 8F C3 C3 71       		.db	$8F,$C3,$C3,$71
3860   B2D5 3C 78 C6 C3       		.db	$3C,$78,$C6,$C3
3861   B2D9 C7 F0 F0 70       		.db	$C7,$F0,$F0,$70
3862   B2DD 3C 7C 1C 1C       		.db	$3C,$7C,$1C,$1C
3863   B2E1 3C 1E 1E 1F       		.db	$3C,$1E,$1E,$1F
3864   B2E5 0F 8F 33 1E       		.db	$0F,$8F,$33,$1E
3865   B2E9 1E 1E 87 87       		.db	$1E,$1E,$87,$87
3866   B2ED CF F0 E0 11       		.db	$CF,$F0,$E0,$11
3867   B2F1 1F EE E1 83       		.db	$1F,$EE,$E1,$83
3868   B2F5 E7 F0 E0 31       		.db	$E7,$F0,$E0,$31
3869   B2F9 FC 70 1C 7E       		.db	$FC,$70,$1C,$7E
3870   B2FD 3C 0E 0F 1D       		.db	$3C,$0E,$0F,$1D
3871   B301 0F 87 1E 0F       		.db	$0F,$87,$1E,$0F
3872   B305 87 8F C3 C1       		.db	$87,$8F,$C3,$C1
3873   B309 33 3E 19 8E       		.db	$33,$3E,$19,$8E
3874   B30D 87 8F F1 E0       		.db	$87,$8F,$F1,$E0
3875   B311 71 38 DE 1C       		.db	$71,$38,$DE,$1C
3876   B315 1E 3C 0E 0F       		.db	$1E,$3C,$0E,$0F
3877   B319 1F 0F 0F 1F       		.db	$1F,$0F,$0F,$1F
3878   B31D 1E 0E 37 1E       		.db	$1E,$0E,$37,$1E
3879   B321 0E 1E 1E 0E       		.db	$0E,$1E,$1E,$0E
3880   B325 1F 0F 07 C7       		.db	$1F,$0F,$07,$C7
3881   B329 E1 E1 71 38       		.db	$E1,$E1,$71,$38
3882   B32D 79 CC 07 1F       		.db	$79,$CC,$07,$1F
3883   B331 D3 03 C7 E1       		.db	$D3,$03,$C7,$E1
3884   B335 A1 E3 F1 31       		.db	$A1,$E3,$F1,$31
3885   B339 CB C3 61 C6       		.db	$CB,$C3,$61,$C6
3886   B33D C7 C3 9E 87       		.db	$C7,$C3,$9E,$87
3887   B341 83 87 87 87       		.db	$83,$87,$87,$87
3888   B345 C7 E1 C3 63       		.db	$C7,$E1,$C3,$63
3889   B349 78 F8 38 3C       		.db	$78,$F8,$38,$3C
3890   B34D 3C 0E 0F 1F       		.db	$3C,$0E,$0F,$1F
3891   B351 0F 87 0B 1F       		.db	$0F,$87,$0B,$1F
3892   B355 8F 27 1C 1C       		.db	$8F,$27,$1C,$1C
3893   B359 8F 79 78 9C       		.db	$8F,$79,$78,$9C
3894   B35D E3 E1 70 E3       		.db	$E3,$E1,$70,$E3
3895   B361 E1 E1 C3 E1       		.db	$E1,$E1,$C3,$E1
3896   B365 E1 C3 E1 E1       		.db	$E1,$C3,$E1,$E1
3897   B369 E1 F0 38 F9       		.db	$E1,$F0,$38,$F9
3898   B36D F0 70 C6 E1       		.db	$F0,$70,$C6,$E1
3899   B371 E5 1C 97 0F       		.db	$E5,$1C,$97,$0F
3900   B375 33 3E 0E 4F       		.db	$33,$3E,$0E,$4F
3901   B379 B8 3C 9C F1       		.db	$B8,$3C,$9C,$F1
3902   B37D E1 30 E3 C1       		.db	$E1,$30,$E3,$C1
3903   B381 E1 C0 C3 C3       		.db	$E1,$C0,$C3,$C3
3904   B385 A1 47 87 E7       		.db	$A1,$47,$87,$E7
3905   B389 9C 78 8E 79       		.db	$9C,$78,$8E,$79
3906   B38D 72 38 E6 EC       		.db	$72,$38,$E6,$EC
3907   B391 E4 B8 33 B1       		.db	$E4,$B8,$33,$B1
3908   B395 61 CC E4 8E       		.db	$61,$CC,$E4,$8E
3909   B399 F3 73 1B 8E       		.db	$F3,$73,$1B,$8E
3910   B39D 0E 0F 18 3F       		.db	$0E,$0F,$18,$3F
3911   B3A1 2E C7 FC B0       		.db	$2E,$C7,$FC,$B0
3912   B3A5 1C E3 85 47       		.db	$1C,$E3,$85,$47
3913   B3A9 8C 17 1B 63       		.db	$8C,$17,$1B,$63
3914   B3AD DE DC 8C E3       		.db	$DE,$DC,$8C,$E3
3915   B3B1 20 73 8C 9F       		.db	$20,$73,$8C,$9F
3916   B3B5 D8 71 7C E0       		.db	$D8,$71,$7C,$E0
3917   B3B9 C3 F1 83 03       		.db	$C3,$F1,$83,$03
3918   B3BD 87 0F 8E 3C       		.db	$87,$0F,$8E,$3C
3919   B3C1 3E 70 E0 F1       		.db	$3E,$70,$E0,$F1
3920   B3C5 F0 03 8F 23       		.db	$F0,$03,$8F,$23
3921   B3C9 9D 6C 9E E1       		.db	$9D,$6C,$9E,$E1
3922   B3CD 41 F3 4C 9E       		.db	$41,$F3,$4C,$9E
3923   B3D1 38 C7 E4 E0       		.db	$38,$C7,$E4,$E0
3924   B3D5 61 0F 47 1E       		.db	$61,$0F,$47,$1E
3925   B3D9 DE F0 E2 F1       		.db	$DE,$F0,$E2,$F1
3926   B3DD 0C 87 1F E7       		.db	$0C,$87,$1F,$E7
3927   B3E1 E4 A0 61 1C       		.db	$E4,$A0,$61,$1C
3928   B3E5 1E 3E F4 E1       		.db	$1E,$3E,$F4,$E1
3929   B3E9 19 C7 3F 78       		.db	$19,$C7,$3F,$78
3930   B3ED 78 F8 0C 0F       		.db	$78,$F8,$0C,$0F
3931   B3F1 0F 8F C3 C3       		.db	$0F,$8F,$C3,$C3
3932   B3F5 C7 C7 E1 B0       		.db	$C7,$C7,$E1,$B0
3933   B3F9 E6 E1 E1 E1       		.db	$E6,$E1,$E1,$E1
3934   B3FD E1 E1 C1 C3       		.db	$E1,$E1,$C1,$C3
3935   B401 83 E3 13 FE       		.db	$83,$E3,$13,$FE
3936   B405 70 78 1C 7C       		.db	$70,$78,$1C,$7C
3937   B409 78 78 1C 3D       		.db	$78,$78,$1C,$3D
3938   B40D 3C 78 F8 F0       		.db	$3C,$78,$F8,$F0
3939   B411 91 A4 E3 E0       		.db	$91,$A4,$E3,$E0
3940   B415 E1 E1 C1 83       		.db	$E1,$E1,$C1,$83
3941   B419 C7 87 0F DE       		.db	$C7,$87,$0F,$DE
3942   B41D F0 70 70 F1       		.db	$F0,$70,$70,$F1
3943   B421 F8 F8 F0 70       		.db	$F8,$F8,$F0,$70
3944   B425 71 71 F8 38       		.db	$71,$71,$F8,$38
3945   B429 9C 32 3E 74       		.db	$9C,$32,$3E,$74
3946   B42D 72 E1 1A 1E       		.db	$72,$E1,$1A,$1E
3947   B431 3C 4E 7C F0       		.db	$3C,$4E,$7C,$F0
3948   B435 F0 83 C7 0F       		.db	$F0,$83,$C7,$0F
3949   B439 2F 3C 3C 5C       		.db	$2F,$3C,$3C,$5C
3950   B43D 0E 1E 3E 3C       		.db	$0E,$1E,$3E,$3C
3951   B441 74 C3 F1 84       		.db	$74,$C3,$F1,$84
3952   B445 D3 E3 E4 E1       		.db	$D3,$E3,$E4,$E1
3953   B449 C3 A1 B1 1C       		.db	$C3,$A1,$B1,$1C
3954   B44D 1D 3E E1 91       		.db	$1D,$3E,$E1,$91
3955   B451 C3                		.db	$C3
3956   B452             ut2_shriek_end
3957   B452 A9 AA 4A    ut2_tgrowl_beg    .db   $A9,$AA,$4A
3958   B455 AA AA 6A 55       		.db	$AA,$AA,$6A,$55
3959   B459 B5 55 55 55       		.db	$B5,$55,$55,$55
3960   B45D 55 55 55 55       		.db	$55,$55,$55,$55
3961   B461 25 55 05 5D       		.db	$25,$55,$05,$5D
3962   B465 52 AB AA 5F       		.db	$52,$AB,$AA,$5F
3963   B469 51 15 A8 DB       		.db	$51,$15,$A8,$DB
3964   B46D A5 1F F0 45       		.db	$A5,$1F,$F0,$45
3965   B471 6A 23 B5 52       		.db	$6A,$23,$B5,$52
3966   B475 D5 42 BB BA       		.db	$D5,$42,$BB,$BA
3967   B479 5B 01 94 A4       		.db	$5B,$01,$94,$A4
3968   B47D 7F 77 05 92       		.db	$7F,$77,$05,$92
3969   B481 AA FA AA 56       		.db	$AA,$FA,$AA,$56
3970   B485 85 4A A4 FA       		.db	$85,$4A,$A4,$FA
3971   B489 7B 77 09 00       		.db	$7B,$77,$09,$00
3972   B48D 52 FB DF 56       		.db	$52,$FB,$DF,$56
3973   B491 41 4A 51 6A       		.db	$41,$4A,$51,$6A
3974   B495 EF DE 2A 00       		.db	$EF,$DE,$2A,$00
3975   B499 21 ED F7 BB       		.db	$21,$ED,$F7,$BB
3976   B49D 24 80 AA FA       		.db	$24,$80,$AA,$FA
3977   B4A1 AD 6A AB 0A       		.db	$AD,$6A,$AB,$0A
3978   B4A5 22 88 EA EF       		.db	$22,$88,$EA,$EF
3979   B4A9 BF AA 00 12       		.db	$BF,$AA,$00,$12
3980   B4AD A5 FE 5E 89       		.db	$A5,$FE,$5E,$89
3981   B4B1 B6 55 84 20       		.db	$B6,$55,$84,$20
3982   B4B5 F5 FF 57 01       		.db	$F5,$FF,$57,$01
3983   B4B9 44 BB AF 40       		.db	$44,$BB,$AF,$40
3984   B4BD A4 FE 2B 4A       		.db	$A4,$FE,$2B,$4A
3985   B4C1 90 FE 0B DD       		.db	$90,$FE,$0B,$DD
3986   B4C5 AA 42 20 ED       		.db	$AA,$42,$20,$ED
3987   B4C9 FE AB 02 A0       		.db	$FE,$AB,$02,$A0
3988   B4CD EE AF 00 A9       		.db	$EE,$AF,$00,$A9
3989   B4D1 FB AB 02 22       		.db	$FB,$AB,$02,$22
3990   B4D5 DB 7F 15 80       		.db	$DB,$7F,$15,$80
3991   B4D9 EA DF 12 90       		.db	$EA,$DF,$12,$90
3992   B4DD B6 DF 2A 10       		.db	$B6,$DF,$2A,$10
3993   B4E1 B4 FB AF 00       		.db	$B4,$FB,$AF,$00
3994   B4E5 5B 1B 11 D9       		.db	$5B,$1B,$11,$D9
3995   B4E9 FE AE 12 80       		.db	$FE,$AE,$12,$80
3996   B4ED 57 7D A9 DD       		.db	$57,$7D,$A9,$DD
3997   B4F1 4A 04 42 FB       		.db	$4A,$04,$42,$FB
3998   B4F5 7F 97 00 F8       		.db	$7F,$97,$00,$F8
3999   B4F9 25 52 F5 5E       		.db	$25,$52,$F5,$5E
4000   B4FD 25 21 A8 EE       		.db	$25,$21,$A8,$EE
4001   B501 FF 96 00 7E       		.db	$FF,$96,$00,$7E
4002   B505 A1 A2 EA B7       		.db	$A1,$A2,$EA,$B7
4003   B509 2A 10 A8 FB       		.db	$2A,$10,$A8,$FB
4004   B50D DF 2A 00 6A       		.db	$DF,$2A,$00,$6A
4005   B511 F7 17 C0 7D       		.db	$F7,$17,$C0,$7D
4006   B515 25 90 DA 7E       		.db	$25,$90,$DA,$7E
4007   B519 57 11 80 FE       		.db	$57,$11,$80,$FE
4008   B51D BB 04 A4 FD       		.db	$BB,$04,$A4,$FD
4009   B521 2B 80 EA BB       		.db	$2B,$80,$EA,$BB
4010   B525 15 82 D4 FE       		.db	$15,$82,$D4,$FE
4011   B529 57 01 A8 BF       		.db	$57,$01,$A8,$BF
4012   B52D 2B 80 FA EE       		.db	$2B,$80,$FA,$EE
4013   B531 0A E0 95 DA       		.db	$0A,$E0,$95,$DA
4014   B535 D7 4A 00 FC       		.db	$D7,$4A,$00,$FC
4015   B539 57 41 F5 BD       		.db	$57,$41,$F5,$BD
4016   B53D 02 90 F7 53       		.db	$02,$90,$F7,$53
4017   B541 40 3F A4 DD       		.db	$40,$3F,$A4,$DD
4018   B545 76 25 00 FA       		.db	$76,$25,$00,$FA
4019   B549 5F 90 74 DF       		.db	$5F,$90,$74,$DF
4020   B54D 4A 08 A4 76       		.db	$4A,$08,$A4,$76
4021   B551 FF 4D 00 EC       		.db	$FF,$4D,$00,$EC
4022   B555 5F 09 54 DF       		.db	$5F,$09,$54,$DF
4023   B559 57 02 92 5F       		.db	$57,$02,$92,$5F
4024   B55D 76 AB 22 02       		.db	$76,$AB,$22,$02
4025   B561 BE AA DB B7       		.db	$BE,$AA,$DB,$B7
4026   B565 25 00 E8 8F       		.db	$25,$00,$E8,$8F
4027   B569 7B 2B 28 51       		.db	$7B,$2B,$28,$51
4028   B56D B5 BB 6F 01       		.db	$B5,$BB,$6F,$01
4029   B571 F0 8A C8 F6       		.db	$F0,$8A,$C8,$F6
4030   B575 6F 15 11 22       		.db	$6F,$15,$11,$22
4031   B579 75 BF AF 0A       		.db	$75,$BF,$AF,$0A
4032   B57D 81 50 DD FB       		.db	$81,$50,$DD,$FB
4033   B581 AD 12 08 54       		.db	$AD,$12,$08,$54
4034   B585 FB 7E 57 81       		.db	$FB,$7E,$57,$81
4035   B589 10 D4 EE FD       		.db	$10,$D4,$EE,$FD
4036   B58D AA 00 A8 5F       		.db	$AA,$00,$A8,$5F
4037   B591 D4 BD 55 10       		.db	$D4,$BD,$55,$10
4038   B595 91 EA DE DF       		.db	$91,$EA,$DE,$DF
4039   B599 12 00 6E A9       		.db	$12,$00,$6E,$A9
4040   B59D DA 7D AB 00       		.db	$DA,$7D,$AB,$00
4041   B5A1 54 E9 DE BF       		.db	$54,$E9,$DE,$BF
4042   B5A5 4A 00 2C F5       		.db	$4A,$00,$2C,$F5
4043   B5A9 1F D0 5F 80       		.db	$1F,$D0,$5F,$80
4044   B5AD 1F E8 1F D0       		.db	$1F,$E8,$1F,$D0
4045   B5B1 93 BE 95 00       		.db	$93,$BE,$95,$00
4046   B5B5 F5 DB AA C0       		.db	$F5,$DB,$AA,$C0
4047   B5B9 8A AA 7F 30       		.db	$8A,$AA,$7F,$30
4048   B5BD E9 0B 5C 48       		.db	$E9,$0B,$5C,$48
4049   B5C1 D7 FB 56 02       		.db	$D7,$FB,$56,$02
4050   B5C5 E0 CB 7E 05       		.db	$E0,$CB,$7E,$05
4051   B5C9 5C 45 AA EF       		.db	$5C,$45,$AA,$EF
4052   B5CD 56 25 80 D4       		.db	$56,$25,$80,$D4
4053   B5D1 FD 3F 51 01       		.db	$FD,$3F,$51,$01
4054   B5D5 E8 5F 48 EF       		.db	$E8,$5F,$48,$EF
4055   B5D9 AA 04 42 B5       		.db	$AA,$04,$42,$B5
4056   B5DD 77 DF 4A 20       		.db	$77,$DF,$4A,$20
4057   B5E1 A0 6F DB BD       		.db	$A0,$6F,$DB,$BD
4058   B5E5 25 08 24 B5       		.db	$25,$08,$24,$B5
4059   B5E9 EF 7D 53 00       		.db	$EF,$7D,$53,$00
4060   B5ED 20 FD D5 DE       		.db	$20,$FD,$D5,$DE
4061   B5F1 55 44 10 D5       		.db	$55,$44,$10,$D5
4062   B5F5 DE FB 56 11       		.db	$DE,$FB,$56,$11
4063   B5F9 00 F8 5B 6D       		.db	$00,$F8,$5B,$6D
4064   B5FD 5F 25 81 50       		.db	$5F,$25,$81,$50
4065   B601 ED BD DF 12       		.db	$ED,$BD,$DF,$12
4066   B605 01 40 7F D5       		.db	$01,$40,$7F,$D5
4067   B609 F6 55 22 08       		.db	$F6,$55,$22,$08
4068   B60D 69 FB 7E 9B       		.db	$69,$FB,$7E,$9B
4069   B611 04 00 FA 55       		.db	$04,$00,$FA,$55
4070   B615 DB DB 24 08       		.db	$DB,$DB,$24,$08
4071   B619 A2 F6 BD 5F       		.db	$A2,$F6,$BD,$5F
4072   B61D 25 00 D0 5F       		.db	$25,$00,$D0,$5F
4073   B621 D5 DE 55 04       		.db	$D5,$DE,$55,$04
4074   B625 21 D5 7E DF       		.db	$21,$D5,$7E,$DF
4075   B629 4B 02 04 FA       		.db	$4B,$02,$04,$FA
4076   B62D AB B6 B7 22       		.db	$AB,$B6,$B7,$22
4077   B631 04 A2 DD F7       		.db	$04,$A2,$DD,$F7
4078   B635 B7 24 00 D0       		.db	$B7,$24,$00,$D0
4079   B639 5F B5 7B 4B       		.db	$5F,$B5,$7B,$4B
4080   B63D 08 44 DA 7D       		.db	$08,$44,$DA,$7D
4081   B641 EF 55 04 00       		.db	$EF,$55,$04,$00
4082   B645 F9 6D ED DE       		.db	$F9,$6D,$ED,$DE
4083   B649 12 82 A0 EA       		.db	$12,$82,$A0,$EA
4084   B64D 7E F7 55 04       		.db	$7E,$F7,$55,$04
4085   B651 00 F9 6E DB       		.db	$00,$F9,$6E,$DB
4086   B655 DB 12 08 A2       		.db	$DB,$12,$08,$A2
4087   B659 DA EF DE 4B       		.db	$DA,$EF,$DE,$4B
4088   B65D 02 20 D4 7B       		.db	$02,$20,$D4,$7B
4089   B661 B7 B7 0A 82       		.db	$B7,$B7,$0A,$82
4090   B665 90 EA 7E F7       		.db	$90,$EA,$7E,$F7
4091   B669 56 04 80 68       		.db	$56,$04,$80,$68
4092   B66D F7 BD B7 12       		.db	$F7,$BD,$B7,$12
4093   B671 04 91 DA F7       		.db	$04,$91,$DA,$F7
4094   B675 DD 2B 11 00       		.db	$DD,$2B,$11,$00
4095   B679 D2 DD F7 5B       		.db	$D2,$DD,$F7,$5B
4096   B67D 09 04 51 F5       		.db	$09,$04,$51,$F5
4097   B681 BD 7B 95 40       		.db	$BD,$7B,$95,$40
4098   B685 80 B4 F7 FD       		.db	$80,$B4,$F7,$FD
4099   B689 2A 41 10 69       		.db	$2A,$41,$10,$69
4100   B68D F7 BD 57 11       		.db	$F7,$BD,$57,$11
4101   B691 00 51 7B DF       		.db	$00,$51,$7B,$DF
4102   B695 AF 84 10 A2       		.db	$AF,$84,$10,$A2
4103   B699 F6 DD B7 8A       		.db	$F6,$DD,$B7,$8A
4104   B69D 00 21 ED 5F       		.db	$00,$21,$ED,$5F
4105   B6A1 77 4B 02 A0       		.db	$77,$4B,$02,$A0
4106   B6A5 B6 DF AF 84       		.db	$B6,$DF,$AF,$84
4107   B6A9 10 51 ED D7       		.db	$10,$51,$ED,$D7
4108   B6AD B7 4A 00 A8       		.db	$B7,$4A,$00,$A8
4109   B6B1 DD 7F 2B 21       		.db	$DD,$7F,$2B,$21
4110   B6B5 44 AA FB 76       		.db	$44,$AA,$FB,$76
4111   B6B9 AB 04 00 B5       		.db	$AB,$04,$00,$B5
4112   B6BD F7 6F 89 10       		.db	$F7,$6F,$89,$10
4113   B6C1 49 DD AF B7       		.db	$49,$DD,$AF,$B7
4114   B6C5 0A 00 D2 EE       		.db	$0A,$00,$D2,$EE
4115   B6C9 BF 4A 24 84       		.db	$BF,$4A,$24,$84
4116   B6CD FA 57 5F 25       		.db	$FA,$57,$5F,$25
4117   B6D1 01 90             		.db	$01,$90
4118   B6D3             ut2_tgrowl_end
4119   B6D3             
4120   B6D3             ;ut2_squawk_beg    .db   $5F
4121   B6D3             ;      		.db	$00,$FE,$53,$80
4122   B6D3             ;      		.db	$FE,$6B,$01,$F0
4123   B6D3             ;      		.db	$7F,$80,$ED,$27
4124   B6D3             ;      		.db	$E0,$C1,$FF,$00
4125   B6D3             ;      		.db	$3F,$F8,$21,$F0
4126   B6D3             ;      		.db	$A7,$40,$FF,$03
4127   B6D3             ;      		.db	$07,$FE,$04,$3D
4128   B6D3             ;      		.db	$7E,$1C,$F0,$4F
4129   B6D3             ;      		.db	$E8,$E0,$3B,$F0
4130   B6D3             ;      		.db	$07,$F8,$57,$05
4131   B6D3             ;      		.db	$F0,$0F,$5E,$45
4132   B6D3             ;      		.db	$0D,$FE,$00,$FF
4133   B6D3             ;      		.db	$83,$C0,$2F,$AD
4134   B6D3             ;      		.db	$1E,$38,$FC,$01
4135   B6D3             ;      		.db	$FA,$C3,$07,$C7
4136   B6D3             ;      		.db	$C5,$1F,$80,$3F
4137   B6D3             ;      		.db	$E0,$1F,$C4,$1F
4138   B6D3             ;      		.db	$E0,$1F,$E0,$0F
4139   B6D3             ;      		.db	$FA,$03,$FC,$83
4140   B6D3             ;      		.db	$7F,$80,$3F,$E0
4141   B6D3             ;      		.db	$07,$F8,$01,$3F
4142   B6D3             ;      		.db	$C0,$0F,$F8,$03
4143   B6D3             ;      		.db	$FC,$80,$1F,$E0
4144   B6D3             ;      		.db	$07,$FE,$1C,$7C
4145   B6D3             ;      		.db	$E0,$0F,$F0,$C1
4146   B6D3             ;      		.db	$3F,$C0,$07,$FC
4147   B6D3             ;      		.db	$80,$1F,$F0,$07
4148   B6D3             ;      		.db	$7C,$C0,$1F,$F0
4149   B6D3             ;      		.db	$03,$7F,$80,$07
4150   B6D3             ;      		.db	$FF,$00,$3E,$F8
4151   B6D3             ;      		.db	$03,$F0,$C3,$1F
4152   B6D3             ;      		.db	$C0,$1F,$F8,$81
4153   B6D3             ;      		.db	$1F,$F0,$03,$3E
4154   B6D3             ;      		.db	$8C,$0F,$F0,$01
4155   B6D3             ;      		.db	$3F,$C0,$07,$FC
4156   B6D3             ;      		.db	$00,$1F,$E0,$03
4157   B6D3             ;      		.db	$7C,$80,$1F,$F0
4158   B6D3             ;      		.db	$01,$7F,$80,$0F
4159   B6D3             ;      		.db	$F8,$01,$3E,$C0
4160   B6D3             ;      		.db	$0F,$F0,$01,$7C
4161   B6D3             ;      		.db	$C0,$0F,$F0,$03
4162   B6D3             ;      		.db	$3E,$C0,$0F,$F0
4163   B6D3             ;      		.db	$01,$7E,$80,$0F
4164   B6D3             ;      		.db	$F0,$03,$7E,$80
4165   B6D3             ;      		.db	$1F,$F0,$41,$7E
4166   B6D3             ;      		.db	$80,$0F,$F0,$03
4167   B6D3             ;      		.db	$7E,$80,$0F,$F0
4168   B6D3             ;      		.db	$01,$7E,$80,$0F
4169   B6D3             ;      		.db	$F0,$03,$7E,$80
4170   B6D3             ;      		.db	$1F,$F0,$01,$FE
4171   B6D3             ;      		.db	$80,$0F,$F8,$03
4172   B6D3             ;      		.db	$7E,$C0,$1F,$F0
4173   B6D3             ;      		.db	$03,$7E,$80,$1F
4174   B6D3             ;      		.db	$E0,$07,$7C,$80
4175   B6D3             ;      		.db	$1F,$E0,$03,$FC
4176   B6D3             ;      		.db	$80,$1F,$F0,$07
4177   B6D3             ;      		.db	$FC,$80,$3F,$C0
4178   B6D3             ;      		.db	$03,$FF,$00,$3F
4179   B6D3             ;      		.db	$F8,$03,$F8,$01
4180   B6D3             ;      		.db	$3F,$C0,$0F,$F0
4181   B6D3             ;      		.db	$03,$7E,$80,$1F
4182   B6D3             ;      		.db	$E0,$03,$FC,$01
4183   B6D3             ;      		.db	$3F,$E0,$0F,$F8
4184   B6D3             ;      		.db	$01,$7E,$80,$0F
4185   B6D3             ;      		.db	$F0,$03,$FC,$80
4186   B6D3             ;      		.db	$1F,$C0,$07,$F8
4187   B6D3             ;      		.db	$01,$7E,$C0,$0F
4188   B6D3             ;      		.db	$E0,$07,$FE,$00
4189   B6D3             ;      		.db	$7E,$C0,$1F,$84
4190   B6D3             ;      		.db	$0F,$F0,$07,$E1
4191   B6D3             ;      		.db	$03,$FE,$01,$F8
4192   B6D3             ;      		.db	$80,$3F,$30,$3F
4193   B6D3             ;      		.db	$F0,$0F,$1E,$1F
4194   B6D3             ;      		.db	$DC,$0F,$0F,$1F
4195   B6D3             ;      		.db	$E0,$0F,$8C,$0F
4196   B6D3             ;      		.db	$FE,$03,$0F,$1E
4197   B6D3             ;      		.db	$87,$CF,$03,$1F
4198   B6D3             ;      		.db	$E0,$07,$1E,$03
4199   B6D3             ;      		.db	$FE,$81,$0F,$FC
4200   B6D3             ;      		.db	$C0,$C1,$1F,$F8
4201   B6D3             ;      		.db	$00,$FF,$81,$87
4202   B6D3             ;      		.db	$87,$07,$F8,$07
4203   B6D3             ;      		.db	$F8,$E0,$BF,$C0
4204   B6D3             ;      		.db	$1B,$3E,$1E,$BC
4205   B6D3             ;      		.db	$1F,$04,$3F,$F8
4206   B6D3             ;      		.db	$0F,$F0,$07,$3F
4207   B6D3             ;      		.db	$C0,$5F,$E3,$80
4208   B6D3             ;      		.db	$3F,$F1,$C3,$F0
4209   B6D3             ;      		.db	$61,$FC,$C8,$E3
4210   B6D3             ;      		.db	$F8,$01,$7C,$DF
4211   B6D3             ;      		.db	$03,$F0,$FB,$1E
4212   B6D3             ;      		.db	$E0,$77,$F5,$00
4213   B6D3             ;      		.db	$FF,$0D,$B8,$1E
4214   B6D3             ;      		.db	$3F,$18,$FE,$B4
4215   B6D3             ;      		.db	$34,$7C,$FC,$03
4216   B6D3             ;      		.db	$7E,$F0,$3F,$C0
4217   B6D3             ;      		.db	$1F,$FC,$81,$1F
4218   B6D3             ;      		.db	$FC,$03,$FC,$E0
4219   B6D3             ;      		.db	$1F,$F8,$01,$FF
4220   B6D3             ;      		.db	$E0,$1A,$FC,$C0
4221   B6D3             ;      		.db	$2F,$F0,$0F,$7C
4222   B6D3             ;      		.db	$F0,$1D,$F8,$48
4223   B6D3             ;      		.db	$F9,$C1,$0F,$FC
4224   B6D3             ;      		.db	$D2,$17,$E0,$0F
4225   B6D3             ;      		.db	$FC,$81,$3F,$F0
4226   B6D3             ;      		.db	$07,$FE,$01,$3F
4227   B6D3             ;      		.db	$F0,$0F,$7C,$81
4228   B6D3             ;      		.db	$7F,$F0,$41,$3F
4229   B6D3             ;      		.db	$78,$87,$C7,$63
4230   B6D3             ;      		.db	$6D,$09,$FF,$C2
4231   B6D3             ;      		.db	$C3,$E1,$E3,$0F
4232   B6D3             ;      		.db	$F4,$81,$7F,$80
4233   B6D3             ;      		.db	$EF,$E1,$C1,$78
4234   B6D3             ;      		.db	$FE,$00,$3F,$F0
4235   B6D3             ;      		.db	$0F,$F8,$C1,$1F
4236   B6D3             ;      		.db	$E0,$07,$FE,$03
4237   B6D3             ;      		.db	$7E,$E0,$0F,$F0
4238   B6D3             ;      		.db	$83,$FF,$80,$1F
4239   B6D3             ;      		.db	$FC,$03,$FC,$81
4240   B6D3             ;      		.db	$1F,$F0,$07,$7E
4241   B6D3             ;      		.db	$C0,$1F,$F0,$03
4242   B6D3             ;      		.db	$7F,$C0,$3F,$F0
4243   B6D3             ;      		.db	$03,$FE,$80,$1F
4244   B6D3             ;      		.db	$FA,$03,$FC,$C1
4245   B6D3             ;      		.db	$1F,$F0,$07,$7E
4246   B6D3             ;      		.db	$C0,$1F,$F8,$81
4247   B6D3             ;      		.db	$7F,$C0,$07,$FC
4248   B6D3             ;      		.db	$81,$7F,$C0,$0F
4249   B6D3             ;      		.db	$F8,$07,$FC,$10
4250   B6D3             ;      		.db	$FF,$C0,$3F,$38
4251   B6D3             ;      		.db	$46,$1F,$D6,$03
4252   B6D3             ;      		.db	$FF,$00,$7F,$D0
4253   B6D3             ;      		.db	$0F,$F8,$43,$3D
4254   B6D3             ;      		.db	$78,$57,$2E,$F0
4255   B6D3             ;      		.db	$2F,$F8,$16,$F4
4256   B6D3             ;      		.db	$07,$BF,$C0,$1F
4257   B6D3             ;      		.db	$3E,$C0,$3F,$A5
4258   B6D3             ;      		.db	$03,$FC,$17,$0C
4259   B6D3             ;      		.db	$1F,$FB,$80,$F6
4260   B6D3             ;      		.db	$0F,$E8,$83,$5F
4261   B6D3             ;      		.db	$60,$D5,$0F,$A3
4262   B6D3             ;      		.db	$23,$7E,$A8,$0F
4263   B6D3             ;      		.db	$3E,$C5,$0F,$F8
4264   B6D3             ;      		.db	$07,$FC,$81,$DF
4265   B6D3             ;      		.db	$03,$3F,$E0,$07
4266   B6D3             ;      		.db	$3F,$6C,$F0,$81
4267   B6D3             ;      		.db	$3F,$F8,$92,$E1
4268   B6D3             ;      		.db	$07,$3E,$F8,$35
4269   B6D3             ;      		.db	$F0,$78,$B9,$62
4270   B6D3             ;      		.db	$8B,$87,$E7,$E0
4271   B6D3             ;      		.db	$2F,$5C,$F0,$E1
4272   B6D3             ;      		.db	$07,$FE,$00,$1F
4273   B6D3             ;ut2_squawk_end      		
4274   B6D3             ;ut2_caw_beg    .db	$78,$78,$78,$83
4275   B6D3             ;      		.db	$87,$C3,$3F,$70
4276   B6D3             ;      		.db	$3C,$FC,$81,$87
4277   B6D3             ;      		.db	$0F,$FB,$70,$78
4278   B6D3             ;      		.db	$F8,$07,$C7,$87
4279   B6D3             ;      		.db	$3C,$38,$3C,$E8
4280   B6D3             ;      		.db	$C3,$E1,$C1,$3F
4281   B6D3             ;      		.db	$08,$1F,$F0,$C3
4282   B6D3             ;      		.db	$F0,$C1,$3E,$0C
4283   B6D3             ;      		.db	$0F,$FE,$61,$78
4284   B6D3             ;      		.db	$E0,$07,$C3,$07
4285   B6D3             ;      		.db	$7E,$30,$3E,$F0
4286   B6D3             ;      		.db	$83,$F1,$C1,$1F
4287   B6D3             ;      		.db	$0C,$0F,$FE,$E0
4288   B6D3             ;      		.db	$78,$E0,$07,$E6
4289   B6D3             ;      		.db	$C1,$3F,$38,$1E
4290   B6D3             ;      		.db	$FC,$C3,$F0,$E0
4291   B6D3             ;      		.db	$0F,$86,$87,$7F
4292   B6D3             ;      		.db	$30,$3C,$F8,$83
4293   B6D3             ;      		.db	$E1,$E1,$1F,$0C
4294   B6D3             ;      		.db	$0F,$E7,$E1,$70
4295   B6D3             ;      		.db	$38,$0F,$C7,$83
4296   B6D3             ;      		.db	$3F,$1C,$1E,$F8
4297   B6D3             ;      		.db	$E1,$78,$E0,$0F
4298   B6D3             ;      		.db	$C6,$83,$7F,$30
4299   B6D3             ;      		.db	$1E,$FC,$C1,$F0
4300   B6D3             ;      		.db	$E0,$0F,$86,$07
4301   B6D3             ;      		.db	$7F,$30,$3C,$F8
4302   B6D3             ;      		.db	$C3,$E1,$81,$3F
4303   B6D3             ;      		.db	$0C,$0F,$FC,$61
4304   B6D3             ;      		.db	$78,$F8,$07,$C3
4305   B6D3             ;      		.db	$C3,$3F,$1C,$1E
4306   B6D3             ;      		.db	$FC,$41,$F0,$F0
4307   B6D3             ;      		.db	$0F,$8E,$07,$FF
4308   B6D3             ;      		.db	$E0,$78,$F0,$0F
4309   B6D3             ;      		.db	$C6,$07,$7F,$60
4310   B6D3             ;      		.db	$3C,$FC,$81,$C7
4311   B6D3             ;      		.db	$C3,$1F,$38,$3C
4312   B6D3             ;      		.db	$FC,$81,$C7,$C3
4313   B6D3             ;      		.db	$1D,$7C,$3C,$DC
4314   B6D3             ;      		.db	$E0,$C3,$07,$7D
4315   B6D3             ;      		.db	$3E,$78,$30,$8F
4316   B6D3             ;      		.db	$81,$0F,$FC,$81
4317   B6D3             ;      		.db	$F3,$81,$1F,$78
4318   B6D3             ;      		.db	$3C,$F8,$83,$0F
4319   B6D3             ;      		.db	$8E,$37,$F8,$C1
4320   B6D3             ;      		.db	$E3,$18,$BF,$F0
4321   B6D3             ;      		.db	$01,$3F,$78,$3C
4322   B6D3             ;      		.db	$F8,$83,$0F,$0F
4323   B6D3             ;      		.db	$1E,$F8,$07,$1E
4324   B6D3             ;      		.db	$87,$7C,$1E,$3C
4325   B6D3             ;      		.db	$3C,$8E,$87,$C3
4326   B6D3             ;      		.db	$E3,$F0,$F0,$81
4327   B6D3             ;      		.db	$87,$1F,$BE,$80
4328   B6D3             ;      		.db	$8F,$E7,$F0,$03
4329   B6D3             ;      		.db	$0F,$C7,$C7,$2F
4330   B6D3             ;      		.db	$70,$3E,$E4,$07
4331   B6D3             ;      		.db	$FE,$C0,$7E,$E0
4332   B6D3             ;      		.db	$11,$7E,$F0,$11
4333   B6D3             ;      		.db	$EF,$03,$BF,$C0
4334   B6D3             ;      		.db	$2F,$F8,$03,$DE
4335   B6D3             ;      		.db	$81,$3F,$F0,$05
4336   B6D3             ;      		.db	$FE,$C0,$E7,$E0
4337   B6D3             ;      		.db	$07,$7C,$C6,$47
4338   B6D3             ;      		.db	$E0,$F1,$7C,$C0
4339   B6D3             ;      		.db	$0F,$FC,$81,$3F
4340   B6D3             ;      		.db	$90,$0F,$BF,$42
4341   B6D3             ;      		.db	$3C,$3E,$5C,$F0
4342   B6D3             ;      		.db	$17,$1E,$1C,$3F
4343   B6D3             ;      		.db	$7C,$E0,$07,$8F
4344   B6D3             ;      		.db	$C6,$57,$A0,$27
4345   B6D3             ;      		.db	$6F,$09,$1C,$FF
4346   B6D3             ;      		.db	$03,$0E,$7F,$1C
4347   B6D3             ;      		.db	$85,$FA,$E1,$71
4348   B6D3             ;      		.db	$E0,$2B,$0F,$1E
4349   B6D3             ;      		.db	$9E,$AB,$70,$F8
4350   B6D3             ;      		.db	$C1,$07,$87,$FB
4351   B6D3             ;      		.db	$30,$3C,$C8,$1F
4352   B6D3             ;      		.db	$F0,$E1,$E1,$1C
4353   B6D3             ;      		.db	$1E,$FC,$C0,$EB
4354   B6D3             ;      		.db	$B0,$0E,$DE,$C1
4355   B6D3             ;      		.db	$3D,$E0,$1F,$F0
4356   B6D3             ;      		.db	$83,$4F,$70,$1F
4357   B6D3             ;      		.db	$1E,$0F,$FE,$C1
4358   B6D3             ;      		.db	$03,$7C,$1E,$8E
4359   B6D3             ;      		.db	$C3,$57,$F0,$38
4360   B6D3             ;      		.db	$3E,$04,$8F,$E3
4361   B6D3             ;      		.db	$07,$F8,$98,$BE
4362   B6D3             ;      		.db	$C0,$2F,$78,$F0
4363   B6D3             ;      		.db	$0E,$8D,$0F,$F8
4364   B6D3             ;      		.db	$03,$FF,$00,$7F
4365   B6D3             ;      		.db	$E0,$27,$F8,$03
4366   B6D3             ;      		.db	$AF,$E0,$79,$38
4367   B6D3             ;      		.db	$0E,$5F,$E1,$63
4368   B6D3             ;      		.db	$F0,$07,$7E,$81
4369   B6D3             ;      		.db	$BF,$E0,$17,$F8
4370   B6D3             ;      		.db	$E1,$71,$E0,$57
4371   B6D3             ;      		.db	$AC,$03,$9F,$53
4372   B6D3             ;      		.db	$78,$F0,$C1,$27
4373   B6D3             ;      		.db	$E0,$07,$3E,$05
4374   B6D3             ;      		.db	$3F,$F8,$15,$F8
4375   B6D3             ;      		.db	$C0,$3F,$80,$A7
4376   B6D3             ;      		.db	$F9,$41,$3E,$F8
4377   B6D3             ;      		.db	$02,$5F,$C1,$E7
4378   B6D3             ;      		.db	$F0,$03,$FE,$80
4379   B6D3             ;      		.db	$3F,$E0,$17,$F8
4380   B6D3             ;      		.db	$02,$7F,$E0,$07
4381   B6D3             ;      		.db	$7E,$0C,$1F,$3C
4382   B6D3             ;      		.db	$7C,$F0,$E1,$C1
4383   B6D3             ;      		.db	$87,$0F,$3E,$78
4384   B6D3             ;      		.db	$7C,$E0,$E1,$F0
4385   B6D3             ;      		.db	$07,$1E,$1E,$1F
4386   B6D3             ;      		.db	$F8,$E1,$78,$80
4387   B6D3             ;      		.db	$3F,$D8,$83,$FB
4388   B6D3             ;      		.db	$81,$0E,$9F,$87
4389   B6D3             ;      		.db	$A1,$77,$F4,$81
4390   B6D3             ;      		.db	$07,$3F,$E0,$87
4391   B6D3             ;      		.db	$56,$F8,$E0,$F1
4392   B6D3             ;      		.db	$82,$8F,$0F,$17
4393   B6D3             ;      		.db	$E3,$1B,$F8,$E0
4394   B6D3             ;      		.db	$F1,$03,$EF,$C0
4395   B6D3             ;      		.db	$1F,$F8,$30,$1F
4396   B6D3             ;      		.db	$78,$7C,$80,$0F
4397   B6D3             ;      		.db	$FE,$80,$4F,$74
4398   B6D3             ;      		.db	$78,$F8,$03,$1F
4399   B6D3             ;      		.db	$0F,$E3,$E1,$1F
4400   B6D3             ;      		.db	$F8,$10,$7F,$E0
4401   B6D3             ;      		.db	$07,$7E,$05,$E3
4402   B6D3             ;      		.db	$83
4403   B6D3             ;ut2_caw_end      		
4404   B6D3             
4405   B6D3 0F B1       ut2_tiger1_beg    .db   $0F,$B1
4406   B6D5 14 91 BA FF       		.db	$14,$91,$BA,$FF
4407   B6D9 56 0A 20 B4       		.db	$56,$0A,$20,$B4
4408   B6DD DD 7D 2B 42       		.db	$DD,$7D,$2B,$42
4409   B6E1 C0 54 F7 7F       		.db	$C0,$54,$F7,$7F
4410   B6E5 A8 96 00 A9       		.db	$A8,$96,$00,$A9
4411   B6E9 ED FD 0D A8       		.db	$ED,$FD,$0D,$A8
4412   B6ED 84 D0 7E FB       		.db	$84,$D0,$7E,$FB
4413   B6F1 2E C0 25 48       		.db	$2E,$C0,$25,$48
4414   B6F5 FD 0F D8 17       		.db	$FD,$0F,$D8,$17
4415   B6F9 80 FF 02 F5       		.db	$80,$FF,$02,$F5
4416   B6FD 9F 80 5F 01       		.db	$9F,$80,$5F,$01
4417   B701 F9 17 D0 7E       		.db	$F9,$17,$D0,$7E
4418   B705 05 DC 0B F4       		.db	$05,$DC,$0B,$F4
4419   B709 D4 BE 0A E0       		.db	$D4,$BE,$0A,$E0
4420   B70D 1F F0 17 A4       		.db	$1F,$F0,$17,$A4
4421   B711 FD E0 D0 2B       		.db	$FD,$E0,$D0,$2B
4422   B715 90 FA 0F 0E       		.db	$90,$FA,$0F,$0E
4423   B719 F9 1B A0 5F       		.db	$F9,$1B,$A0,$5F
4424   B71D E0 17 52 FF       		.db	$E0,$17,$52,$FF
4425   B721 02 6A AF 02       		.db	$02,$6A,$AF,$02
4426   B725 AF 90 FE A2       		.db	$AF,$90,$FE,$A2
4427   B729 7A 0B F0 8A       		.db	$7A,$0B,$F0,$8A
4428   B72D 50 FF 03 FE       		.db	$50,$FF,$03,$FE
4429   B731 02 F4 17 F0       		.db	$02,$F4,$17,$F0
4430   B735 2B D0 2F 24       		.db	$2B,$D0,$2F,$24
4431   B739 FB 0B E8 17       		.db	$FB,$0B,$E8,$17
4432   B73D E8 97 40 7F       		.db	$E8,$97,$40,$7F
4433   B741 41 BF 01 F4       		.db	$41,$BF,$01,$F4
4434   B745 17 C8 3F 50       		.db	$17,$C8,$3F,$50
4435   B749 EF 12 E0 2F       		.db	$EF,$12,$E0,$2F
4436   B74D A1 FA 07 74       		.db	$A1,$FA,$07,$74
4437   B751 0B A1 BF 48       		.db	$0B,$A1,$BF,$48
4438   B755 FB 06 2E 20       		.db	$FB,$06,$2E,$20
4439   B759 FF 50 77 93       		.db	$FF,$50,$77,$93
4440   B75D 12 91 EA 1F       		.db	$12,$91,$EA,$1F
4441   B761 B5 AB 40 48       		.db	$B5,$AB,$40,$48
4442   B765 D5 FD 2F AA       		.db	$D5,$FD,$2F,$AA
4443   B769 04 A0 FF 44       		.db	$04,$A0,$FF,$44
4444   B76D ED 5B 01 03       		.db	$ED,$5B,$01,$03
4445   B771 F4 1F D8 1F       		.db	$F4,$1F,$D8,$1F
4446   B775 D0 0F D0 3F       		.db	$D0,$0F,$D0,$3F
4447   B779 90 BF 02 7E       		.db	$90,$BF,$02,$7E
4448   B77D 01 7F 82 FA       		.db	$01,$7F,$82,$FA
4449   B781 0B F8 82 F4       		.db	$0B,$F8,$82,$F4
4450   B785 07 FA 0D F8       		.db	$07,$FA,$0D,$F8
4451   B789 05 E9 0F EC       		.db	$05,$E9,$0F,$EC
4452   B78D 4D 40 BF 50       		.db	$4D,$40,$BF,$50
4453   B791 7F 41 2F C0       		.db	$7F,$41,$2F,$C0
4454   B795 3F 48 FD 16       		.db	$3F,$48,$FD,$16
4455   B799 E0 2B A2 5E       		.db	$E0,$2B,$A2,$5E
4456   B79D DD 15 C0 07       		.db	$DD,$15,$C0,$07
4457   B7A1 FD 0B F4 27       		.db	$FD,$0B,$F4,$27
4458   B7A5 F8 02 F5 83       		.db	$F8,$02,$F5,$83
4459   B7A9 FA 15 F0 83       		.db	$FA,$15,$F0,$83
4460   B7AD F4 53 5B 01       		.db	$F4,$53,$5B,$01
4461   B7B1 7E 21 F5 43       		.db	$7E,$21,$F5,$43
4462   B7B5 6F 02 F4 07       		.db	$6F,$02,$F4,$07
4463   B7B9 ED 17 F0 45       		.db	$ED,$17,$F0,$45
4464   B7BD A8 FE 02 7F       		.db	$A8,$FE,$02,$7F
4465   B7C1 02 BF 80 FA       		.db	$02,$BF,$80,$FA
4466   B7C5 83 DE 25 50       		.db	$83,$DE,$25,$50
4467   B7C9 B7 D2 BE 01       		.db	$B7,$D2,$BE,$01
4468   B7CD AD 00 FF 42       		.db	$AD,$00,$FF,$42
4469   B7D1 FF 05 E8 03       		.db	$FF,$05,$E8,$03
4470   B7D5 FA B0 2F B8       		.db	$FA,$B0,$2F,$B8
4471   B7D9 22 55 DB 3F       		.db	$22,$55,$DB,$3F
4472   B7DD A0 17 C0 87       		.db	$A0,$17,$C0,$87
4473   B7E1 FA A7 AA 40       		.db	$FA,$A7,$AA,$40
4474   B7E5 B9 5A FB 16       		.db	$B9,$5A,$FB,$16
4475   B7E9 C0 87 0A AF       		.db	$C0,$87,$0A,$AF
4476   B7ED EE 6F 80 17       		.db	$EE,$6F,$80,$17
4477   B7F1 A0 FE 0B D0       		.db	$A0,$FE,$0B,$D0
4478   B7F5 5F E0 A4 EA       		.db	$5F,$E0,$A4,$EA
4479   B7F9 5F C1 30 7E       		.db	$5F,$C1,$30,$7E
4480   B7FD 01 F5 1F E0       		.db	$01,$F5,$1F,$E0
4481   B801 17 50 7F C0       		.db	$17,$50,$7F,$C0
4482   B805 5F 40 7F A0       		.db	$5F,$40,$7F,$A0
4483   B809 1F E8 5E 01       		.db	$1F,$E8,$5E,$01
4484   B80D 7E A8 7E D0       		.db	$7E,$A8,$7E,$D0
4485   B811 AD 10 F8 A5       		.db	$AD,$10,$F8,$A5
4486   B815 EA 0F F4 02       		.db	$EA,$0F,$F4,$02
4487   B819 F8 0B F5 B6       		.db	$F8,$0B,$F5,$B6
4488   B81D 95 00 BF 12       		.db	$95,$00,$BF,$12
4489   B821 75 5B B7 12       		.db	$75,$5B,$B7,$12
4490   B825 00 7F A8 7F       		.db	$00,$7F,$A8,$7F
4491   B829 05 DC F0 83       		.db	$05,$DC,$F0,$83
4492   B82D 07 E8 BF 80       		.db	$07,$E8,$BF,$80
4493   B831 FA 1B 14 AA       		.db	$FA,$1B,$14,$AA
4494   B835 FD 0B C0 BF       		.db	$FD,$0B,$C0,$BF
4495   B839 02 FA 0B F8       		.db	$02,$FA,$0B,$F8
4496   B83D 0B D4 AF 80       		.db	$0B,$D4,$AF,$80
4497   B841 FE 02 F5 5B       		.db	$FE,$02,$F5,$5B
4498   B845 80 97 D4 FE       		.db	$80,$97,$D4,$FE
4499   B849 02 7C 05 F4       		.db	$02,$7C,$05,$F4
4500   B84D 07 F5 43 DB       		.db	$07,$F5,$43,$DB
4501   B851 00 FE A0 5F       		.db	$00,$FE,$A0,$5F
4502   B855 A0 F6 2B 60       		.db	$A0,$F6,$2B,$60
4503   B859 51 FF 16 A0       		.db	$51,$FF,$16,$A0
4504   B85D EF 12 B0 7A       		.db	$EF,$12,$B0,$7A
4505   B861 7D 4B 00 FD       		.db	$7D,$4B,$00,$FD
4506   B865 B6 02 F8 17       		.db	$B6,$02,$F8,$17
4507   B869 7A 1F C0 2F       		.db	$7A,$1F,$C0,$2F
4508   B86D 20 FF 02 FA       		.db	$20,$FF,$02,$FA
4509   B871 1B C0 4F E8       		.db	$1B,$C0,$4F,$E8
4510   B875 F3 70 C0 6F       		.db	$F3,$70,$C0,$6F
4511   B879 08 F5 17 E8       		.db	$08,$F5,$17,$E8
4512   B87D 57 D0 13 D2       		.db	$57,$D0,$13,$D2
4513   B881 7F 05 E8 AF       		.db	$7F,$05,$E8,$AF
4514   B885 80 7E 90 BF       		.db	$80,$7E,$90,$BF
4515   B889 02 F2 AF 60       		.db	$02,$F2,$AF,$60
4516   B88D A4 FE 05 FA       		.db	$A4,$FE,$05,$FA
4517   B891 02 7D 11 E9       		.db	$02,$7D,$11,$E9
4518   B895 5F 40 BF 05       		.db	$5F,$40,$BF,$05
4519   B899 F0 07 E9 5F       		.db	$F0,$07,$E9,$5F
4520   B89D C0 5F C0 9F       		.db	$C0,$5F,$C0,$9F
4521   B8A1 A0 7E 05 E1       		.db	$A0,$7E,$05,$E1
4522   B8A5 8B FA 05 DA       		.db	$8B,$FA,$05,$DA
4523   B8A9 9B 00 7F A1       		.db	$9B,$00,$7F,$A1
4524   B8AD 0F B7 4D C0       		.db	$0F,$B7,$4D,$C0
4525   B8B1 47 54 FF 02       		.db	$47,$54,$FF,$02
4526   B8B5 D4 5F 01 55       		.db	$D4,$5F,$01,$55
4527   B8B9 ED EF 02 C0       		.db	$ED,$EF,$02,$C0
4528   B8BD BF 02 E9 FE       		.db	$BF,$02,$E9,$FE
4529   B8C1 0A 20 FF 05       		.db	$0A,$20,$FF,$05
4530   B8C5 E8 2F 50 7F       		.db	$E8,$2F,$50,$7F
4531   B8C9 81 15 D5 5F       		.db	$81,$15,$D5,$5F
4532   B8CD A0 B7 10 54       		.db	$A0,$B7,$10,$54
4533   B8D1 FF 05 B4          		.db	$FF,$05,$B4
4534   B8D4             ut2_tiger1_end      		
4535   B8D4 B4          ut2_tiger2_beg    .db   $B4
4536   B8D5 B7 54 08 6A       		.db	$B7,$54,$08,$6A
4537   B8D9 FF 97 08 E8       		.db	$FF,$97,$08,$E8
4538   B8DD BF 00 FF 02       		.db	$BF,$00,$FF,$02
4539   B8E1 FA 15 70 FD       		.db	$FA,$15,$70,$FD
4540   B8E5 40 ED 55 81       		.db	$40,$ED,$55,$81
4541   B8E9 A4 ED 7E 4B       		.db	$A4,$ED,$7E,$4B
4542   B8ED 22 08 EA BF       		.db	$22,$08,$EA,$BF
4543   B8F1 D0 DE AA 00       		.db	$D0,$DE,$AA,$00
4544   B8F5 E0 1F EA 5F       		.db	$E0,$1F,$EA,$5F
4545   B8F9 A0 4F 40 7F       		.db	$A0,$4F,$40,$7F
4546   B8FD 90 FD 01 FA       		.db	$90,$FD,$01,$FA
4547   B901 09 D4 1F E8       		.db	$09,$D4,$1F,$E8
4548   B905 AF C0 47 A8       		.db	$AF,$C0,$47,$A8
4549   B909 FD 05 D0 5F       		.db	$FD,$05,$D0,$5F
4550   B90D A0 1F E8 2F       		.db	$A0,$1F,$E8,$2F
4551   B911 E0 C7 26 A1       		.db	$E0,$C7,$26,$A1
4552   B915 DA F7 02 F4       		.db	$DA,$F7,$02,$F4
4553   B919 05 F8 4F A0       		.db	$05,$F8,$4F,$A0
4554   B91D BF 80 7D 13       		.db	$BF,$80,$7D,$13
4555   B921 38 A9 FE 4D       		.db	$38,$A9,$FE,$4D
4556   B925 80 BF 80 7F       		.db	$80,$BF,$80,$7F
4557   B929 C0 5F 90 DA       		.db	$C0,$5F,$90,$DA
4558   B92D 97 0A 41 FD       		.db	$97,$0A,$41,$FD
4559   B931 83 EC 57 E0       		.db	$83,$EC,$57,$E0
4560   B935 22 EA 5F 40       		.db	$22,$EA,$5F,$40
4561   B939 7F A8 8D A0       		.db	$7F,$A8,$8D,$A0
4562   B93D FA 1F C0 5F       		.db	$FA,$1F,$C0,$5F
4563   B941 81 49 FD 17       		.db	$81,$49,$FD,$17
4564   B945 A0 5F 80 BF       		.db	$A0,$5F,$80,$BF
4565   B949 A0 DE 2E 01       		.db	$A0,$DE,$2E,$01
4566   B94D D2 FE 03 B4       		.db	$D2,$FE,$03,$B4
4567   B951 5F 80 BF 40       		.db	$5F,$80,$BF,$40
4568   B955 7F A0 DF 08       		.db	$7F,$A0,$DF,$08
4569   B959 F4 17 D0 5F       		.db	$F4,$17,$D0,$5F
4570   B95D 40 7F 01 FB       		.db	$40,$7F,$01,$FB
4571   B961 05 FA 05 7A       		.db	$05,$FA,$05,$7A
4572   B965 E8 5E 01 3A       		.db	$E8,$5E,$01,$3A
4573   B969 F5 BB 00 72       		.db	$F5,$BB,$00,$72
4574   B96D BF 12 22 AD       		.db	$BF,$12,$22,$AD
4575   B971 FF 02 FC 0A       		.db	$FF,$02,$FC,$0A
4576   B975 FC 84 F4 5F       		.db	$FC,$84,$F4,$5F
4577   B979 80 BF 80 FC       		.db	$80,$BF,$80,$FC
4578   B97D 2B F0 13 D4       		.db	$2B,$F0,$13,$D4
4579   B981 5F 40 BF 02       		.db	$5F,$40,$BF,$02
4580   B985 FE 02 F5 17       		.db	$FE,$02,$F5,$17
4581   B989 E8 17 E0 0F       		.db	$E8,$17,$E0,$0F
4582   B98D 52 7F C0 3D       		.db	$52,$7F,$C0,$3D
4583   B991 01 FD 05 D5       		.db	$01,$FD,$05,$D5
4584   B995 5F C0 2F C0       		.db	$5F,$C0,$2F,$C0
4585   B999 7E 81 FA 0B       		.db	$7E,$81,$FA,$0B
4586   B99D F8 25 48 FF       		.db	$F8,$25,$48,$FF
4587   B9A1 80 FA 42 5F       		.db	$80,$FA,$42,$5F
4588   B9A5 08 D5 7F 01       		.db	$08,$D5,$7F,$01
4589   B9A9 DA 47 2B 10       		.db	$DA,$47,$2B,$10
4590   B9AD FF 41 FD 2A       		.db	$FF,$41,$FD,$2A
4591   B9B1 40 BF C0 5F       		.db	$40,$BF,$C0,$5F
4592   B9B5 01 FD 2D 80       		.db	$01,$FD,$2D,$80
4593   B9B9 3E 47 ED 0D       		.db	$3E,$47,$ED,$0D
4594   B9BD E0 2D D0 3F       		.db	$E0,$2D,$D0,$3F
4595   B9C1 A8 7E 03 75       		.db	$A8,$7E,$03,$75
4596   B9C5 02 ED A3 DD       		.db	$02,$ED,$A3,$DD
4597   B9C9 02 F4 97 90       		.db	$02,$F4,$97,$90
4598   B9CD DA 7D 55 00       		.db	$DA,$7D,$55,$00
4599   B9D1 FC 83 FC 17       		.db	$FC,$83,$FC,$17
4600   B9D5 D0 BE 00 6F       		.db	$D0,$BE,$00,$6F
4601   B9D9 A8 DF 02 F0       		.db	$A8,$DF,$02,$F0
4602   B9DD 2F 50 7F A0       		.db	$2F,$50,$7F,$A0
4603   B9E1 5F A0 8B D4       		.db	$5F,$A0,$8B,$D4
4604   B9E5 FB 4A 00 FD       		.db	$FB,$4A,$00,$FD
4605   B9E9 2B 48 B5 BF       		.db	$2B,$48,$B5,$BF
4606   B9ED 02 EC 8B A0       		.db	$02,$EC,$8B,$A0
4607   B9F1 FA 5F 40 DF       		.db	$FA,$5F,$40,$DF
4608   B9F5 12 50 4F BF       		.db	$12,$50,$4F,$BF
4609   B9F9 0B A0 BF 04       		.db	$0B,$A0,$BF,$04
4610   B9FD AA FF 02 F4       		.db	$AA,$FF,$02,$F4
4611   BA01 5B 00 FF 42       		.db	$5B,$00,$FF,$42
4612   BA05 D4 7E E8 0A       		.db	$D4,$7E,$E8,$0A
4613   BA09 E0 5F 44 F5       		.db	$E0,$5F,$44,$F5
4614   BA0D 5E 01 F4 97       		.db	$5E,$01,$F4,$97
4615   BA11 40 2F DD 5B       		.db	$40,$2F,$DD,$5B
4616   BA15 09 C0 FB 25       		.db	$09,$C0,$FB,$25
4617   BA19 F0 A5 B6 57       		.db	$F0,$A5,$B6,$57
4618   BA1D 09 80 FE 07       		.db	$09,$80,$FE,$07
4619   BA21 EA 5F A0 2F       		.db	$EA,$5F,$A0,$2F
4620   BA25 84 D4 7F 01       		.db	$84,$D4,$7F,$01
4621   BA29 F5 2D 10 FD       		.db	$F5,$2D,$10,$FD
4622   BA2D 48 F7 03 EA       		.db	$48,$F7,$03,$EA
4623   BA31 8A 48 DB 76       		.db	$8A,$48,$DB,$76
4624   BA35 B7 0A 00 F4       		.db	$B7,$0A,$00,$F4
4625   BA39 3F 50 FF 09       		.db	$3F,$50,$FF,$09
4626   BA3D E8 17 90 FD       		.db	$E8,$17,$90,$FD
4627   BA41 05 F4 0B F8       		.db	$05,$F4,$0B,$F8
4628   BA45 17 C8 DF 80       		.db	$17,$C8,$DF,$80
4629   BA49 7E 05 D4 4B       		.db	$7E,$05,$D4,$4B
4630   BA4D 7B 03 D8 5F       		.db	$7B,$03,$D8,$5F
4631   BA51 C0 4F A8 FD       		.db	$C0,$4F,$A8,$FD
4632   BA55 02 F2 5B E0       		.db	$02,$F2,$5B,$E0
4633   BA59 16 F4 4F 50       		.db	$16,$F4,$4F,$50
4634   BA5D BF 41 0A 55       		.db	$BF,$41,$0A,$55
4635   BA61 FF 0A 90 FD       		.db	$FF,$0A,$90,$FD
4636   BA65 15 48 BA FE       		.db	$15,$48,$BA,$FE
4637   BA69 15 40 7F 91       		.db	$15,$40,$7F,$91
4638   BA6D 44 B5 FF 0A       		.db	$44,$B5,$FF,$0A
4639   BA71 C0 DF 02 54       		.db	$C0,$DF,$02,$54
4640   BA75 FB 57 02 AA       		.db	$FB,$57,$02,$AA
4641   BA79 7F A9 04 E8       		.db	$7F,$A9,$04,$E8
4642   BA7D BF 40 FD 96       		.db	$BF,$40,$FD,$96
4643   BA81 10 54 FF 0B       		.db	$10,$54,$FF,$0B
4644   BA85 A8 7D 25 40       		.db	$A8,$7D,$25,$40
4645   BA89 FB D5 25 A0       		.db	$FB,$D5,$25,$A0
4646   BA8D F6 17 A0 AF       		.db	$F6,$17,$A0,$AF
4647   BA91 07 5E 84 FA       		.db	$07,$5E,$84,$FA
4648   BA95 2F E0 D1 5D       		.db	$2F,$E0,$D1,$5D
4649   BA99 09 A8 FB 69       		.db	$09,$A8,$FB,$69
4650   BA9D 01 EA 2F 48       		.db	$01,$EA,$2F,$48
4651   BAA1 DF 56 10 E8       		.db	$DF,$56,$10,$E8
4652   BAA5 3F A1 7E 17       		.db	$3F,$A1,$7E,$17
4653   BAA9 E0 0B A2 FE       		.db	$E0,$0B,$A2,$FE
4654   BAAD 0B 68 6F 21       		.db	$0B,$68,$6F,$21
4655   BAB1 C8 FE 22 5D       		.db	$C8,$FE,$22,$5D
4656   BAB5 AD 2A 80 EA       		.db	$AD,$2A,$80,$EA
4657   BAB9 FF 02 D4 BB       		.db	$FF,$02,$D4,$BB
4658   BABD 12 40 7F E8       		.db	$12,$40,$7F,$E8
4659   BAC1 6F 01 F8 57       		.db	$6F,$01,$F8,$57
4660   BAC5 E0 8D EC 5B       		.db	$E0,$8D,$EC,$5B
4661   BAC9 00 7E 0B D4       		.db	$00,$7E,$0B,$D4
4662   BACD BF C0 DB 00       		.db	$BF,$C0,$DB,$00
4663   BAD1 1F 1F 7C 19       		.db	$1F,$1F,$7C,$19
4664   BAD5 D8 87 48 FF       		.db	$D8,$87,$48,$FF
4665   BAD9 0A A4 F7 4A       		.db	$0A,$A4,$F7,$4A
4666   BADD 80 FA 07 EA       		.db	$80,$FA,$07,$EA
4667   BAE1 2F 50 ED 42       		.db	$2F,$50,$ED,$42
4668   BAE5 54 FF 81 EE       		.db	$54,$FF,$81,$EE
4669   BAE9 02 F8 0B D4       		.db	$02,$F8,$0B,$D4
4670   BAED BF 80 7E 13       		.db	$BF,$80,$7E,$13
4671   BAF1 D0 BF C0 4B       		.db	$D0,$BF,$C0,$4B
4672   BAF5 A1 5F 50 BF       		.db	$A1,$5F,$50,$BF
4673   BAF9 80 FC 15 E8       		.db	$80,$FC,$15,$E8
4674   BAFD 2F D0 FA E1       		.db	$2F,$D0,$FA,$E1
4675   BB01 00 FB 56 10       		.db	$00,$FB,$56,$10
4676   BB05 75 F5 2F 01       		.db	$75,$F5,$2F,$01
4677   BB09 7B 15 F0 95       		.db	$7B,$15,$F0,$95
4678   BB0D 54 7F 0B 50       		.db	$54,$7F,$0B,$50
4679   BB11 BB 04 A9 FF       		.db	$BB,$04,$A9,$FF
4680   BB15 0B 3C 81 FE       		.db	$0B,$3C,$81,$FE
4681   BB19 09 54 EF 2B       		.db	$09,$54,$EF,$2B
4682   BB1D 80 FE 01 F5       		.db	$80,$FE,$01,$F5
4683   BB21 17 F0 5B 20       		.db	$17,$F0,$5B,$20
4684   BB25 F5 3B 01 ED       		.db	$F5,$3B,$01,$ED
4685   BB29 57 88 AA DD       		.db	$57,$88,$AA,$DD
4686   BB2D 57 01 E8 1F       		.db	$57,$01,$E8,$1F
4687   BB31 90 FE C1 6D       		.db	$90,$FE,$C1,$6D
4688   BB35 09 42 EF 17       		.db	$09,$42,$EF,$17
4689   BB39 90 FD 15 82       		.db	$90,$FD,$15,$82
4690   BB3D F4 F7 02 A8       		.db	$F4,$F7,$02,$A8
4691   BB41 7F 01 69 7F       		.db	$7F,$01,$69,$7F
4692   BB45 05 A8 FE 55       		.db	$05,$A8,$FE,$55
4693   BB49 40 F5 6F 01       		.db	$40,$F5,$6F,$01
4694   BB4D 72 BF 00 F5       		.db	$72,$BF,$00,$F5
4695   BB51 2F 01 F5 AF       		.db	$2F,$01,$F5,$AF
4696   BB55 00 F5 B7 00       		.db	$00,$F5,$B7,$00
4697   BB59 D5 BF 80 D4       		.db	$D5,$BF,$80,$D4
4698   BB5D 6F 05 D0 BF       		.db	$6F,$05,$D0,$BF
4699   BB61 A0 76 17 AA       		.db	$A0,$76,$17,$AA
4700   BB65 A4 D0 DD B7       		.db	$A4,$D0,$DD,$B7
4701   BB69 02 54 7F 05       		.db	$02,$54,$7F,$05
4702   BB6D 50 DF 9B 80       		.db	$50,$DF,$9B,$80
4703   BB71 EA 5F 02 7B       		.db	$EA,$5F,$02,$7B
4704   BB75 AB 00 B2 FF       		.db	$AB,$00,$B2,$FF
4705   BB79 02 A9 EF 2A       		.db	$02,$A9,$EF,$2A
4706   BB7D 00 F5 DF 12       		.db	$00,$F5,$DF,$12
4707   BB81 A8 7D 97 04       		.db	$A8,$7D,$97,$04
4708   BB85 60 FF 15 29       		.db	$60,$FF,$15,$29
4709   BB89 DD 2B 11 54       		.db	$DD,$2B,$11,$54
4710   BB8D AA 75 FF 56       		.db	$AA,$75,$FF,$56
4711   BB91 88 04 F6 2A       		.db	$88,$04,$F6,$2A
4712   BB95 A5 7E 2F A1       		.db	$A5,$7E,$2F,$A1
4713   BB99 02 F6 AF 08       		.db	$02,$F6,$AF,$08
4714   BB9D A9 FE AA 50       		.db	$A9,$FE,$AA,$50
4715   BBA1 AB 55 24 49       		.db	$AB,$55,$24,$49
4716   BBA5 69 FF AD 0B       		.db	$69,$FF,$AD,$0B
4717   BBA9 40 5A 15 A9       		.db	$40,$5A,$15,$A9
4718   BBAD EE 5F 8B 0A       		.db	$EE,$5F,$8B,$0A
4719   BBB1 5C 04 DA BE       		.db	$5C,$04,$DA,$BE
4720   BBB5 B7 AA 55 82       		.db	$B7,$AA,$55,$82
4721   BBB9 40 54 F7 EF       		.db	$40,$54,$F7,$EF
4722   BBBD 6D AB 00 01       		.db	$6D,$AB,$00,$01
4723   BBC1 A2 F6 FE 97       		.db	$A2,$F6,$FE,$97
4724   BBC5 52 45 12 41       		.db	$52,$45,$12,$41
4725   BBC9 DA FF 57 04       		.db	$DA,$FF,$57,$04
4726   BBCD D4 5D 84 DA       		.db	$D4,$5D,$84,$DA
4727   BBD1 2B B5 92 DE       		.db	$2B,$B5,$92,$DE
4728   BBD5 2E 2A 44 4B       		.db	$2E,$2A,$44,$4B
4729   BBD9 24 DD EF 2A       		.db	$24,$DD,$EF,$2A
4730   BBDD 55 55 04 25       		.db	$55,$55,$04,$25
4731   BBE1 B5 7E 7F 91       		.db	$B5,$7E,$7F,$91
4732   BBE5 52 15 00 D4       		.db	$52,$15,$00,$D4
4733   BBE9 FD 57 49 DB       		.db	$FD,$57,$49,$DB
4734   BBED 2A 40 AA F6       		.db	$2A,$40,$AA,$F6
4735   BBF1 6E DB 6A 55       		.db	$6E,$DB,$6A,$55
4736   BBF5 02 00 A8 DF       		.db	$02,$00,$A8,$DF
4737   BBF9 BB 6D B7 8A       		.db	$BB,$6D,$B7,$8A
4738   BBFD 00 90 ED BD       		.db	$00,$90,$ED,$BD
4739   BC01 B5 AD 42 20       		.db	$B5,$AD,$42,$20
4740   BC05 52 DA DE BF       		.db	$52,$DA,$DE,$BF
4741   BC09 55 4A 24 25       		.db	$55,$4A,$24,$25
4742   BC0D 09 D9 FB AA       		.db	$09,$D9,$FB,$AA
4743   BC11 ED 55 2D 01       		.db	$ED,$55,$2D,$01
4744   BC15 A2 2A D2 FE       		.db	$A2,$2A,$D2,$FE
4745   BC19 B6 DB 8D 00       		.db	$B6,$DB,$8D,$00
4746   BC1D 5A 15 21 B5       		.db	$5A,$15,$21,$B5
4747   BC21 DF 6E 75 25       		.db	$DF,$6E,$75,$25
4748   BC25 A8 4E 10 75       		.db	$A8,$4E,$10,$75
4749   BC29 FB 0B A0 7F       		.db	$FB,$0B,$A0,$7F
4750   BC2D 05 A4 F6 AD       		.db	$05,$A4,$F6,$AD
4751   BC31 8A 54 5D 68       		.db	$8A,$54,$5D,$68
4752   BC35 B5 D5 B6 B7       		.db	$B5,$D5,$B6,$B7
4753   BC39 09 80 AA 12       		.db	$09,$80,$AA,$12
4754   BC3D 91 FE 7F 49       		.db	$91,$FE,$7F,$49
4755   BC41 BA 55 51 95       		.db	$BA,$55,$51,$95
4756   BC45 94 12 55 55       		.db	$94,$12,$55,$55
4757   BC49 F5 EE DD 12       		.db	$F5,$EE,$DD,$12
4758   BC4D 08 08 B4 DB       		.db	$08,$08,$B4,$DB
4759   BC51 DD EF 5D 15       		.db	$DD,$EF,$5D,$15
4760   BC55 80 94 22 AA       		.db	$80,$94,$22,$AA
4761   BC59 FF AE AA 55       		.db	$FF,$AE,$AA,$55
4762   BC5D 11 88 A8 5A       		.db	$11,$88,$A8,$5A
4763   BC61 FB 7E 6F 4B       		.db	$FB,$7E,$6F,$4B
4764   BC65 02 11 A1 AA       		.db	$02,$11,$A1,$AA
4765   BC69 D5 EE FB 8A       		.db	$D5,$EE,$FB,$8A
4766   BC6D 90 5A 01 D2       		.db	$90,$5A,$01,$D2
4767   BC71 BB 52 EA 56       		.db	$BB,$52,$EA,$56
4768   BC75 6B 5B 5D 15       		.db	$6B,$5B,$5D,$15
4769   BC79 84 44 A4 6A       		.db	$84,$44,$A4,$6A
4770   BC7D F7 7F AB AA       		.db	$F7,$7F,$AB,$AA
4771   BC81 00 A1 8A 20       		.db	$00,$A1,$8A,$20
4772   BC85 FD FF 4A D5       		.db	$FD,$FF,$4A,$D5
4773   BC89 B5 4A 00 75       		.db	$B5,$4A,$00,$75
4774   BC8D AB 24 A9 F6       		.db	$AB,$24,$A9,$F6
4775   BC91 6D D5 BB 82       		.db	$6D,$D5,$BB,$82
4776   BC95 90 44 94 DA       		.db	$90,$44,$94,$DA
4777   BC99 FE B7 AA DE       		.db	$FE,$B7,$AA,$DE
4778   BC9D 02 48 12 49       		.db	$02,$48,$12,$49
4779   BCA1 6D 7B B7 DD       		.db	$6D,$7B,$B7,$DD
4780   BCA5 AD 00 91 4A       		.db	$AD,$00,$91,$4A
4781   BCA9 24 F5 BF AD       		.db	$24,$F5,$BF,$AD
4782   BCAD 6D AB 40 92       		.db	$6D,$AB,$40,$92
4783   BCB1 44 48 ED DF       		.db	$44,$48,$ED,$DF
4784   BCB5 AA DE AA 20       		.db	$AA,$DE,$AA,$20
4785   BCB9 55 85 A0 7F       		.db	$55,$85,$A0,$7F
4786   BCBD 55 DA AE 4A       		.db	$55,$DA,$AE,$4A
4787   BCC1 35 44 52 AA       		.db	$35,$44,$52,$AA
4788   BCC5 AD AE 6D 6F       		.db	$AD,$AE,$6D,$6F
4789   BCC9 81 50 AB A4       		.db	$81,$50,$AB,$A4
4790   BCCD D4 DF AA AD       		.db	$D4,$DF,$AA,$AD
4791   BCD1 80 94 4A 54       		.db	$80,$94,$4A,$54
4792   BCD5 5B BD F7 56       		.db	$5B,$BD,$F7,$56
4793   BCD9 55 15 24 51       		.db	$55,$15,$24,$51
4794   BCDD 42 74 BF A2       		.db	$42,$74,$BF,$A2
4795   BCE1 BE 95 A0 BE       		.db	$BE,$95,$A0,$BE
4796   BCE5 15 24 ED AD       		.db	$15,$24,$ED,$AD
4797   BCE9 22 55 7B 15       		.db	$22,$55,$7B,$15
4798   BCED 75 2B 28 6D       		.db	$75,$2B,$28,$6D
4799   BCF1 15 A4 D6 4A       		.db	$15,$A4,$D6,$4A
4800   BCF5             ut2_tiger2_end      
4801   BCF5             		
4802   BCF5             ;ut2_tiger3_beg    .db	$75,$A5,$AA,$87
4803   BCF5             ;      		.db	$AA,$AE,$AA,$A8
4804   BCF5             ;      		.db	$D4,$D7,$55,$54
4805   BCF5             ;      		.db	$55,$AD,$4A,$55
4806   BCF5             ;      		.db	$45,$A9,$5A,$FA
4807   BCF5             ;      		.db	$E8,$AB,$05,$5D
4808   BCF5             ;      		.db	$5A,$92,$50,$DB
4809   BCF5             ;      		.db	$17,$55,$BD,$8A
4810   BCF5             ;      		.db	$E8,$AE,$90,$FA
4811   BCF5             ;      		.db	$6F,$01,$AA,$1E
4812   BCF5             ;      		.db	$50,$EA,$EB,$8A
4813   BCF5             ;      		.db	$57,$B7,$54,$68
4814   BCF5             ;      		.db	$FD,$05,$42,$D5
4815   BCF5             ;      		.db	$1E,$80,$BE,$75
4816   BCF5             ;      		.db	$A2,$E8,$97,$0B
4817   BCF5             ;      		.db	$7E,$F8,$F1,$01
4818   BCF5             ;      		.db	$0B,$3F,$5A,$E0
4819   BCF5             ;      		.db	$E2,$C3,$0A,$0B
4820   BCF5             ;      		.db	$FE,$BB,$80,$EA
4821   BCF5             ;      		.db	$7F,$11,$E8,$7B
4822   BCF5             ;      		.db	$81,$00,$FD,$55
4823   BCF5             ;      		.db	$80,$F6,$2F,$A4
4824   BCF5             ;      		.db	$7E,$5B,$51,$55
4825   BCF5             ;      		.db	$03,$F8,$35,$80
4826   BCF5             ;      		.db	$F5,$7F,$80,$FA
4827   BCF5             ;      		.db	$57,$A0,$BA,$55
4828   BCF5             ;      		.db	$00,$FD,$95,$00
4829   BCF5             ;      		.db	$FA,$7F,$08,$FA
4830   BCF5             ;      		.db	$D3,$AA,$02,$78
4831   BCF5             ;      		.db	$FD,$0F,$00,$FE
4832   BCF5             ;      		.db	$AE,$10,$D2,$FE
4833   BCF5             ;      		.db	$05,$48,$56,$AE
4834   BCF5             ;      		.db	$FE,$5B,$49,$2F
4835   BCF5             ;      		.db	$80,$D4,$57,$0B
4836   BCF5             ;      		.db	$D1,$F7,$0B,$A0
4837   BCF5             ;      		.db	$FE,$10,$C0,$FF
4838   BCF5             ;      		.db	$03,$96,$7F,$1C
4839   BCF5             ;      		.db	$F0,$A1,$83,$8A
4840   BCF5             ;      		.db	$5D,$2E,$F4,$7E
4841   BCF5             ;      		.db	$F0,$A3,$03,$00
4842   BCF5             ;      		.db	$FF,$17,$00,$FF
4843   BCF5             ;      		.db	$1F,$00,$FA,$FF
4844   BCF5             ;      		.db	$24,$40,$FD,$85
4845   BCF5             ;      		.db	$A8,$F4,$DF,$02
4846   BCF5             ;      		.db	$20,$FA,$EF,$01
4847   BCF5             ;      		.db	$A2,$5F,$3F,$40
4848   BCF5             ;      		.db	$F8,$B3,$83,$1B
4849   BCF5             ;      		.db	$2E,$F8,$74,$41
4850   BCF5             ;      		.db	$5F,$7A,$C0,$C0
4851   BCF5             ;      		.db	$8F,$0F,$7E,$FF
4852   BCF5             ;      		.db	$02,$00,$FF,$2F
4853   BCF5             ;      		.db	$00,$D4,$FF,$02
4854   BCF5             ;      		.db	$A0,$FE,$1F,$80
4855   BCF5             ;      		.db	$FD,$57,$00,$54
4856   BCF5             ;      		.db	$7B,$F1,$E7,$01
4857   BCF5             ;      		.db	$04,$FF,$3F,$00
4858   BCF5             ;      		.db	$EA,$7F,$00,$E8
4859   BCF5             ;      		.db	$FF,$03,$00,$FF
4860   BCF5             ;      		.db	$3D,$00,$D3,$FF
4861   BCF5             ;      		.db	$16,$00,$F5,$BF
4862   BCF5             ;      		.db	$00,$B4,$FF,$03
4863   BCF5             ;      		.db	$00,$FF,$1F,$80
4864   BCF5             ;      		.db	$FE,$77,$00,$D0
4865   BCF5             ;      		.db	$FF,$28,$80,$AF
4866   BCF5             ;      		.db	$3F,$0A,$7C,$FD
4867   BCF5             ;      		.db	$80,$F0,$03,$7F
4868   BCF5             ;      		.db	$5F,$00,$F0,$7F
4869   BCF5             ;      		.db	$02,$FC,$1F,$08
4870   BCF5             ;      		.db	$BE,$FA,$81,$D0
4871   BCF5             ;      		.db	$57,$16,$E0,$EF
4872   BCF5             ;      		.db	$07,$40,$FF,$23
4873   BCF5             ;      		.db	$C0,$CF,$5E,$6E
4874   BCF5             ;      		.db	$00,$61,$FF,$03
4875   BCF5             ;      		.db	$E0,$FF,$00,$D0
4876   BCF5             ;      		.db	$FF,$07,$80,$FD
4877   BCF5             ;      		.db	$2B,$80,$DE,$FF
4878   BCF5             ;      		.db	$38,$80,$E5,$07
4879   BCF5             ;      		.db	$56,$F8,$EF,$02
4880   BCF5             ;      		.db	$00,$FF,$3F,$00
4881   BCF5             ;      		.db	$FC,$DF,$02,$10
4882   BCF5             ;      		.db	$FF,$5F,$00,$E8
4883   BCF5             ;      		.db	$3F,$80,$FA,$3F
4884   BCF5             ;      		.db	$00,$FA,$D5,$03
4885   BCF5             ;      		.db	$A5,$FE,$07,$00
4886   BCF5             ;      		.db	$FE,$3F,$00,$FA
4887   BCF5             ;      		.db	$8F,$06,$7D,$09
4888   BCF5             ;      		.db	$D5,$0F,$3C,$E0
4889   BCF5             ;      		.db	$F4,$FD,$01,$40
4890   BCF5             ;      		.db	$FF,$0F,$C0,$F4
4891   BCF5             ;      		.db	$AF,$02,$B0,$FE
4892   BCF5             ;      		.db	$2F,$01,$F0,$DF
4893   BCF5             ;      		.db	$02,$58,$FD,$97
4894   BCF5             ;      		.db	$00,$F8,$BF,$08
4895   BCF5             ;      		.db	$FA,$AE,$80,$8A
4896   BCF5             ;      		.db	$F6,$FF,$02,$80
4897   BCF5             ;      		.db	$FF,$0F,$00,$FE
4898   BCF5             ;      		.db	$3F,$00,$FC,$3F
4899   BCF5             ;      		.db	$00,$F8,$BF,$01
4900   BCF5             ;      		.db	$F0,$FF,$01,$A0
4901   BCF5             ;      		.db	$FF,$17,$00,$FE
4902   BCF5             ;      		.db	$1B,$00,$F2,$FF
4903   BCF5             ;      		.db	$02,$50,$FE,$67
4904   BCF5             ;      		.db	$80,$7B,$9B,$42
4905   BCF5             ;      		.db	$C8,$DF,$0A,$C2
4906   BCF5             ;      		.db	$BB,$06,$AC,$BE
4907   BCF5             ;      		.db	$50,$BD,$27,$20
4908   BCF5             ;      		.db	$F6,$FA,$4B,$01
4909   BCF5             ;      		.db	$D0,$FF,$0B,$C0
4910   BCF5             ;      		.db	$7F,$29,$C0,$EE
4911   BCF5             ;      		.db	$AD,$BA,$00,$6C
4912   BCF5             ;      		.db	$DF,$00,$D5,$FF
4913   BCF5             ;      		.db	$03,$00,$DC,$7F
4914   BCF5             ;      		.db	$01,$FC,$7F,$01
4915   BCF5             ;      		.db	$C0,$FF,$03,$C0
4916   BCF5             ;      		.db	$7F,$0B,$80,$BF
4917   BCF5             ;      		.db	$7E,$50,$F0,$E5
4918   BCF5             ;      		.db	$04,$EA,$FF,$09
4919   BCF5             ;      		.db	$80,$7F,$17,$80
4920   BCF5             ;      		.db	$FE,$B5,$84,$D0
4921   BCF5             ;      		.db	$5F,$2E,$A8,$F0
4922   BCF5             ;      		.db	$BF,$00,$D4,$EA
4923   BCF5             ;      		.db	$0F,$06,$7F,$3F
4924   BCF5             ;      		.db	$00,$FC,$2B,$00
4925   BCF5             ;      		.db	$FE,$6F,$41,$A5
4926   BCF5             ;      		.db	$83,$AD,$3F,$49
4927   BCF5             ;      		.db	$D0,$AB,$26,$22
4928   BCF5             ;      		.db	$F8,$FF,$03,$80
4929   BCF5             ;      		.db	$F7,$06,$D4,$7F
4930   BCF5             ;      		.db	$11,$50,$AF,$6A
4931   BCF5             ;      		.db	$FA,$5F,$04,$E0
4932   BCF5             ;      		.db	$8E,$6F,$40,$FA
4933   BCF5             ;      		.db	$57,$02,$D0,$7F
4934   BCF5             ;      		.db	$08,$F6,$53,$09
4935   BCF5             ;      		.db	$D4,$FF,$54,$40
4936   BCF5             ;      		.db	$F7,$13,$00,$FF
4937   BCF5             ;      		.db	$17,$85,$4F,$0E
4938   BCF5             ;      		.db	$7E,$29,$80,$F7
4939   BCF5             ;      		.db	$4F,$00,$FC,$7E
4940   BCF5             ;      		.db	$50,$E1,$5F,$01
4941   BCF5             ;      		.db	$AE,$3F,$04,$E0
4942   BCF5             ;      		.db	$FF,$03,$C0,$FF
4943   BCF5             ;      		.db	$0B,$80,$FF,$A5
4944   BCF5             ;      		.db	$80,$7A,$6F,$00
4945   BCF5             ;      		.db	$C8,$FF,$0F,$00
4946   BCF5             ;      		.db	$FF,$2A,$A1,$B0
4947   BCF5             ;      		.db	$FF,$55,$00,$F8
4948   BCF5             ;      		.db	$FF,$00,$F8,$BF
4949   BCF5             ;      		.db	$01,$C0,$FE,$57
4950   BCF5             ;      		.db	$80,$EA,$9B,$42
4951   BCF5             ;      		.db	$F2,$CD,$87,$86
4952   BCF5             ;      		.db	$2E,$4C,$F5,$AC
4953   BCF5             ;      		.db	$D6,$14,$B4,$FE
4954   BCF5             ;      		.db	$00,$C0,$FF,$27
4955   BCF5             ;      		.db	$A8,$5B,$71,$8B
4956   BCF5             ;      		.db	$14,$E5,$85,$1E
4957   BCF5             ;      		.db	$5D,$2E,$A0,$FE
4958   BCF5             ;      		.db	$7F,$10,$D0,$FE
4959   BCF5             ;      		.db	$02,$A0,$6B,$BB
4960   BCF5             ;      		.db	$AA,$FC,$85,$00
4961   BCF5             ;      		.db	$B7,$3F,$00,$FC
4962   BCF5             ;      		.db	$7F,$00,$E8,$7F
4963   BCF5             ;      		.db	$04,$74,$F7,$4A
4964   BCF5             ;      		.db	$00,$B5,$FF,$05
4965   BCF5             ;      		.db	$F4,$7E,$02,$C0
4966   BCF5             ;      		.db	$FF,$07,$48,$3F
4967   BCF5             ;      		.db	$2D,$50,$55,$AD
4968   BCF5             ;      		.db	$BF,$08,$AA,$36
4969   BCF5             ;      		.db	$35,$F5,$BE,$00
4970   BCF5             ;      		.db	$C2,$7B,$D1,$C5
4971   BCF5             ;      		.db	$C5,$EA,$AF,$00
4972   BCF5             ;      		.db	$E8,$FF,$01,$80
4973   BCF5             ;      		.db	$FF,$4A,$C8,$6F
4974   BCF5             ;      		.db	$1B,$86,$38,$FA
4975   BCF5             ;      		.db	$79,$20,$61,$BF
4976   BCF5             ;      		.db	$42,$4A,$FF,$17
4977   BCF5             ;      		.db	$00,$FA,$17,$08
4978   BCF5             ;      		.db	$FF,$16,$C0,$FE
4979   BCF5             ;      		.db	$05,$D2,$FF,$05
4980   BCF5             ;      		.db	$00,$FB,$07,$A0
4981   BCF5             ;      		.db	$FE,$17,$40,$FA
4982   BCF5             ;      		.db	$AB,$AA,$DD,$55
4983   BCF5             ;      		.db	$80,$D8,$57,$28
4984   BCF5             ;      		.db	$AF,$AD,$48,$70
4985   BCF5             ;      		.db	$A5,$EA,$AF,$9B
4986   BCF5             ;      		.db	$00,$F0,$BF,$00
4987   BCF5             ;      		.db	$F8,$FF,$02,$E8
4988   BCF5             ;      		.db	$6B,$85,$6E,$5B
4989   BCF5             ;      		.db	$52,$2A,$40,$AB
4990   BCF5             ;      		.db	$2F,$BA,$96,$1A
4991   BCF5             ;      		.db	$2A,$79,$FF,$02
4992   BCF5             ;      		.db	$5F,$2D,$00,$F4
4993   BCF5             ;      		.db	$5F,$41,$BF,$48
4994   BCF5             ;      		.db	$EA,$A4,$A2,$AF
4995   BCF5             ;      		.db	$17,$A8,$AA,$00
4996   BCF5             ;      		.db	$FE,$7F,$01,$F0
4997   BCF5             ;      		.db	$7F,$01,$C0,$FE
4998   BCF5             ;      		.db	$1F,$20,$F5,$96
4999   BCF5             ;      		.db	$94,$68,$F5,$A1
5000   BCF5             ;      		.db	$42,$E7,$1A,$D4
5001   BCF5             ;      		.db	$FF,$22,$A9,$57
5002   BCF5             ;      		.db	$11,$25,$F8,$7E
5003   BCF5             ;      		.db	$01,$E0,$FF,$0A
5004   BCF5             ;      		.db	$F4,$2E,$81,$D6
5005   BCF5             ;      		.db	$1E,$7A,$75,$A0
5006   BCF5             ;      		.db	$D2,$57,$4D,$75
5007   BCF5             ;      		.db	$B7,$02,$00,$EE
5008   BCF5             ;      		.db	$1E,$82,$F7,$4F
5009   BCF5             ;      		.db	$12,$2F,$BD,$7E
5010   BCF5             ;      		.db	$28,$60,$F5,$15
5011   BCF5             ;      		.db	$02,$F4,$FF,$02
5012   BCF5             ;      		.db	$A0,$FF,$0F,$10
5013   BCF5             ;      		.db	$FA,$BD,$20,$61
5014   BCF5             ;      		.db	$BF,$25,$C0,$DA
5015   BCF5             ;      		.db	$DB,$95,$95,$9A
5016   BCF5             ;      		.db	$12,$92,$F6,$2D
5017   BCF5             ;      		.db	$B5,$AA,$80,$E8
5018   BCF5             ;      		.db	$DF,$AA,$F0,$97
5019   BCF5             ;      		.db	$03,$48,$7F,$2B
5020   BCF5             ;      		.db	$A8,$5B,$15,$49
5021   BCF5             ;      		.db	$2D,$F2,$BD,$00
5022   BCF5             ;      		.db	$E8,$DF,$0B,$F4
5023   BCF5             ;      		.db	$AF,$42,$92,$CA
5024   BCF5             ;      		.db	$2D,$36,$FA,$A8
5025   BCF5             ;      		.db	$80,$FA,$AF,$44
5026   BCF5             ;      		.db	$B7,$02,$24,$6B
5027   BCF5             ;      		.db	$6F,$1D,$12,$7D
5028   BCF5             ;      		.db	$3B,$A8,$FF,$87
5029   BCF5             ;      		.db	$20,$A4,$A2,$B6
5030   BCF5             ;      		.db	$12,$88,$F7,$AB
5031   BCF5             ;      		.db	$44,$FF,$AF,$80
5032   BCF5             ;      		.db	$D4,$AA,$41,$55
5033   BCF5             ;      		.db	$3F,$24,$50,$FD
5034   BCF5             ;      		.db	$B7,$20,$EB,$16
5035   BCF5             ;      		.db	$02,$EC,$FA,$90
5036   BCF5             ;      		.db	$EB,$2E,$48,$B9
5037   BCF5             ;      		.db	$EF,$4A,$55,$11
5038   BCF5             ;      		.db	$42,$B5,$44,$FD
5039   BCF5             ;      		.db	$7F,$00,$C9,$7F
5040   BCF5             ;      		.db	$23,$B6,$5B,$00
5041   BCF5             ;      		.db	$64,$B5,$52,$AF
5042   BCF5             ;      		.db	$57,$8C,$FA,$7A
5043   BCF5             ;      		.db	$75,$49,$15,$02
5044   BCF5             ;      		.db	$A0,$AD,$AD,$16
5045   BCF5             ;      		.db	$6F,$5F,$5A,$6D
5046   BCF5             ;      		.db	$7F,$11,$A2,$8A
5047   BCF5             ;      		.db	$04,$A0,$FF,$0B
5048   BCF5             ;      		.db	$A0,$F7,$5F,$09
5049   BCF5             ;      		.db	$BD,$5D,$04,$A4
5050   BCF5             ;      		.db	$B6,$2B,$48,$E8
5051   BCF5             ;      		.db	$CF,$02,$ED,$FF
5052   BCF5             ;      		.db	$0B,$40,$ED,$16
5053   BCF5             ;      		.db	$20,$FA,$6B,$85
5054   BCF5             ;      		.db	$3A,$AA,$D9,$EA
5055   BCF5             ;      		.db	$B5,$47,$21,$CA
5056   BCF5             ;      		.db	$42,$A2,$EB,$97
5057   BCF5             ;      		.db	$85,$AE,$9E,$5A
5058   BCF5             ;      		.db	$BA,$5A,$40,$94
5059   BCF5             ;      		.db	$D6,$46,$A8,$FF
5060   BCF5             ;      		.db	$0F,$02,$FD,$7F
5061   BCF5             ;      		.db	$09,$A4,$2A,$84
5062   BCF5             ;      		.db	$94,$DA,$BF,$12
5063   BCF5             ;      		.db	$94,$FE,$5E,$B4
5064   BCF5             ;      		.db	$F7,$4A,$00,$A2
5065   BCF5             ;      		.db	$AA,$AA,$D4,$CA
5066   BCF5             ;      		.db	$2E,$DB,$DE,$DD
5067   BCF5             ;      		.db	$2A,$02,$A9,$2A
5068   BCF5             ;      		.db	$21,$A2,$BF,$06
5069   BCF5             ;      		.db	$91,$BD,$FF,$55
5070   BCF5             ;      		.db	$82,$BA,$0B,$00
5071   BCF5             ;      		.db	$FA,$57,$91,$84
5072   BCF5             ;      		.db	$5F,$AB,$4A,$DE
5073   BCF5             ;      		.db	$BD,$11,$A4,$56
5074   BCF5             ;      		.db	$89,$A8,$BD,$2E
5075   BCF5             ;      		.db	$F1,$F6,$52,$80
5076   BCF5             ;      		.db	$F5,$B7,$82,$AA
5077   BCF5             ;      		.db	$2A,$41,$54,$BF
5078   BCF5             ;      		.db	$7B,$D4,$EA,$42
5079   BCF5             ;      		.db	$69,$DB,$AA,$0A
5080   BCF5             ;      		.db	$21,$92,$A4,$A2
5081   BCF5             ;      		.db	$F7,$AB,$BE,$5B
5082   BCF5             ;      		.db	$28,$F5,$7F,$05
5083   BCF5             ;      		.db	$24,$25,$81,$A0
5084   BCF5             ;      		.db	$ED,$57,$15,$B5
5085   BCF5             ;      		.db	$DE,$BE,$AD,$B6
5086   BCF5             ;      		.db	$2D,$00,$A0,$6A
5087   BCF5             ;      		.db	$52,$A9,$D5,$AA
5088   BCF5             ;      		.db	$B7,$6B,$AB,$56
5089   BCF5             ;      		.db	$5D,$29,$A4,$20
5090   BCF5             ;      		.db	$48,$55,$AD,$6A
5091   BCF5             ;      		.db	$5F,$7D,$5D,$52
5092   BCF5             ;      		.db	$E8,$6B,$0B,$55
5093   BCF5             ;      		.db	$09,$50,$49,$25
5094   BCF5             ;      		.db	$DD,$B7,$2A,$FE
5095   BCF5             ;      		.db	$5B,$04,$7D,$6F
5096   BCF5             ;      		.db	$24,$22,$49,$52
5097   BCF5             ;      		.db	$91,$52,$FB,$53
5098   BCF5             ;      		.db	$D5,$5F,$55,$DB
5099   BCF5             ;      		.db	$5E,$49,$24,$00
5100   BCF5             ;      		.db	$A5,$0A,$D4,$EA
5101   BCF5             ;      		.db	$AF,$56,$DD,$FE
5102   BCF5             ;      		.db	$5B,$09,$75,$21
5103   BCF5             ;      		.db	$20,$2A,$49,$55
5104   BCF5             ;      		.db	$5A,$BD,$FA,$7A
5105   BCF5             ;      		.db	$FD,$B5,$52,$55
5106   BCF5             ;      		.db	$24,$88,$A4,$44
5107   BCF5             ;      		.db	$91,$AA,$7B,$D7
5108   BCF5             ;      		.db	$AB,$9D,$B7,$5D
5109   BCF5             ;      		.db	$2A,$15,$22,$A8
5110   BCF5             ;      		.db	$94,$A8,$DA,$EA
5111   BCF5             ;      		.db	$15,$AA,$FE,$5F
5112   BCF5             ;      		.db	$82,$FA,$2A,$20
5113   BCF5             ;      		.db	$A9,$55,$92,$54
5114   BCF5             ;      		.db	$FB,$57,$0B,$3F
5115   BCF5             ;      		.db	$B5,$A0,$76,$55
5116   BCF5             ;      		.db	$A8,$14,$21,$A9
5117   BCF5             ;      		.db	$55,$D5,$F7,$DD
5118   BCF5             ;      		.db	$52,$B1,$DB,$4A
5119   BCF5             ;      		.db	$A4,$52,$04,$41
5120   BCF5             ;      		.db	$AA,$2A,$D5,$7D
5121   BCF5             ;      		.db	$DB,$FA,$AB,$97
5122   BCF5             ;      		.db	$AA,$A4,$82,$42
5123   BCF5             ;      		.db	$22,$45,$24,$55
5124   BCF5             ;      		.db	$AD,$FD,$7B,$5B
5125   BCF5             ;      		.db	$6B,$2F,$55,$15
5126   BCF5             ;      		.db	$15,$09,$82,$22
5127   BCF5             ;      		.db	$45,$AA,$5E,$57
5128   BCF5             ;      		.db	$ED,$EF,$56,$D5
5129   BCF5             ;      		.db	$56,$4B,$49,$48
5130   BCF5             ;      		.db	$11,$15,$91,$94
5131   BCF5             ;      		.db	$AA,$BA,$77,$BB
5132   BCF5             ;      		.db	$BB,$AD,$AA,$AA
5133   BCF5             ;      		.db	$15,$8A,$44,$24
5134   BCF5             ;      		.db	$49,$A5,$92,$6A
5135   BCF5             ;      		.db	$FB,$D6,$6D,$DF
5136   BCF5             ;      		.db	$56,$29,$AA,$2A
5137   BCF5             ;      		.db	$89,$A4,$94,$94
5138   BCF5             ;      		.db	$A4,$AA,$F6,$DA
5139   BCF5             ;      		.db	$B6,$BB,$5A,$55
5140   BCF5             ;      		.db	$AD,$2A,$49,$A2
5141   BCF5             ;      		.db	$92,$A2,$52,$A5
5142   BCF5             ;      		.db	$AA,$AA,$56,$DB
5143   BCF5             ;      		.db	$D7,$56,$55,$6D
5144   BCF5             ;      		.db	$AB,$24,$55,$55
5145   BCF5             ;      		.db	$24,$4A,$55,$4A
5146   BCF5             ;      		.db	$55,$55,$55,$AB
5147   BCF5             ;      		.db	$AA,$B6,$AA,$7D
5148   BCF5             ;      		.db	$DB,$AA,$92,$54
5149   BCF5             ;      		.db	$92,$94,$24,$89
5150   BCF5             ;      		.db	$14,$95,$AA,$AA
5151   BCF5             ;      		.db	$B5,$55,$AD,$AA
5152   BCF5             ;      		.db	$AA,$AA,$AA,$12
5153   BCF5             ;      		.db	$95,$2A,$95,$8A
5154   BCF5             ;      		.db	$90,$A4,$A4,$AA
5155   BCF5             ;      		.db	$56,$AB,$BA,$AF
5156   BCF5             ;      		.db	$B6,$AB,$B5,$56
5157   BCF5             ;      		.db	$91,$52,$52,$92
5158   BCF5             ;      		.db	$54
5159   BCF5             ;ut2_tiger3_end  
5160   BCF5             ut_end    				
5161   BCF5             
5162   BCF5             ;**********************************************************
5163   BCF5             ;* Speech Test Entry: This routine will play all speech
5164   BCF5             ;*                    and then return.
5165   BCF5             ;**********************************************************
5166   BCF5             
5167   BCF5             ___shnum = 1
5168   BCF5             ___snumh = 32d	;this defines the max size of the speech handlers
5169   BCF5             ___seng = $
5170   BCF5             ___scsy = ___seng+(___snumh*2)
5171   BCF5             
5172   BCF5             #define 	reg_speech(name,start,end)  \ .org ___seng
5173   BCF5             #defcont   \ .dw start, end
5174   BCF5             #defcont   \___seng .set ___seng+4
5175   BCF5             #defcont   \name = ___shnum
5176   BCF5             #defcont   \___shnum .set ___shnum+1
5177   BCF5             #defcont   \ .org ___scsy
5178   BCF5             #defcont   \___scsy .set ___scsy+2	
5179   BCF5             
5180   BCF5             #define 	l7delay(dval)  .word ((1-(dval*435d))/10)
5181   BCF5             
5182   BCF5             speech_data_tbl2		reg_speech(ut2_chrp1,ut2_chrp1_beg,ut2_chrp1_end)      	      	
5182   BCF5             
5182   BCF5 AD 60 AE 81 
5182   BCF9             
5182   BCF9             
5182   BCF9             
5182   BD35             
5182   BD35             
5183   BD35             				reg_speech(ut2_shriek,ut2_shriek_beg,ut2_shriek_end)      
5183   BCF9             
5183   BCF9 AE 81 B4 52 
5183   BCFD             
5183   BCFD             
5183   BCFD             
5183   BD37             
5183   BD37             
5184   BD37             				reg_speech(ut2_tgrowl,ut2_tgrowl_beg,ut2_tgrowl_end)          			
5184   BCFD             
5184   BCFD B4 52 B6 D3 
5184   BD01             
5184   BD01             
5184   BD01             
5184   BD39             
5184   BD39             
5185   BD39             				reg_speech(ut2_tiger1,ut2_tiger1_beg,ut2_tiger1_end)      
5185   BD01             
5185   BD01 B6 D3 B8 D4 
5185   BD05             
5185   BD05             
5185   BD05             
5185   BD3B             
5185   BD3B             
5186   BD3B             				reg_speech(ut2_tiger2,ut2_tiger2_beg,ut2_tiger2_end)        
5186   BD05             
5186   BD05 B8 D4 BC F5 
5186   BD09             
5186   BD09             
5186   BD09             
5186   BD3D             
5186   BD3D             
5187   BD3D             				reg_speech(ut_jungle,ut_jungle_beg,ut_jungle_end)    
5187   BD09             
5187   BD09 80 00 82 E0 
5187   BD0D             
5187   BD0D             
5187   BD0D             
5187   BD3F             
5187   BD3F             
5188   BD3F             		            reg_speech(ut_lord,ut_lord_beg,ut_lord_end)    
5188   BD0D             
5188   BD0D 82 D1 85 B9 
5188   BD11             
5188   BD11             
5188   BD11             
5188   BD41             
5188   BD41             
5189   BD41             		            reg_speech(ut_fight,ut_fight_beg,ut_fight_end)    
5189   BD11             
5189   BD11 85 BA 88 F0 
5189   BD15             
5189   BD15             
5189   BD15             
5189   BD43             
5189   BD43             
5190   BD43             		            reg_speech(ut_tiger,ut_tiger_beg,ut_tiger_end)    
5190   BD15             
5190   BD15 88 F1 8C 35 
5190   BD19             
5190   BD19             
5190   BD19             
5190   BD45             
5190   BD45             
5191   BD45             		            reg_speech(ut_stampede,ut_stampede_beg,ut_stampede_end)    
5191   BD19             
5191   BD19 8C 36 92 46 
5191   BD1D             
5191   BD1D             
5191   BD1D             
5191   BD47             
5191   BD47             
5192   BD47             		            reg_speech(ut_ouble,ut_ouble_beg,ut_ouble_end)    
5192   BD1D             
5192   BD1D 92 46 95 B6 
5192   BD21             
5192   BD21             
5192   BD21             
5192   BD49             
5192   BD49             
5193   BD49             		            reg_speech(ut_trou,ut_trou_beg,ut_trou_end)    
5193   BD21             
5193   BD21 96 D8 98 AA 
5193   BD25             
5193   BD25             
5193   BD25             
5193   BD4B             
5193   BD4B             
5194   BD4B             		            reg_speech(ut_ble,ut_ble_beg,ut_ble_end)    
5194   BD25             
5194   BD25 94 17 96 D7 
5194   BD29             
5194   BD29             
5194   BD29             
5194   BD4D             
5194   BD4D             
5195   BD4D             		            reg_speech(ut_you,ut_you_beg,ut_you_end)    
5195   BD29             
5195   BD29 98 AC 9A AC 
5195   BD2D             
5195   BD2D             
5195   BD2D             
5195   BD4F             
5195   BD4F             
5196   BD4F             		            reg_speech(ut_win,ut_win_beg,ut_win_end)    
5196   BD2D             
5196   BD2D 9A AD 9D 4B 
5196   BD31             
5196   BD31             
5196   BD31             
5196   BD51             
5196   BD51             
5197   BD51             		            reg_speech(ut_again,ut_again_beg,ut_again_end)       
5197   BD31             
5197   BD31 9D 4C A1 0C 
5197   BD35             
5197   BD35             
5197   BD35             
5197   BD53             
5197   BD53             
5198   BD53             		            reg_speech(ut_in,ut_in_beg,ut_in_end)    
5198   BD35             
5198   BD35 9E 96 A0 56 
5198   BD39             
5198   BD39             
5198   BD39             
5198   BD55             
5198   BD55             
5199   BD55             		            reg_speech(ut_m,ut_m_beg,ut_m_end)    
5199   BD39             
5199   BD39 A3 57 A4 68 
5199   BD3D             
5199   BD3D             
5199   BD3D             
5199   BD57             
5199   BD57             
5200   BD57             		            reg_speech(ut_ee,ut_ee_beg,ut_ee_end)    
5200   BD3D             
5200   BD3D 8F 56 90 F6 
5200   BD41             
5200   BD41             
5200   BD41             
5200   BD59             
5200   BD59             
5201   BD59             		            reg_speech(ut_trumpet,ut_trumpet_beg,ut_trumpet_end)    
5201   BD41             
5201   BD41 A7 56 AD 5F 
5201   BD45             
5201   BD45             
5201   BD45             
5201   BD5B             
5201   BD5B             
5202   BD5B             		            reg_speech(ut_beat,ut_beat_beg,ut_beat_end)    
5202   BD45             
5202   BD45 A4 69 A7 59 
5202   BD49             
5202   BD49             
5202   BD49             
5202   BD5D             
5202   BD5D             
5203   BD5D             		            reg_speech(ut_an,ut_an_beg,ut_an_end)    
5203   BD49             
5203   BD49 A1 76 A3 56 
5203   BD4D             
5203   BD4D             
5203   BD4D             
5203   BD5F             
5203   BD5F             
5204   BD5F             		            reg_speech(ut_be,ut_be_beg,ut_be_end)       
5204   BD4D             
5204   BD4D A4 69 A5 7F 
5204   BD51             
5204   BD51             
5204   BD51             
5204   BD61             
5204   BD61             
5205   BD61             		            reg_speech(ut_d,ut_d_beg,ut_d_end)    
5205   BD51             
5205   BD51 91 97 92 26 
5205   BD55             
5205   BD55             
5205   BD55             
5205   BD63             
5205   BD63             
5206   BD63             		            reg_speech(ut_me,ut_me_beg,ut_me_end)    
5206   BD55             
5206   BD55 8F 56 91 77 
5206   BD59             
5206   BD59             
5206   BD59             
5206   BD65             
5206   BD65             
5207   BD65             		            reg_speech(ut_ca,ut_ca_beg,ut_ca_end)  
5207   BD59             
5207   BD59 A1 0D A1 76 
5207   BD5D             
5207   BD5D             
5207   BD5D             
5207   BD67             
5207   BD67             
5208   BD67             		            reg_speech(ut_laugh1,ut_laugh1_beg,ut_laugh1_end)  
5208   BD5D             
5208   BD5D F0 B7 F2 38 
5208   BD61             
5208   BD61             
5208   BD61             
5208   BD69             
5208   BD69             
5209   BD69             		            reg_speech(ut_laugh2,ut_laugh2_beg,ut_laugh2_end) 
5209   BD61             
5209   BD61 F2 38 F4 09 
5209   BD65             
5209   BD65             
5209   BD65             
5209   BD6B             
5209   BD6B             
5210   BD6B             		            reg_speech(ut_laugh3,ut_laugh3_beg,ut_laugh3_end) 
5210   BD65             
5210   BD65 F4 09 F5 8A 
5210   BD69             
5210   BD69             
5210   BD69             
5210   BD6D             
5210   BD6D             
5211   BD6D             		            reg_speech(ut_laugh4,ut_laugh4_beg,ut_laugh4_end) 
5211   BD69             
5211   BD69 F5 8A F6 CB 
5211   BD6D             
5211   BD6D             
5211   BD6D             
5211   BD6F             
5211   BD6F             
5212   BD6F             		            reg_speech(ut_laugh5,ut_laugh5_beg,ut_laugh5_end) 
5212   BD6D             
5212   BD6D F6 CB F7 8C 
5212   BD71             
5212   BD71             
5212   BD71             
5212   BD71             
5212   BD71             
5213   BD71             
5214   BD71             
5215   BD71 BD BF       speech_phrases		.dw   tiger_norm		;00
5216   BD73 BD C5       				.dw	tiger_slow		;01
5217   BD75 BD CB       				.dw	tiger_slowest	;02
5218   BD77 BD D1       				.dw	tiger_double	;03
5219   BD79 BD DD       				.dw	tiger_bark		;04
5220   BD7B BD D9       				.dw	tiger_growl		;05
5221   BD7D BD D9       				.dw	tiger_growl		;06
5222   BD7F BD D9       				.dw	tiger_growl		;07
5223   BD81 BE 49       				.dw	ph_uwujl		;08
5224   BD83 BE 54       				.dw	ph_jlt		;09
5225   BD85 BE 5B       				.dw	ph_jlidt		;0a
5226   BD87 BE 68       				.dw	ph_yidt		;0b
5227   BD89 BE 74       				.dw	ph_fta		;0c
5228   BD8B BE 7B       				.dw	ph_st			;0d
5229   BD8D BE 83       				.dw	ph_yjl		;0e
5230   BD8F BE 8A       				.dw	ph_mjl		;0f
5231   BD91 BE 92       				.dw	ph_ywfija		;10
5232   BD93 BE A0       				.dw	ph_fjtaw		;11
5233   BD95 BE B0       				.dw	ph_cybjl		;12
5234   BD97 BE BF       				.dw	ph_btabjl		;13
5235   BD99 BE D1       				.dw	ph_cyfij		;14
5236   BD9B BE E1       				.dw	ph_t			;15
5237   BD9D BD E1       				.dw	simple_chirp	;16
5238   BD9F BD E5       				.dw	shriek1		;17
5239   BDA1 BD E9       				.dw	shriek2		;18
5240   BDA3 BD ED       				.dw	shriek3		;19
5241   BDA5 BD F1       				.dw	shriek4		;1A
5242   BDA7 BD F5       				.dw	shriek5		;1B
5243   BDA9 BD F9       				.dw	monkeytune		;1C
5244   BDAB BE 03       				.dw	monkey_oohooh	;1D
5245   BDAD BE 0D       				.dw	monkey_oohooh2	;1E
5246   BDAF BE 17       				.dw	monkey_oohooh3	;1F
5247   BDB1 BE 21       				.dw	monkey_oohooh4	;20
5248   BDB3 BE 2B       				.dw	monkey_oohooh5	;21
5249   BDB5 BE 35       				.dw	monkey_oohooh6	;22
5250   BDB7 BE 3F       				.dw	bk_laugh		;23
5251   BDB9 BE E6       				.dw	ph_t2			;24
5252   BDBB BE EA       				.dw	ph_fjl		;25
5253   BDBD BE F1       				.dw	ph_fa			;26
5254   BDBF             
5255   BDBF             ;*******************************************************************		
5256   BDBF             ;* Phrase Structure     
5257   BDBF             ;*		            
5258   BDBF             ;* First Byte non-negative = Speech Item, 2nd Byte is pitch delay > $00 (smaller values, shorter delay, higher pitch)
5259   BDBF             ;* First Byte negative     = Silence, 2nd byte is LSB of 2's complement value * 5us
5260   BDBF             ;* First Byte Zero	   = End of Phrase
5261   BDBF             ;*******************************************************************
5262   BDBF             #define	phrase_end		.dw 	$00
5263   BDBF             
5264   BDBF             #define	addut(a)		.db	(a|$40)
5265   BDBF             #define	addut(a,b)		.db	a,b
5266   BDBF             
5267   BDBF             					
5268   BDBF             
5269   BDBF             ;Tigers
5270   BDBF 04 04       tiger_norm		addut(ut2_tiger1,$04)
5271   BDC1 05 04       			addut(ut2_tiger2,$04)
5272   BDC3 00 00       			phrase_end	
5273   BDC5             			
5274   BDC5 04 18       tiger_slow		addut(ut2_tiger1,$18)
5275   BDC7 05 18       			addut(ut2_tiger2,$18)
5276   BDC9 00 00       			phrase_end	
5277   BDCB             
5278   BDCB 04 3F       tiger_slowest	addut(ut2_tiger1,$3F)  
5279   BDCD 05 3F       			addut(ut2_tiger2,$3F)
5280   BDCF 00 00       			phrase_end
5281   BDD1             			
5282   BDD1 04 08       tiger_double	addut(ut2_tiger1,$08)
5283   BDD3 04 08       			addut(ut2_tiger1,$08)
5284   BDD5 05 08       			addut(ut2_tiger2,$08)
5285   BDD7 00 00       			phrase_end	
5286   BDD9             			
5287   BDD9 03 04       tiger_growl		addut(ut2_tgrowl,$04)
5288   BDDB 00 00       			phrase_end										
5289   BDDD             
5290   BDDD 05 04       tiger_bark		addut(ut2_tiger2,$04)
5291   BDDF 00 00       			phrase_end	
5292   BDE1             			
5293   BDE1             ;Monkeys				      
5294   BDE1 01 04       simple_chirp	addut(ut2_chrp1,$04)
5295   BDE3 00 00       			phrase_end									
5296   BDE5             			
5297   BDE5 02 01       shriek1		addut(ut2_shriek,$01)
5298   BDE7 00 00       			phrase_end
5299   BDE9             
5300   BDE9 02 0F       shriek2		addut(ut2_shriek,$0F)
5301   BDEB 00 00       			phrase_end
5302   BDED             			
5303   BDED 02 1F       shriek3		addut(ut2_shriek,$1F)
5304   BDEF 00 00       			phrase_end
5305   BDF1             			
5306   BDF1 02 2F       shriek4		addut(ut2_shriek,$2F)
5307   BDF3 00 00       			phrase_end
5308   BDF5             			
5309   BDF5 02 3F       shriek5		addut(ut2_shriek,$3F)
5310   BDF7 00 00       			phrase_end
5311   BDF9             
5312   BDF9 01 01       monkeytune		addut(ut2_chrp1,$01)	
5313   BDFB 01 01       			addut(ut2_chrp1,$01)
5314   BDFD 01 28       			addut(ut2_chrp1,$28)
5315   BDFF 02 01       			addut(ut2_shriek,$01)
5316   BE01 00 00       			phrase_end			
5317   BE03             
5318   BE03 01 01       monkey_oohooh	addut(ut2_chrp1,$01)
5319   BE05 01 01       			addut(ut2_chrp1,$01)
5320   BE07 01 01       			addut(ut2_chrp1,$01)
5321   BE09 01 01       			addut(ut2_chrp1,$01)
5322   BE0B 00 00       			phrase_end
5323   BE0D             			
5324   BE0D 01 01       monkey_oohooh2	addut(ut2_chrp1,$01)
5325   BE0F 01 01       			addut(ut2_chrp1,$01)
5326   BE11 01 01       			addut(ut2_chrp1,$01)
5327   BE13 01 08       			addut(ut2_chrp1,$08)
5328   BE15 00 00       			phrase_end
5329   BE17             			
5330   BE17 01 08       monkey_oohooh3	addut(ut2_chrp1,$08)
5331   BE19 01 08       			addut(ut2_chrp1,$08)
5332   BE1B 01 08       			addut(ut2_chrp1,$08)
5333   BE1D 01 01       			addut(ut2_chrp1,$01)
5334   BE1F 00 00       			phrase_end		
5335   BE21             		
5336   BE21 01 01       monkey_oohooh4	addut(ut2_chrp1,$01)
5337   BE23 01 1F       			addut(ut2_chrp1,$1F)
5338   BE25 01 2F       			addut(ut2_chrp1,$2F)
5339   BE27 01 3F       			addut(ut2_chrp1,$3F)
5340   BE29 00 00       			phrase_end
5341   BE2B             			
5342   BE2B 01 3F       monkey_oohooh5	addut(ut2_chrp1,$3F)
5343   BE2D 01 2F       			addut(ut2_chrp1,$2F)
5344   BE2F 01 1F       			addut(ut2_chrp1,$1F)
5345   BE31 01 01       			addut(ut2_chrp1,$01)
5346   BE33 00 00       			phrase_end
5347   BE35             			
5348   BE35 01 3F       monkey_oohooh6	addut(ut2_chrp1,$3F)
5349   BE37 01 01       			addut(ut2_chrp1,$01)
5350   BE39 01 01       			addut(ut2_chrp1,$01)
5351   BE3B 02 01       			addut(ut2_shriek,$01)
5352   BE3D 00 00       			phrase_end
5353   BE3F             			
5354   BE3F 5B          bk_laugh		addut(ut_laugh1)
5355   BE40 5C          			addut(ut_laugh2)	
5356   BE41 5C          			addut(ut_laugh2)
5357   BE42 5D          			addut(ut_laugh3)
5358   BE43 5D          			addut(ut_laugh3)
5359   BE44 5D          			addut(ut_laugh3)		
5360   BE45 5E          			addut(ut_laugh4)
5361   BE46 5F          			addut(ut_laugh5)
5362   BE47 00 00       			phrase_end	
5363   BE49             			
5364   BE49             ;****************************************************************************			
5365   BE49             ;Original Jungle Lord Speech Here but converted to use the new speech engine
5366   BE49             ;****************************************************************************		
5367   BE49             ph_uwujl		;"You Win! You Jungle Lord"
5368   BE49 4E          			addut(ut_you)
5369   BE4A 4F          			addut(ut_win)
5370   BE4B EC F9       			l7delay($70)
5371   BE4D 4E          			addut(ut_you)
5372   BE4E F9 35       			l7delay($28)
5373   BE50 46          			addut(ut_jungle)
5374   BE51 47          			addut(ut_lord)
5375   BE52 00 00       			phrase_end
5376   BE54             
5377   BE54             ph_jlt		;"Jungle Lord, (Trumpet)" 
5378   BE54 46          			addut(ut_jungle)
5379   BE55 47          			addut(ut_lord)
5380   BE56 EF B1       			l7delay($60)
5381   BE58 54          			addut(ut_trumpet)
5382   BE59 00 00       			phrase_end
5383   BE5B             			
5384   BE5B             ph_jlidt		;"Jungle Lord in Double Trouble"
5385   BE5B 46          			addut(ut_jungle)
5386   BE5C 47          			addut(ut_lord)
5387   BE5D F9 35       			l7delay($28)
5388   BE5F 51          			addut(ut_in)
5389   BE60 FA 91       			l7delay($20)
5390   BE62 58          			addut(ut_d)
5391   BE63 4B          			addut(ut_ouble)
5392   BE64 4C          			addut(ut_trou)
5393   BE65 4D          			addut(ut_ble)
5394   BE66 00 00       			phrase_end
5395   BE68             			
5396   BE68             ph_yidt		;"You in Double Trouble"
5397   BE68 4E          			addut(ut_you)
5398   BE69 F7 D9       			l7delay($30)
5399   BE6B 51          			addut(ut_in)
5400   BE6C FA 91       			l7delay($20)
5401   BE6E 58          			addut(ut_d)
5402   BE6F 4B          			addut(ut_ouble)
5403   BE70 4C          			addut(ut_trou)
5404   BE71 4D          			addut(ut_ble)
5405   BE72 00 00       			phrase_end
5406   BE74             			
5407   BE74             ph_fta		;"Fight Tiger Again"
5408   BE74 48          			addut(ut_fight)
5409   BE75 FA 91       			l7delay($20)
5410   BE77 49          			addut(ut_tiger)
5411   BE78 50          			addut(ut_again)
5412   BE79 00 00       			phrase_end
5413   BE7B             			
5414   BE7B             ph_st			;"Stampede, (trumpet)"
5415   BE7B 4A          			addut(ut_stampede)
5416   BE7C FA 91       			l7delay($20)
5417   BE7E 54          			addut(ut_trumpet)
5418   BE7F 54          			addut(ut_trumpet)
5419   BE80 54          			addut(ut_trumpet)
5420   BE81 00 00       			phrase_end
5421   BE83             			
5422   BE83             ph_yjl		;"You Jungle Lord"
5423   BE83 4E          			addut(ut_you)
5424   BE84 F5 21       			l7delay($40)
5425   BE86 46          			addut(ut_jungle)
5426   BE87 47          			addut(ut_lord)
5427   BE88 00 00       			phrase_end
5428   BE8A             			
5429   BE8A             ph_mjl		;"Me Jungle Lord"
5430   BE8A 52          			addut(ut_m)
5431   BE8B 59          			addut(ut_me)
5432   BE8C F7 D9       			l7delay($30)
5433   BE8E 46          			addut(ut_jungle)
5434   BE8F 47          			addut(ut_lord)
5435   BE90 00 00       			phrase_end
5436   BE92             			
5437   BE92             ph_ywfija		;"You Win! Fight in Jungle Again"
5438   BE92 4E          			addut(ut_you)
5439   BE93 4F          			addut(ut_win)
5440   BE94 E4 D1       			l7delay($A0)
5441   BE96 48          			addut(ut_fight)
5442   BE97 FA 91       			l7delay($20)
5443   BE99 51          			addut(ut_in)
5444   BE9A F9 35       			l7delay($28)
5445   BE9C 46          			addut(ut_jungle)
5446   BE9D 50          			addut(ut_again)
5447   BE9E 00 00       			phrase_end
5448   BEA0             			
5449   BEA0             ph_fjtaw		;"Fight Jungle Tiger and Win!"
5450   BEA0 48          			addut(ut_fight)
5451   BEA1 FA 91       			l7delay($20)
5452   BEA3 46          			addut(ut_jungle)
5453   BEA4 FA 91       			l7delay($20)
5454   BEA6 49          			addut(ut_tiger)
5455   BEA7 FA 91       			l7delay($20)
5456   BEA9 56          			addut(ut_an)
5457   BEAA 58          			addut(ut_d)
5458   BEAB FB 13       			l7delay($1D)
5459   BEAD 4F          			addut(ut_win)
5460   BEAE 00 00       			phrase_end
5461   BEB0             	
5462   BEB0             ph_cybjl		;"Can you be Jungle Lord?"
5463   BEB0 5A          			addut(ut_ca)
5464   BEB1 56          			addut(ut_an)
5465   BEB2 F2 69       			l7delay($50)
5466   BEB4 4E          			addut(ut_you)
5467   BEB5 F9 35       			l7delay($28)
5468   BEB7 57          			addut(ut_be)
5469   BEB8 53          			addut(ut_ee)
5470   BEB9 FA 91       			l7delay($20)
5471   BEBB 46          			addut(ut_jungle)
5472   BEBC 47          			addut(ut_lord)
5473   BEBD 00 00       			phrase_end
5474   BEBF             
5475   BEBF             ph_btabjl		;"Beat Tiger and be Jungle Lord"
5476   BEBF 55          			addut(ut_beat)
5477   BEC0 F7 D9       			l7delay($30)
5478   BEC2 49          			addut(ut_tiger)
5479   BEC3 FA 91       			l7delay($20)
5480   BEC5 56          			addut(ut_an)
5481   BEC6 58          			addut(ut_d)
5482   BEC7 FA 91       			l7delay($20)
5483   BEC9 57          			addut(ut_be)
5484   BECA 53          			addut(ut_ee)
5485   BECB FA 91       			l7delay($20)
5486   BECD 46          			addut(ut_jungle)
5487   BECE 47          			addut(ut_lord)
5488   BECF 00 00       			phrase_end
5489   BED1             
5490   BED1             ph_cyfij		;"Can you fight in Jungle?"
5491   BED1 5A          			addut(ut_ca)
5492   BED2 56          			addut(ut_an)
5493   BED3 F5 21       			l7delay($40)
5494   BED5 4E          			addut(ut_you)
5495   BED6 F7 D9       			l7delay($30)
5496   BED8 48          			addut(ut_fight)
5497   BED9 FA 91       			l7delay($20)
5498   BEDB 51          			addut(ut_in)
5499   BEDC F9 35       			l7delay($28)
5500   BEDE 46          			addut(ut_jungle)
5501   BEDF 00 00       			phrase_end
5502   BEE1             			
5503   BEE1             ph_t			;(trumpet)
5504   BEE1 54          			addut(ut_trumpet)
5505   BEE2 FB C1       			l7delay($19)
5506   BEE4 00 00       			phrase_end
5507   BEE6             			
5508   BEE6             ph_t2			;(trumpet_slower)
5509   BEE6 14 3F       			addut(ut_trumpet,$3f)
5510   BEE8 00 00       			phrase_end
5511   BEEA             			
5512   BEEA             ph_fjl		;"Fight Jungle Lord"
5513   BEEA 48          			addut(ut_fight)
5514   BEEB FA 91       			l7delay($20)
5515   BEED 46          			addut(ut_jungle)
5516   BEEE 47          			addut(ut_lord)
5517   BEEF 00 00       			phrase_end
5518   BEF1             			
5519   BEF1             ph_fa			;"Fight Again"
5520   BEF1 48          			addut(ut_fight)
5521   BEF2 FA 91       			l7delay($20)
5522   BEF4 50          			addut(ut_again)
5523   BEF5 00 00       			phrase_end
5524   BEF7             									
5525   BEF7             ;*************************************************************************
5526   BEF7             ;* SPEECH ROUTINES START HERE!!
5527   BEF7             ;*************************************************************************
5528   BEF7             
5529   BEF7             		
5530   BEF7             ;*************************************************************************
5531   BEF7             ;* Random Speech Routine
5532   BEF7             ;*************************************************************************
5533   BEF7             speechrnd_start
5534   BEF7 CE B0 00    		ldx	#$B000			;Point to some random data
5535   BEFA 37          		pshb
5536   BEFB 36          		psha
5537   BEFC 96 09       		ldaa	semi_random			;Get a semi-random number
5538   BEFE             		begin
5538   BEFE             
5539   BEFE 08          			inx
5540   BEFF BD FF F3    			jsr	to_xplusa
5541   BF02 E6 00       			ldab	$00,X
5542   BF04 C4 03       			andb	#$03				;Range from 0-3
5543   BF06 D1 01       			cmpb	sp_last_random		;Is it the same as last time, if so, try again
5544   BF08             		neend
5544   BF08             
5544   BF08             
5544   BF08~            		neend
5544   BF08~            		neend
5544   BF08~            		neend
5544   BF08             
5544   BF08 27 F4       
5544   BF0A             
5544   BF0A~            		neend
5544   BF0A~            		neend
5544   BF0A             
5545   BF0A D7 01       		stab	sp_last_random		;save new index for next time
5546   BF0C 32          		pula					;Get base value
5547   BF0D 1B          		aba					;Add index to base
5548   BF0E 33          		pulb
5549   BF0F 7E BF 1B    		jmp speech2_start
5550   BF12             	
5551   BF12             		
5552   BF12             speechtog_start
5553   BF12 73 00 02    		com	sp_phrase_tog		;Which phrase did it play last
5554   BF15             		ifpl					;Play phrase_3
5554   BF15             
5554   BF15 2B FE       
5555   BF17 4C          			inca					;Do phrase_4 instead
5556   BF18             		endif
5556   BF18             
5556   BF18             
5556   BF18             
5556   BF18             
5556   BF18             
5556   BF18~            		endif
5556   BF18~            		endif
5556   BF18             
5556   BF18~            		endif
5556   BF18~            		endif
5556   BF18             
5556   BF16             
5556   BF16 01          
5556   BF17             
5556   BF17             
5556   BF17~            		endif
5556   BF17~            		endif
5556   BF17~            		endif
5556   BF17             
5556   BF18             
5556   BF18~            		endif
5556   BF18~            		endif
5556   BF18             
5557   BF18 7E BF 1B    		jmp	speech2_start
5558   BF1B             
5559   BF1B             ;**************************************************************************
5560   BF1B             ;* This is the main speech entry point from the sound command controller
5561   BF1B             ;* 
5562   BF1B             ;* Phrase number is in A
5563   BF1B             ;**************************************************************************
5564   BF1B CE BD 71    speech2_start     ldx	#speech_phrases               ;Load up the phrase index pointer 
5565   BF1E 37          			pshb
5566   BF1F 48                		asla
5567   BF20 BD FB 8B          		jsr	xplusa
5568   BF23 EE 00             		ldx	$00,x                         ;Point to the start of the phrase data string
5569   BF25 DF 17       phrase_loop       stx	sp_phrase_ptr                 ;Save pointer for last half of loop
5570   BF27 DE 17       phrase_next       ldx	sp_phrase_ptr
5571   BF29 A6 00             		ldaa	$00,x                         ;Get command byte
5572   BF2B                   		ifne	
5572   BF2B             
5572   BF2B 27 FE       
5573   BF2D 2A 1F                   		bpl	utter_load
5574   BF2F E6 01       phrase_wait             ldab	$01,x
5575   BF31                                     begin
5575   BF31             
5576   BF31                                           begin
5576   BF31             
5577   BF31 6D 00                         		      tst	$00,x                   ;waste 2 cycles
5578   BF33 6D 00                         		      tst	$00,x                   ;waste 2 cycles
5579   BF35 5C                            		      incb                          ;1 cycle
5580   BF36                               		eqend
5580   BF36             
5580   BF36             
5580   BF36~                              		eqend
5580   BF36~                              		eqend
5580   BF36~                              		eqend
5580   BF36             
5580   BF36 26 F9       
5580   BF38             
5580   BF38~                              		eqend
5580   BF38~                              		eqend
5580   BF38             
5581   BF38 4C                      		      inca
5582   BF39                         		eqend
5582   BF39             
5582   BF39             
5582   BF39~                        		eqend
5582   BF39~                        		eqend
5582   BF39~                        		eqend
5582   BF39             
5582   BF39 26 F6       
5582   BF3B             
5582   BF3B~                        		eqend
5582   BF3B~                        		eqend
5582   BF3B             
5583   BF3B 08                      		inx
5584   BF3C 08                      		inx
5585   BF3D 20 E6                   		bra	phrase_loop
5586   BF3F                               endif
5586   BF3F             
5586   BF3F             
5586   BF3F             
5586   BF3F             
5586   BF3F             
5586   BF3F~                              endif
5586   BF3F~                              endif
5586   BF3F             
5586   BF3F~                              endif
5586   BF3F~                              endif
5586   BF3F             
5586   BF2C             
5586   BF2C 12          
5586   BF2D             
5586   BF2D             
5586   BF2D~                              endif
5586   BF2D~                              endif
5586   BF2D~                              endif
5586   BF2D             
5586   BF3F             
5586   BF3F~                              endif
5586   BF3F~                              endif
5586   BF3F             
5587   BF3F 08                		inx
5588   BF40 A6 00             		ldaa	$00,x
5589   BF42 26 EB             		bne	phrase_wait
5590   BF44                   		;double $00 ends phrase
5591   BF44 DE 0E             		ldx	xtemp2
5592   BF46 33                		pulb
5593   BF47                   		ifne
5593   BF47             
5593   BF47 27 FE       
5594   BF49 17                			tba
5595   BF4A 7E FB 4C    				jmp	false_cmd      			
5596   BF4D                   		endif
5596   BF4D             
5596   BF4D             
5596   BF4D             
5596   BF4D             
5596   BF4D             
5596   BF4D~                  		endif
5596   BF4D~                  		endif
5596   BF4D             
5596   BF4D~                  		endif
5596   BF4D~                  		endif
5596   BF4D             
5596   BF48             
5596   BF48 04          
5596   BF49             
5596   BF49             
5596   BF49~                  		endif
5596   BF49~                  		endif
5596   BF49~                  		endif
5596   BF49             
5596   BF4D             
5596   BF4D~                  		endif
5596   BF4D~                  		endif
5596   BF4D             
5597   BF4D 39                		rts      		
5598   BF4E             
5599   BF4E             ;**************************************************************
5600   BF4E             ;* This routine will play a specific utterance at the speed
5601   BF4E             ;* defined
5602   BF4E             ;**************************************************************
5603   BF4E 97 1B       utter_load	staa	sp_utindex              ;Utterance index
5604   BF50 5F          		clrb
5605   BF51 48          		asla	
5606   BF52 48          		asla					;A*4
5607   BF53 8B F1       		adda	#((speech_data_tbl2-4)&$FF)
5608   BF55 97 0D       		staa	xtemp1+1                ;Load speech data LSB
5609   BF57 C9 BC       		adcb	#((speech_data_tbl2-4)>>8)
5610   BF59 D7 0C       		stab	xtemp1                  ;Load speech data MSB
5611   BF5B DF 0E       		stx	xtemp2			;Save our current X value
5612   BF5D DE 0C       		ldx	xtemp1
5613   BF5F EE 02       		ldx	$02,x				;Get speech end address
5614   BF61 DF 15       		stx	sp_end_ptr
5615   BF63 DE 0E       		ldx	xtemp2
5616   BF65 A6 01       	      ldaa	$01,x
5617   BF67             	      ifeq
5617   BF67             
5617   BF67 26 FE       
5618   BF69 86 0D       	      	ldaa	#$0d
5619   BF6B             	      else
5619   BF6B             
5619   BF6B             
5619   BF6B             
5619   BF6B             
5619   BF68             
5619   BF68             
5619   BF68             
5619   BF68~            	      else
5619   BF68~            	      else
5619   BF68~            	      else
5619   BF68~            	      else
5619   BF68             
5619   BF68~            	      else
5619   BF68~            	      else
5619   BF68~            	      else
5619   BF68~            	      else
5619   BF68             
5619   BF68             
5619   BF68 04          
5619   BF6B             
5619   BF6B 20 FE       
5619   BF6D             
5619   BF6D             
5619   BF6D             
5619   BF6D~            	      else
5619   BF6D~            	      else
5619   BF6D~            	      else
5619   BF6D~            	      else
5619   BF6D~            	      else
5619   BF6D             
5619   BF6D~            	      else
5619   BF6D~            	      else
5619   BF6D             
5619   BF6D~            	      else
5619   BF6D~            	      else
5619   BF6D             
5620   BF6D 84 40       		      anda	#$40
5621   BF6F             		      ifne
5621   BF6F             
5621   BF6F 27 FE       
5622   BF71             		      	;default pitch flag is set, use $0d
5623   BF71 86 0D       		      	ldaa	#$0d
5624   BF73             		      else
5624   BF73             
5624   BF73             
5624   BF73             
5624   BF73             
5624   BF70             
5624   BF70             
5624   BF70             
5624   BF70~            		      else
5624   BF70~            		      else
5624   BF70~            		      else
5624   BF70~            		      else
5624   BF70             
5624   BF70~            		      else
5624   BF70~            		      else
5624   BF70~            		      else
5624   BF70~            		      else
5624   BF70             
5624   BF70             
5624   BF70 04          
5624   BF73             
5624   BF73 20 FE       
5624   BF75             
5624   BF75             
5624   BF75             
5624   BF75~            		      else
5624   BF75~            		      else
5624   BF75~            		      else
5624   BF75~            		      else
5624   BF75~            		      else
5624   BF75             
5624   BF75~            		      else
5624   BF75~            		      else
5624   BF75             
5624   BF75~            		      else
5624   BF75~            		      else
5624   BF75             
5625   BF75 A6 01       				ldaa	$01,x
5626   BF77 08          		      	inx
5627   BF78             		      endif
5627   BF78             
5627   BF78             
5627   BF78             
5627   BF78             
5627   BF78             
5627   BF78~            		      endif
5627   BF78~            		      endif
5627   BF78             
5627   BF78~            		      endif
5627   BF78~            		      endif
5627   BF78             
5627   BF74             
5627   BF74 03          
5627   BF75             
5627   BF75             
5627   BF75~            		      endif
5627   BF75~            		      endif
5627   BF75~            		      endif
5627   BF75             
5627   BF78             
5627   BF78~            		      endif
5627   BF78~            		      endif
5627   BF78             
5628   BF78             		endif
5628   BF78             
5628   BF78             
5628   BF78             
5628   BF78             
5628   BF78             
5628   BF78~            		endif
5628   BF78~            		endif
5628   BF78             
5628   BF78~            		endif
5628   BF78~            		endif
5628   BF78             
5628   BF6C             
5628   BF6C 0B          
5628   BF6D             
5628   BF6D             
5628   BF6D~            		endif
5628   BF6D~            		endif
5628   BF6D~            		endif
5628   BF6D             
5628   BF78             
5628   BF78~            		endif
5628   BF78~            		endif
5628   BF78             
5629   BF78 97 1A       		staa	sp_currentpitch		;save the speech pitch
5630   BF7A 08          		inx
5631   BF7B DF 17       		stx	sp_phrase_ptr
5632   BF7D BD F0 7A    		jsr	sp_fill_ramexec		;based on our pitch, set up the delay buffer
5633   BF80 DE 0C       		ldx	xtemp1
5634   BF82 EE 00       		ldx	$00,x
5635   BF84 DF 0C       		stx	xtemp1			;save the current speech data pointer at $00
5636   BF86 BD BF C0    		jsr	utter_start			;play the utterance loaded
5637   BF89 20 9C       		bra	phrase_next
5638   BF8B             		
5639   BF8B             
5640   BF8B             
5641   BF8B             ;***********************************************
5642   BF8B             ;* This routine is called always at the end of
5643   BF8B             ;* the speech delay routine
5644   BF8B             ;***********************************************
5645   BF8B             sp_delay_ret
5646   BF8B 86 37       		ldaa	#$37
5647   BF8D B7 04 03    		staa	pia_speech_clk               
5648   BF90 D5 19       		bitb	sp_currentbyte			;apply the current bit mask, if result is 0, the bit is 0, etc
5649   BF92             		ifeq
5649   BF92             
5649   BF92 26 FE       
5650   BF94 86 34       			ldaa	#$34
5651   BF96 B7 04 01    			staa	pia_speech_data               ;Send a 0
5652   BF99 86 3F       			ldaa	#$3F
5653   BF9B B7 04 03    			staa	pia_speech_clk
5654   BF9E 58          			aslb
5655   BF9F 25 23       			bcs	sp_getnextbyte			;Get next data byte, this one is done being shifted
5656   BFA1 2A 19       			bpl	sp_delayplus			;not done, are we at the last bit, if not, add some more time
5657   BFA3 9C 15       			cpx	sp_end_ptr
5658   BFA5 26 2A       			bne	sp_delay				;if not at end of speech bytes, then fall through and this will
5659   BFA7             									;end after sending a 1
5660   BFA7 39          			rts						;THIS IS THE WAY OUT. Only here if all speech data was sent
5661   BFA8             		endif
5661   BFA8             
5661   BFA8             
5661   BFA8             
5661   BFA8             
5661   BFA8             
5661   BFA8~            		endif
5661   BFA8~            		endif
5661   BFA8             
5661   BFA8~            		endif
5661   BFA8~            		endif
5661   BFA8             
5661   BF93             
5661   BF93 14          
5661   BF94             
5661   BF94             
5661   BF94~            		endif
5661   BF94~            		endif
5661   BF94~            		endif
5661   BF94             
5661   BFA8             
5661   BFA8~            		endif
5661   BFA8~            		endif
5661   BFA8             
5662   BFA8 86 3C       		ldaa	#$3C					;send a 1
5663   BFAA B7 04 01    		staa	pia_speech_data
5664   BFAD 86 3F       		ldaa	#$3F
5665   BFAF B7 04 03    		staa	pia_speech_clk			;send final bits properly
5666   BFB2 58          		aslb
5667   BFB3 25 0F       		bcs	sp_getnextbyte				;get next data byte, we are done with this one
5668   BFB5             		ifmi						;not done, are we at the last bit? If not, add some more time
5668   BFB5             
5668   BFB5 2A FE       
5669   BFB7 9C 15       			cpx	sp_end_ptr				;Are we at the end of the speech data bytes yet?
5670   BFB9 26 16       			bne	sp_delay				;branch if not
5671   BFBB 39          			rts						;THIS IS THE WAY OUT. Only here if all speech data was sent
5672   BFBC             		endif
5672   BFBC             
5672   BFBC             
5672   BFBC             
5672   BFBC             
5672   BFBC             
5672   BFBC~            		endif
5672   BFBC~            		endif
5672   BFBC             
5672   BFBC~            		endif
5672   BFBC~            		endif
5672   BFBC             
5672   BFB6             
5672   BFB6 05          
5672   BFB7             
5672   BFB7             
5672   BFB7~            		endif
5672   BFB7~            		endif
5672   BFB7~            		endif
5672   BFB7             
5672   BFBC             
5672   BFBC~            		endif
5672   BFBC~            		endif
5672   BFBC             
5673   BFBC             sp_delayplus					;We are here for all but final bit position in speech data byte
5674   BFBC 01          		nop					;this is here to make these bytes take just as long as the routine
5675   BFBD 01          		nop					;that gets the next speech data byte.
5676   BFBE 20 11       		bra	sp_delay
5677   BFC0             		
5678   BFC0             ;**************************************************************
5679   BFC0             ;* This is the main routine for playing a complete utterance
5680   BFC0             ;* It will play the utterance loaded above
5681   BFC0             ;**************************************************************
5682   BFC0             utter_start
5683   BFC0 DE 0C       		ldx	xtemp1				;X contains the speech data byte pointer
5684   BFC2 5F          		clrb						;clear b and set carry so that it shifts into first pos
5685   BFC3 0D          		sec
5686   BFC4             sp_getnextbyte
5687   BFC4 59          		rolb						;B contains the bit that we are on as a mask
5688   BFC5 A6 00       		ldaa	$00,x					;Get a fresh byte of speech data
5689   BFC7 08          		inx						;Point to next byte for next time
5690   BFC8 97 19       		staa	sp_currentbyte			;Save the byte for later
5691   BFCA 96 1A       		ldaa	sp_currentpitch			;get the speech pitch
5692   BFCC             		ifeq
5692   BFCC             
5692   BFCC 26 FE       
5693   BFCE 7E F0 3F    		      jmp	sploop
5694   BFD1             		endif
5694   BFD1             
5694   BFD1             
5694   BFD1             
5694   BFD1             
5694   BFD1             
5694   BFD1~            		endif
5694   BFD1~            		endif
5694   BFD1             
5694   BFD1~            		endif
5694   BFD1~            		endif
5694   BFD1             
5694   BFCD             
5694   BFCD 03          
5694   BFCE             
5694   BFCE             
5694   BFCE~            		endif
5694   BFCE~            		endif
5694   BFCE~            		endif
5694   BFCE             
5694   BFD1             
5694   BFD1~            		endif
5694   BFD1~            		endif
5694   BFD1             
5695   BFD1             		
5696   BFD1             ;***********************************************
5697   BFD1             ;* This is the rountine that jumps to the delay
5698   BFD1             ;* program in RAM. This is used to set the delay
5699   BFD1             ;* between speech data bits sent to the CVSD IC.
5700   BFD1             ;***********************************************
5701   BFD1             sp_delay
5702   BFD1 7E 00 1C    		jmp	delaybuf
5703   BFD4             
5704   BFD4             ;***********************************************************
5705   BFD4             ;* Required Speech Pointers
5706   BFD4             ;***********************************************************
5707   BFD4~            #IF *>$effa 
5708   BFD4~            	.error "Speech ROM Overflow."
5709   BFD4             #ENDIF 
5710   BFD4             
5711   EFFA             	.org $effa
5712   EFFA             
5713   EFFA 7E F0 A3    speech_test_ptr		jmp speech_test
5714   EFFD             
5715   EFFD             ;*************************************************************************************************
5716   EFFD             ;* Sound ROM Start
5717   EFFD             ;*
5718   EFFD             ;* Jungle Lord uses a 2716(2kx8) ROM, it is possible to expand this up to 4K if needed.
5719   EFFD             ;*************************************************************************************************
5720   F000             .org $f000
5721   F000             
5722   F000             ;***************************************
5723   F000             ;* checksum must be here for system test
5724   F000             ;***************************************	
5725   F000 9B          csum	.db	$9B
5726   F001             
5727   F001             ;*********************************************************
5728   F001             ;* A Little Note
5729   F001             ;*********************************************************	
5730   F001             
5731   F001 2D2D2D434F50	.text "---COPYRIGHT 2006 WILLIAMZ ELECTRONICS-JUNGLE LORD SOUND L3---"
5731   F007 59524947485420323030362057494C4C49414D5A20454C454354524F4E4943532D4A554E474C45204C4F524420534F554E44204C332D2D2D
5732   F03F             
5733   F03F             ;********************************************
5734   F03F             ; Main Speech Loop
5735   F03F             ;********************************************
5736   F03F             sploop      begin
5736   F03F             
5737   F03F                               begin
5737   F03F             
5738   F03F                                     begin
5738   F03F             
5739   F03F 86 37                         		ldaa	#$37
5740   F041 B7 04 03                      		staa	pia_speech_clk
5741   F044 D5 19                         		bitb	sp_currentbyte
5742   F046 26 17                         		bne	sploopbr_1
5743   F048 86 34                         		ldaa	#$34
5744   F04A B7 04 01                      		staa	pia_speech_data
5745   F04D 86 3F                         		ldaa	#$3F
5746   F04F B7 04 03                      		staa	pia_speech_clk
5747   F052 58                            		aslb
5748   F053                               		ifcs
5748   F053             
5748   F053 24 FE       
5749   F055 7E BF C4                      			jmp sp_getnextbyte			;Are we done with this byte?
5750   F058                               		endif
5750   F058             
5750   F058             
5750   F058             
5750   F058             
5750   F058             
5750   F058~                              		endif
5750   F058~                              		endif
5750   F058             
5750   F058~                              		endif
5750   F058~                              		endif
5750   F058             
5750   F054             
5750   F054 03          
5750   F055             
5750   F055             
5750   F055~                              		endif
5750   F055~                              		endif
5750   F055~                              		endif
5750   F055             
5750   F058             
5750   F058~                              		endif
5750   F058~                              		endif
5750   F058             
5751   F058 2A 1C                         		bpl	sploopbr_2
5752   F05A 9C 15                         		cpx	sp_end_ptr
5753   F05C                         		loopend
5753   F05C             
5753   F05C             
5753   F05C~                        		loopend
5753   F05C~                        		loopend
5753   F05C~                        		loopend
5753   F05C             
5753   F05C 20 E1       
5753   F05E             
5753   F05E~                        		loopend
5753   F05E~                        		loopend
5753   F05E             
5754   F05E 39                      		rts
5755   F05F             sploopbr_1
5756   F05F 86 3C                   		ldaa	#$3C
5757   F061 B7 04 01                		staa	pia_speech_data
5758   F064 86 3F                   		ldaa	#$3F
5759   F066 B7 04 03                		staa	pia_speech_clk
5760   F069 58                      		aslb
5761   F06A                         		ifcs
5761   F06A             
5761   F06A 24 FE       
5762   F06C 7E BF C4                			jmp sp_getnextbyte			;Are we done with this byte?
5763   F06F                         		endif
5763   F06F             
5763   F06F             
5763   F06F             
5763   F06F             
5763   F06F             
5763   F06F~                        		endif
5763   F06F~                        		endif
5763   F06F             
5763   F06F~                        		endif
5763   F06F~                        		endif
5763   F06F             
5763   F06B             
5763   F06B 03          
5763   F06C             
5763   F06C             
5763   F06C~                        		endif
5763   F06C~                        		endif
5763   F06C~                        		endif
5763   F06C             
5763   F06F             
5763   F06F~                        		endif
5763   F06F~                        		endif
5763   F06F             
5764   F06F 2A 05                   		bpl	sploopbr_2
5765   F071 9C 15                   		cpx	sp_end_ptr
5766   F073                   		loopend
5766   F073             
5766   F073             
5766   F073~                  		loopend
5766   F073~                  		loopend
5766   F073~                  		loopend
5766   F073             
5766   F073 20 CA       
5766   F075             
5766   F075~                  		loopend
5766   F075~                  		loopend
5766   F075             
5767   F075 39                		rts
5768   F076             sploopbr_2
5769   F076 01                		nop
5770   F077 01                		nop
5771   F078             		loopend
5771   F078             
5771   F078             
5771   F078~            		loopend
5771   F078~            		loopend
5771   F078~            		loopend
5771   F078             
5771   F078 20 C5       
5771   F07A             
5771   F07A~            		loopend
5771   F07A~            		loopend
5771   F07A             
5772   F07A             		
5773   F07A             ;******************************************************************
5774   F07A             ; This routine takes a X byte (largest value known so far is $5B)
5775   F07A             ; buffer and it fills it with NOP commands that are the length of
5776   F07A             ; A/2, if A is odd, then something happens with the buffer data
5777   F07A             ; having a CMPA at the end for some reason.
5778   F07A             ;******************************************************************
5779   F07A             sp_fill_ramexec
5780   F07A CE 00 1C    		ldx	#delaybuf
5781   F07D 80 02       		suba	#$02					;A contains the pitch value
5782   F07F                         begin
5782   F07F             
5783   F07F 23 15             		bls	sp_fill_end				;If A is less than zero, then we are done filling
5784   F081 81 03             		cmpa	#$03
5785   F083 27 09             		beq	sp_fill_odd				;if it ended on an $03, then put in a $91,$00
5786   F085 C6 01             		ldab	#$01					;this is a NOP command here
5787   F087 E7 00             		stab	$00,x					;put it in the buffer
5788   F089 08                		inx
5789   F08A 80 02             		suba	#$02
5790   F08C             		loopend
5790   F08C             
5790   F08C             
5790   F08C~            		loopend
5790   F08C~            		loopend
5790   F08C~            		loopend
5790   F08C             
5790   F08C 20 F1       
5790   F08E             
5790   F08E~            		loopend
5790   F08E~            		loopend
5790   F08E             
5791   F08E             
5792   F08E             sp_fill_odd
5793   F08E C6 91       		ldab	#$91
5794   F090 E7 00       		stab	$00,x
5795   F092 6F 01       		clr	$01,x
5796   F094 08          		inx
5797   F095 08          		inx
5798   F096             sp_fill_end
5799   F096 C6 7E       		ldab	#$7E					;This puts a JMP to sp_delay_ret at the end of the buffer
5800   F098 E7 00       		stab	$00,x
5801   F09A C6 BF       		ldab	#(sp_delay_ret>>8)
5802   F09C E7 01       		stab	$01,x
5803   F09E C6 8B       		ldab	#(sp_delay_ret&$FF)
5804   F0A0 E7 02       		stab	$02,x
5805   F0A2 39          		rts						;return, buffer is set up properly now
5806   F0A3             	
5807   F0A3             	
5808   F0A3             speech_test
5809   F0A3             play_all_speech
5810   F0A3 86 0D       		ldaa	#$0d
5811   F0A5 97 1A       		staa	sp_currentpitch
5812   F0A7 BD F0 7A    		jsr	sp_fill_ramexec		;based on our pitch, set up the delay buffer
5813   F0AA CE 80 00    		ldx	#ut_start
5814   F0AD DF 0C       		stx	xtemp1
5815   F0AF CE BC F5    		ldx	#ut_end
5816   F0B2 DF 15       		stx	sp_end_ptr
5817   F0B4 7E BF C0    		jmp	utter_start
5818   F0B7             		
5819   F0B7             ;***************************		
5820   F0B7             ;* More Speech Data		
5821   F0B7             ;***************************
5822   F0B7             ut_laugh1_beg
5823   F0B7 AA F6 4A 15 	.db	$AA,$F6,$4A,$15
5824   F0BB B5 6A C8 B5 	.db	$B5,$6A,$C8,$B5
5825   F0BF CE 94 52 95 	.db	$CE,$94,$52,$95
5826   F0C3 8F BA 2A 45 	.db	$8F,$BA,$2A,$45
5827   F0C7 2E 7A E8 52 	.db	$2E,$7A,$E8,$52
5828   F0CB 0B 1F 74 F4 	.db	$0B,$1F,$74,$F4
5829   F0CF A1 AD 65 43 	.db	$A1,$AD,$65,$43
5830   F0D3 1F 3C FC D0 	.db	$1F,$3C,$FC,$D0
5831   F0D7 D1 45 93 15 	.db	$D1,$45,$93,$15
5832   F0DB 9D AA E8 95 	.db	$9D,$AA,$E8,$95
5833   F0DF 2E 2D 6C B9 	.db	$2E,$2D,$6C,$B9
5834   F0E3 78 85 A5 47 	.db	$78,$85,$A5,$47
5835   F0E7 0B 7D F0 16 	.db	$0B,$7D,$F0,$16
5836   F0EB 29 FA D0 07 	.db	$29,$FA,$D0,$07
5837   F0EF 7C 7C C1 0B 	.db	$7C,$7C,$C1,$0B
5838   F0F3 BD AA 03 1F 	.db	$BD,$AA,$03,$1F
5839   F0F7 7A A4 D6 1A 	.db	$7A,$A4,$D6,$1A
5840   F0FB B6 D0 07 0F 	.db	$B6,$D0,$07,$0F
5841   F0FF BE 60 17 BD 	.db	$BE,$60,$17,$BD
5842   F103 B8 A0 57 0F 	.db	$B8,$A0,$57,$0F
5843   F107 86 DE 5C D1 	.db	$86,$DE,$5C,$D1
5844   F10B A3 3B E0 0F 	.db	$A3,$3B,$E0,$0F
5845   F10F F8 42 3B E0 	.db	$F8,$42,$3B,$E0
5846   F113 0F 3C B1 F8 	.db	$0F,$3C,$B1,$F8
5847   F117 03 3F F8 D2 	.db	$03,$3F,$F8,$D2
5848   F11B 1F 69 C8 A2 	.db	$1F,$69,$C8,$A2
5849   F11F 0B 14 AA 4A 	.db	$0B,$14,$AA,$4A
5850   F123 17 F0 C7 FF 	.db	$17,$F0,$C7,$FF
5851   F127 7F 01 16 EE 	.db	$7F,$01,$16,$EE
5852   F12B 80 26 A0 40 	.db	$80,$26,$A0,$40
5853   F12F 5D E0 FF 3F 	.db	$5D,$E0,$FF,$3F
5854   F133 80 FF 1D 80 	.db	$80,$FF,$1D,$80
5855   F137 81 0F 10 F0 	.db	$81,$0F,$10,$F0
5856   F13B FF 0F E0 7F 	.db	$FF,$0F,$E0,$7F
5857   F13F 03 E0 F8 00 	.db	$03,$E0,$F8,$00
5858   F143 80 FF 3B 80 	.db	$80,$FF,$3B,$80
5859   F147 FF 09 C0 07 	.db	$FF,$09,$C0,$07
5860   F14B 01 F0 FF 07 	.db	$01,$F0,$FF,$07
5861   F14F F0 BF 01 3C 	.db	$F0,$BF,$01,$3C
5862   F153 54 80 FF 3F 	.db	$54,$80,$FF,$3F
5863   F157 C0 FF 0D C0 	.db	$C0,$FF,$0D,$C0
5864   F15B 53 00 FE 7F 	.db	$53,$00,$FE,$7F
5865   F15F 00 BF 3F 00 	.db	$00,$BF,$3F,$00
5866   F163 C6 80 FF 7E 	.db	$C6,$80,$FF,$7E
5867   F167 80 DF 1F 80 	.db	$80,$DF,$1F,$80
5868   F16B 43 80 FF 3F 	.db	$43,$80,$FF,$3F
5869   F16F 80 FF 0B C0 	.db	$80,$FF,$0B,$C0
5870   F173 03 E0 FF 1F 	.db	$03,$E0,$FF,$1F
5871   F177 E0 FB 03 E0 	.db	$E0,$FB,$03,$E0
5872   F17B 00 FC FF 03 	.db	$00,$FC,$FF,$03
5873   F17F FC FC 00 39 	.db	$FC,$FC,$00,$39
5874   F183 00 FF 7F 80 	.db	$00,$FF,$7F,$80
5875   F187 9F 33 60 07 	.db	$9F,$33,$60,$07
5876   F18B E0 DF 0F F8 	.db	$E0,$DF,$0F,$F8
5877   F18F 73 03 76 00 	.db	$73,$03,$76,$00
5878   F193 FE FD 00 BF 	.db	$FE,$FD,$00,$BF
5879   F197 37 00 0F F0 	.db	$37,$00,$0F,$F0
5880   F19B E7 07 F8 BD 	.db	$E7,$07,$F8,$BD
5881   F19F 03 38 C0 3F 	.db	$03,$38,$C0,$3F
5882   F1A3 3F E0 EF 0E 	.db	$3F,$E0,$EF,$0E
5883   F1A7 C0 01 FF EC 	.db	$C0,$01,$FF,$EC
5884   F1AB 80 3F 79 41 	.db	$80,$3F,$79,$41
5885   F1AF 07 FC F1 01 	.db	$07,$FC,$F1,$01
5886   F1B3 FE E6 80 0D 	.db	$FE,$E6,$80,$0D
5887   F1B7 F8 E7 07 FC 	.db	$F8,$E7,$07,$FC
5888   F1BB CC 03 1F F0 	.db	$CC,$03,$1F,$F0
5889   F1BF C7 07 F8 8F 	.db	$C7,$07,$F8,$8F
5890   F1C3 03 3B F0 C7 	.db	$03,$3B,$F0,$C7
5891   F1C7 07 F8 8D 03 	.db	$07,$F8,$8D,$03
5892   F1CB 3F F0 07 07 	.db	$3F,$F0,$07,$07
5893   F1CF F8 8F 01 3C 	.db	$F8,$8F,$01,$3C
5894   F1D3 FC 83 03 FE 	.db	$FC,$83,$03,$FE
5895   F1D7 C3 C0 0C FE 	.db	$C3,$C0,$0C,$FE
5896   F1DB E9 00 FF 61 	.db	$E9,$00,$FF,$61
5897   F1DF 30 82 7F 78 	.db	$30,$82,$7F,$78
5898   F1E3 C0 7F 38 08 	.db	$C0,$7F,$38,$08
5899   F1E7 E1 3F 0C F8 	.db	$E1,$3F,$0C,$F8
5900   F1EB 17 1E 42 F8 	.db	$17,$1E,$42,$F8
5901   F1EF 1F 03 FC 87 	.db	$1F,$03,$FC,$87
5902   F1F3 83 00 FE C7 	.db	$83,$00,$FE,$C7
5903   F1F7 01 7F E1 31 	.db	$01,$7F,$E1,$31
5904   F1FB 00 FF 3B C0 	.db	$00,$FF,$3B,$C0
5905   F1FF 3F 30 0E E0 	.db	$3F,$30,$0E,$E0
5906   F203 5F 0E F8 17 	.db	$5F,$0E,$F8,$17
5907   F207 16 07 F8 37 	.db	$16,$07,$F8,$37
5908   F20B 03 FC 87 C5 	.db	$03,$FC,$87,$C5
5909   F20F 00 FF FC 80 	.db	$00,$FF,$FC,$80
5910   F213 3F 31 1E C0 	.db	$3F,$31,$1E,$C0
5911   F217 3F 1D F0 27 	.db	$3F,$1D,$F0,$27
5912   F21B DC 05 F8 B3 	.db	$DC,$05,$F8,$B3
5913   F21F 03 FE C4 58 	.db	$03,$FE,$C4,$58
5914   F223 00 7F 76 C0 	.db	$00,$7F,$76,$C0
5915   F227 9F 30 1C F0 	.db	$9F,$30,$1C,$F0
5916   F22B 27 07 FC 81 	.db	$27,$07,$FC,$81
5917   F22F BD 00 FF 7C 	.db	$BD,$00,$FF,$7C
5918   F233 C0 1F 30 72 	.db	$C0,$1F,$30,$72
5919   F237 F0          	.db	$F0
5920   F238             ut_laugh1_end
5921   F238             ut_laugh2_beg
5922   F238 AA F8 45 41 	.db	$AA,$F8,$45,$41
5923   F23C BF D0 95 0F 	.db	$BF,$D0,$95,$0F
5924   F240 F8 99 1A 7A 	.db	$F8,$99,$1A,$7A
5925   F244 72 43 CC FA 	.db	$72,$43,$CC,$FA
5926   F248 03 7E E4 85 	.db	$03,$7E,$E4,$85
5927   F24C 3D E0 A7 2E 	.db	$3D,$E0,$A7,$2E
5928   F250 3A E8 57 41 	.db	$3A,$E8,$57,$41
5929   F254 F0 0F BC F4 	.db	$F0,$0F,$BC,$F4
5930   F258 82 3E D4 51 	.db	$82,$3E,$D4,$51
5931   F25C 17 7E A2 94 	.db	$17,$7E,$A2,$94
5932   F260 1F F8 21 0B 	.db	$1F,$F8,$21,$0B
5933   F264 FF C0 45 1D 	.db	$FF,$C0,$45,$1D
5934   F268 7D E1 80 7F 	.db	$7D,$E1,$80,$7F
5935   F26C 38 61 4F AC 	.db	$38,$61,$4F,$AC
5936   F270 B9 50 15 7F 	.db	$B9,$50,$15,$7F
5937   F274 E1 90 9F 25 	.db	$E1,$90,$9F,$25
5938   F278 F8 05 17 FD 	.db	$F8,$05,$17,$FD
5939   F27C 40 CD 9D 09 	.db	$40,$CD,$9D,$09
5940   F280 F9 53 03 FE 	.db	$F9,$53,$03,$FE
5941   F284 D0 C1 1F 58 	.db	$D0,$C1,$1F,$58
5942   F288 D7 09 BC D5 	.db	$D7,$09,$BC,$D5
5943   F28C 30 EA 27 19 	.db	$30,$EA,$27,$19
5944   F290 F4 07 BA DC 	.db	$F4,$07,$BA,$DC
5945   F294 81 AF E8 4A 	.db	$81,$AF,$E8,$4A
5946   F298 0F E8 D5 1A 	.db	$0F,$E8,$D5,$1A
5947   F29C A9 74 AD D8 	.db	$A9,$74,$AD,$D8
5948   F2A0 0B D1 7F 08 	.db	$0B,$D1,$7F,$08
5949   F2A4 FA 0B 52 AB 	.db	$FA,$0B,$52,$AB
5950   F2A8 51 FE 91 51 	.db	$51,$FE,$91,$51
5951   F2AC 3B 27 C2 C7 	.db	$3B,$27,$C2,$C7
5952   F2B0 28 08 FF 93 	.db	$28,$08,$FF,$93
5953   F2B4 01 7F 25 E0 	.db	$01,$7F,$25,$E0
5954   F2B8 1F 8A A0 E1 	.db	$1F,$8A,$A0,$E1
5955   F2BC BF 19 F0 67 	.db	$BF,$19,$F0,$67
5956   F2C0 06 FC 81 09 	.db	$06,$FC,$81,$09
5957   F2C4 0D FF F0 C0 	.db	$0D,$FF,$F0,$C0
5958   F2C8 1F 31 F8 0F 	.db	$1F,$31,$F8,$0F
5959   F2CC 22 24 FE CB 	.db	$22,$24,$FE,$CB
5960   F2D0 81 3F 63 E0 	.db	$81,$3F,$63,$E0
5961   F2D4 9F 08 00 FF 	.db	$9F,$08,$00,$FF
5962   F2D8 CD 80 BF 21 	.db	$CD,$80,$BF,$21
5963   F2DC F0 2F 40 C8 	.db	$F0,$2F,$40,$C8
5964   F2E0 7F 32 E0 5F 	.db	$7F,$32,$E0,$5F
5965   F2E4 80 FC 0F 40 	.db	$80,$FC,$0F,$40
5966   F2E8 F8 1F 02 FE 	.db	$F8,$1F,$02,$FE
5967   F2EC 07 81 FF 01 	.db	$07,$81,$FF,$01
5968   F2F0 C0 FF 21 F0 	.db	$C0,$FF,$21,$F0
5969   F2F4 3F 40 FE 07 	.db	$3F,$40,$FE,$07
5970   F2F8 80 FF 07 C0 	.db	$80,$FF,$07,$C0
5971   F2FC FF 01 3C 3F 	.db	$FF,$01,$3C,$3F
5972   F300 00 FF 47 C0 	.db	$00,$FF,$47,$C0
5973   F304 DF 01 F8 2F 	.db	$DF,$01,$F8,$2F
5974   F308 00 FF 27 C0 	.db	$00,$FF,$27,$C0
5975   F30C BF 09 F0 0F 	.db	$BF,$09,$F0,$0F
5976   F310 80 FF 13 E0 	.db	$80,$FF,$13,$E0
5977   F314 7F 01 FC 07 	.db	$7F,$01,$FC,$07
5978   F318 C0 FF 13 E0 	.db	$C0,$FF,$13,$E0
5979   F31C 7F 00 FE 03 	.db	$7F,$00,$FE,$03
5980   F320 F0 FF 02 FC 	.db	$F0,$FF,$02,$FC
5981   F324 1D 00 FF 00 	.db	$1D,$00,$FF,$00
5982   F328 FC 5F 01 FE 	.db	$FC,$5F,$01,$FE
5983   F32C 06 E4 3F 00 	.db	$06,$E4,$3F,$00
5984   F330 FF 0F C0 BF 	.db	$FF,$0F,$C0,$BF
5985   F334 03 F8 07 C0 	.db	$03,$F8,$07,$C0
5986   F338 FF 11 F0 6F 	.db	$FF,$11,$F0,$6F
5987   F33C 00 FE 03 E0 	.db	$00,$FE,$03,$E0
5988   F340 FF 00 F9 73 	.db	$FF,$00,$F9,$73
5989   F344 00 FF 01 F0 	.db	$00,$FF,$01,$F0
5990   F348 5F 80 F9 17 	.db	$5F,$80,$F9,$17
5991   F34C E0 FF 00 F8 	.db	$E0,$FF,$00,$F8
5992   F350 1F 80 FD 13 	.db	$1F,$80,$FD,$13
5993   F354 B0 FF 00 F8 	.db	$B0,$FF,$00,$F8
5994   F358 1F 80 FB 03 	.db	$1F,$80,$FB,$03
5995   F35C E4 FF 00 F8 	.db	$E4,$FF,$00,$F8
5996   F360 1F 01 FB 07 	.db	$1F,$01,$FB,$07
5997   F364 C8 FF 01 F0 	.db	$C8,$FF,$01,$F0
5998   F368 3F 00 FF 03 	.db	$3F,$00,$FF,$03
5999   F36C 2C FF 00 E3 	.db	$2C,$FF,$00,$E3
6000   F370 3F 80 FE 07 	.db	$3F,$80,$FE,$07
6001   F374 30 FF 03 E0 	.db	$30,$FF,$03,$E0
6002   F378 FF 00 FC 0F 	.db	$FF,$00,$FC,$0F
6003   F37C A0 FE 07 80 	.db	$A0,$FE,$07,$80
6004   F380 FF 01 F0 3F 	.db	$FF,$01,$F0,$3F
6005   F384 80 F9 1F 00 	.db	$80,$F9,$1F,$00
6006   F388 FE 07 A0 FF 	.db	$FE,$07,$A0,$FF
6007   F38C 00 F3 3F 00 	.db	$00,$F3,$3F,$00
6008   F390 F9 0F C0 FF 	.db	$F9,$0F,$C0,$FF
6009   F394 01 CC FF 00 	.db	$01,$CC,$FF,$00
6010   F398 F8 3F 00 FF 	.db	$F8,$3F,$00,$FF
6011   F39C 07 70 FF 01 	.db	$07,$70,$FF,$01
6012   F3A0 F0 7F 00 FD 	.db	$F0,$7F,$00,$FD
6013   F3A4 1F 80 FF 03 	.db	$1F,$80,$FF,$03
6014   F3A8 50 FF 01 AA 	.db	$50,$FF,$01,$AA
6015   F3AC 7F 80 DE 1F 	.db	$7F,$80,$DE,$1F
6016   F3B0 00 FF 0F C0 	.db	$00,$FF,$0F,$C0
6017   F3B4 FE 03 E8 7F 	.db	$FE,$03,$E8,$7F
6018   F3B8 00 EA FE 00 	.db	$00,$EA,$FE,$00
6019   F3BC F3 3F 80 F3 	.db	$F3,$3F,$80,$F3
6020   F3C0 0F C0 ED 07 	.db	$0F,$C0,$ED,$07
6021   F3C4 38 FF 03 F8 	.db	$38,$FF,$03,$F8
6022   F3C8 7E 00 FA F8 	.db	$7E,$00,$FA,$F8
6023   F3CC 00 8F 7F C0 	.db	$00,$8F,$7F,$C0
6024   F3D0 8E 0F 70 0F 	.db	$8E,$0F,$70,$0F
6025   F3D4 3E C3 83 3F 	.db	$3E,$C3,$83,$3F
6026   F3D8 E8 E1 0F D8 	.db	$E8,$E1,$0F,$D8
6027   F3DC 01 9F E3 C1 	.db	$01,$9F,$E3,$C1
6028   F3E0 1F 98 F3 03 	.db	$1F,$98,$F3,$03
6029   F3E4 CC 1F 78 E7 	.db	$CC,$1F,$78,$E7
6030   F3E8 03 7E 06 EA 	.db	$03,$7E,$06,$EA
6031   F3EC 03 34 7F 80 	.db	$03,$34,$7F,$80
6032   F3F0 7F 78 E0 0F 	.db	$7F,$78,$E0,$0F
6033   F3F4 78 79 00 EF 	.db	$78,$79,$00,$EF
6034   F3F8 15 F0 7F 81 	.db	$15,$F0,$7F,$81
6035   F3FC F2 1F 80 7F 	.db	$F2,$1F,$80,$7F
6036   F400 04 DC 13 A8 	.db	$04,$DC,$13,$A8
6037   F404 F7 1F 68 CA 	.db	$F7,$1F,$68,$CA
6038   F408 1F          	.db	$1F
6039   F409             ut_laugh2_end
6040   F409             ut_laugh3_beg
6041   F409 AA 40 7F 47 	.db	$AA,$40,$7F,$47
6042   F40D C0 FE 11 94 	.db	$C0,$FE,$11,$94
6043   F411 BF 90 3E A8 	.db	$BF,$90,$3E,$A8
6044   F415 EE 05 D4 AF 	.db	$EE,$05,$D4,$AF
6045   F419 01 75 D7 44 	.db	$01,$75,$D7,$44
6046   F41D 89 7B 0F E1 	.db	$89,$7B,$0F,$E1
6047   F421 F8 2A 32 F3 	.db	$F8,$2A,$32,$F3
6048   F425 42 5F E0 F1 	.db	$42,$5F,$E0,$F1
6049   F429 0B 98 FB 41 	.db	$0B,$98,$FB,$41
6050   F42D 54 BF D0 0A 	.db	$54,$BF,$D0,$0A
6051   F431 BD F0 11 8F 	.db	$BD,$F0,$11,$8F
6052   F435 F4 C8 0E BF 	.db	$F4,$C8,$0E,$BF
6053   F439 50 85 BE 78 	.db	$50,$85,$BE,$78
6054   F43D C0 C7 5E D0 	.db	$C0,$C7,$5E,$D0
6055   F441 8B 5E F8 02 	.db	$8B,$5E,$F8,$02
6056   F445 3D F8 81 0F 	.db	$3D,$F8,$81,$0F
6057   F449 FB 40 A7 AF 	.db	$FB,$40,$A7,$AF
6058   F44D E0 86 AD E0 	.db	$E0,$86,$AD,$E0
6059   F451 0F 3C F8 C3 	.db	$0F,$3C,$F8,$C3
6060   F455 14 FC A3 52 	.db	$14,$FC,$A3,$52
6061   F459 F4 86 F8 1C 	.db	$F4,$86,$F8,$1C
6062   F45D 07 F1 3C 86 	.db	$07,$F1,$3C,$86
6063   F461 E7 39 04 F7 	.db	$E7,$39,$04,$F7
6064   F465 09 78 9E 07 	.db	$09,$78,$9E,$07
6065   F469 F8 1C 87 7B 	.db	$F8,$1C,$87,$7B
6066   F46D 3C C0 F7 0C 	.db	$3C,$C0,$F7,$0C
6067   F471 E0 7F 0E F8 	.db	$E0,$7F,$0E,$F8
6068   F475 3B 00 DE 75 	.db	$3B,$00,$DE,$75
6069   F479 90 8F 33 F0 	.db	$90,$8F,$33,$F0
6070   F47D C2 3F 78 E0 	.db	$C2,$3F,$78,$E0
6071   F481 0F 7C B0 A0 	.db	$0F,$7C,$B0,$A0
6072   F485 7B 54 C5 5F 	.db	$7B,$54,$C5,$5F
6073   F489 98 BA A5 EA 	.db	$98,$BA,$A5,$EA
6074   F48D 0E C1 F2 0A 	.db	$0E,$C1,$F2,$0A
6075   F491 AA F2 14 8B 	.db	$AA,$F2,$14,$8B
6076   F495 F7 08 EB A7 	.db	$F7,$08,$EB,$A7
6077   F499 51 B8 17 35 	.db	$51,$B8,$17,$35
6078   F49D F8 21 4D B7 	.db	$F8,$21,$4D,$B7
6079   F4A1 A0 FD 02 D5 	.db	$A0,$FD,$02,$D5
6080   F4A5 5E 48 EB 5A 	.db	$5E,$48,$EB,$5A
6081   F4A9 28 DD D3 10 	.db	$28,$DD,$D3,$10
6082   F4AD FC A3 21 BE 	.db	$FC,$A3,$21,$BE
6083   F4B1 46 E1 9A 9A 	.db	$46,$E1,$9A,$9A
6084   F4B5 70 87 2D F4 	.db	$70,$87,$2D,$F4
6085   F4B9 0B 2B FC 82 	.db	$0B,$2B,$FC,$82
6086   F4BD C6 7A 09 D7 	.db	$C6,$7A,$09,$D7
6087   F4C1 A5 14 EF 41 	.db	$A5,$14,$EF,$41
6088   F4C5 17 3D 61 B7 	.db	$17,$3D,$61,$B7
6089   F4C9 48 B5 A7 48 	.db	$48,$B5,$A7,$48
6090   F4CD BE D6 02 3E 	.db	$BE,$D6,$02,$3E
6091   F4D1 BA C0 AF 2D 	.db	$BA,$C0,$AF,$2D
6092   F4D5 A0 AF 85 78 	.db	$A0,$AF,$85,$78
6093   F4D9 97 42 FA 56 	.db	$97,$42,$FA,$56
6094   F4DD 81 BE A6 A0 	.db	$81,$BE,$A6,$A0
6095   F4E1 77 09 DA AF 	.db	$77,$09,$DA,$AF
6096   F4E5 40 FA 2E A8 	.db	$40,$FA,$2E,$A8
6097   F4E9 AE 85 AC 6F 	.db	$AE,$85,$AC,$6F
6098   F4ED 40 F5 2A 69 	.db	$40,$F5,$2A,$69
6099   F4F1 57 41 BD B2 	.db	$57,$41,$BD,$B2
6100   F4F5 82 BE B2 A0 	.db	$82,$BE,$B2,$A0
6101   F4F9 1F B1 E8 17 	.db	$1F,$B1,$E8,$17
6102   F4FD 52 6D 8D DC 	.db	$52,$6D,$8D,$DC
6103   F501 15 52 F6 07 	.db	$15,$52,$F6,$07
6104   F505 AC FE 01 3A 	.db	$AC,$FE,$01,$3A
6105   F509 6F 21 B5 6E 	.db	$6F,$21,$B5,$6E
6106   F50D 91 B8 AE A1 	.db	$91,$B8,$AE,$A1
6107   F511 3A 1E 69 69 	.db	$3A,$1E,$69,$69
6108   F515 15 CB 7C 14 	.db	$15,$CB,$7C,$14
6109   F519 57 57 50 DD 	.db	$57,$57,$50,$DD
6110   F51D 43 F4 56 85 	.db	$43,$F4,$56,$85
6111   F521 BA 54 8A AF 	.db	$BA,$54,$8A,$AF
6112   F525 A5 28 FD A2 	.db	$A5,$28,$FD,$A2
6113   F529 54 B5 0A ED 	.db	$54,$B5,$0A,$ED
6114   F52D E9 88 BE A1 	.db	$E9,$88,$BE,$A1
6115   F531 B0 5E C3 52 	.db	$B0,$5E,$C3,$52
6116   F535 2D A8 B6 27 	.db	$2D,$A8,$B6,$27
6117   F539 F8 EE 0A D8 	.db	$F8,$EE,$0A,$D8
6118   F53D 5B 01 EB 25 	.db	$5B,$01,$EB,$25
6119   F541 25 BE D1 84 	.db	$25,$BE,$D1,$84
6120   F545 3F 51 45 5F 	.db	$3F,$51,$45,$5F
6121   F549 B0 C2 3F 72 	.db	$B0,$C2,$3F,$72
6122   F54D E0 27 2E E4 	.db	$E0,$27,$2E,$E4
6123   F551 A3 1A EA EA 	.db	$A3,$1A,$EA,$EA
6124   F555 0A 55 F5 50 	.db	$0A,$55,$F5,$50
6125   F559 AA FE E8 90 	.db	$AA,$FE,$E8,$90
6126   F55D 3B 33 22 EF 	.db	$3B,$33,$22,$EF
6127   F561 60 54 9F A4 	.db	$60,$54,$9F,$A4
6128   F565 D0 8D F2 8D 	.db	$D0,$8D,$F2,$8D
6129   F569 17 F4 63 06 	.db	$17,$F4,$63,$06
6130   F56D F7 44 8A BB 	.db	$F7,$44,$8A,$BB
6131   F571 11 89 77 E2 	.db	$11,$89,$77,$E2
6132   F575 0D 1F F4 C4 	.db	$0D,$1F,$F4,$C4
6133   F579 07 F5 B4 02 	.db	$07,$F5,$B4,$02
6134   F57D F7 B2 40 AB 	.db	$F7,$B2,$40,$AB
6135   F581 7E C1 89 1F 	.db	$7E,$C1,$89,$1F
6136   F585 B1 A3 36 EC 	.db	$B1,$A3,$36,$EC
6137   F589 C2          	.db	$C2
6138   F58A             ut_laugh3_end
6139   F58A             ut_laugh4_beg
6140   F58A AA 9D 74 07 	.db	$AA,$9D,$74,$07
6141   F58E 2D F8 83 16 	.db	$2D,$F8,$83,$16
6142   F592 FA C1 16 BD 	.db	$FA,$C1,$16,$BD
6143   F596 A1 2B AB E0 	.db	$A1,$2B,$AB,$E0
6144   F59A 0B 3F F0 85 	.db	$0B,$3F,$F0,$85
6145   F59E 1E F4 A2 17 	.db	$1E,$F4,$A2,$17
6146   F5A2 DC D2 15 F4 	.db	$DC,$D2,$15,$F4
6147   F5A6 A2 1F E8 B0 	.db	$A2,$1F,$E8,$B0
6148   F5AA 0F 74 EA 0B 	.db	$0F,$74,$EA,$0B
6149   F5AE DA F4 81 3A 	.db	$DA,$F4,$81,$3A
6150   F5B2 F2 07 2E F4 	.db	$F2,$07,$2E,$F4
6151   F5B6 83 5A FA 42 	.db	$83,$5A,$FA,$42
6152   F5BA 1D BD 41 1D 	.db	$1D,$BD,$41,$1D
6153   F5BE FC 83 2E 7C 	.db	$FC,$83,$2E,$7C
6154   F5C2 41 97 7A C1 	.db	$41,$97,$7A,$C1
6155   F5C6 2B AF A0 15 	.db	$2B,$AF,$A0,$15
6156   F5CA FA 41 0F FE 	.db	$FA,$41,$0F,$FE
6157   F5CE 40 1B BF A0 	.db	$40,$1B,$BF,$A0
6158   F5D2 55 AF A0 4E 	.db	$55,$AF,$A0,$4E
6159   F5D6 F5 81 1E DE 	.db	$F5,$81,$1E,$DE
6160   F5DA C0 1E 5F E0 	.db	$C0,$1E,$5F,$E0
6161   F5DE 96 5E E0 4A 	.db	$96,$5E,$E0,$4A
6162   F5E2 FB A0 15 7E 	.db	$FB,$A0,$15,$7E
6163   F5E6 41 0B 7F D0 	.db	$41,$0B,$7F,$D0
6164   F5EA 45 1F D4 C9 	.db	$45,$1F,$D4,$C9
6165   F5EE F1 C1 2C DE 	.db	$F1,$C1,$2C,$DE
6166   F5F2 41 35 5F E1 	.db	$41,$35,$5F,$E1
6167   F5F6 54 3E A1 A9 	.db	$54,$3E,$A1,$A9
6168   F5FA C5 87 74 B8 	.db	$C5,$87,$74,$B8
6169   F5FE 07 B5 FC 82 	.db	$07,$B5,$FC,$82
6170   F602 53 7A 42 47 	.db	$53,$7A,$42,$47
6171   F606 0D 3F E4 C1 	.db	$0D,$3F,$E4,$C1
6172   F60A 3D A8 E1 0F 	.db	$3D,$A8,$E1,$0F
6173   F60E D6 F8 81 9E 	.db	$D6,$F8,$81,$9E
6174   F612 72 F0 23 0F 	.db	$72,$F0,$23,$0F
6175   F616 EC 91 0E 7F 	.db	$EC,$91,$0E,$7F
6176   F61A 61 46 1F E8 	.db	$61,$46,$1F,$E8
6177   F61E C9 07 7C E4 	.db	$C9,$07,$7C,$E4
6178   F622 03 7D B4 43 	.db	$03,$7D,$B4,$43
6179   F626 1F CE E0 99 	.db	$1F,$CE,$E0,$99
6180   F62A 8E A9 00 7F 	.db	$8E,$A9,$00,$7F
6181   F62E E5 C1 3E 56 	.db	$E5,$C1,$3E,$56
6182   F632 C0 1F 3C F0 	.db	$C0,$1F,$3C,$F0
6183   F636 07 0E F9 81 	.db	$07,$0E,$F9,$81
6184   F63A 3F 78 C0 3F 	.db	$3F,$78,$C0,$3F
6185   F63E 68 A4 17 74 	.db	$68,$A4,$17,$74
6186   F642 FA 85 6E 72 	.db	$FA,$85,$6E,$72
6187   F646 41 2F E5 F8 	.db	$41,$2F,$E5,$F8
6188   F64A 07 15 F4 03 	.db	$07,$15,$F4,$03
6189   F64E A7 F8 84 47 	.db	$A7,$F8,$84,$47
6190   F652 7D A8 CB 2B 	.db	$7D,$A8,$CB,$2B
6191   F656 F8 42 07 7D 	.db	$F8,$42,$07,$7D
6192   F65A A4 8B 1E 74 	.db	$A4,$8B,$1E,$74
6193   F65E 17 A5 F4 2C 	.db	$17,$A5,$F4,$2C
6194   F662 CA 5D 94 F4 	.db	$CA,$5D,$94,$F4
6195   F666 15 95 EA 65 	.db	$15,$95,$EA,$65
6196   F66A 8E 6E 81 AE 	.db	$8E,$6E,$81,$AE
6197   F66E AE 40 97 17 	.db	$AE,$40,$97,$17
6198   F672 71 AE 52 F4 	.db	$71,$AE,$52,$F4
6199   F676 4A 4F 71 88 	.db	$4A,$4F,$71,$88
6200   F67A 9F 74 A4 87 	.db	$9F,$74,$A4,$87
6201   F67E 5A A9 95 5E 	.db	$5A,$A9,$95,$5E
6202   F682 A8 A3 1B DA 	.db	$A8,$A3,$1B,$DA
6203   F686 CA 42 BB A8 	.db	$CA,$42,$BB,$A8
6204   F68A 43 6F 51 8A 	.db	$43,$6F,$51,$8A
6205   F68E EE B8 A4 8B 	.db	$EE,$B8,$A4,$8B
6206   F692 3C EA 83 36 	.db	$3C,$EA,$83,$36
6207   F696 F4 C2 1B F4 	.db	$F4,$C2,$1B,$F4
6208   F69A A1 1E F4 A2 	.db	$A1,$1E,$F4,$A2
6209   F69E 2D BA 41 2B 	.db	$2D,$BA,$41,$2B
6210   F6A2 BB 42 57 6D 	.db	$BB,$42,$57,$6D
6211   F6A6 A8 D6 2A A8 	.db	$A8,$D6,$2A,$A8
6212   F6AA AB 7A 70 A3 	.db	$AB,$7A,$70,$A3
6213   F6AE 2E F4 48 8F 	.db	$2E,$F4,$48,$8F
6214   F6B2 F4 D8 85 AA 	.db	$F4,$D8,$85,$AA
6215   F6B6 EA 21 5D AA 	.db	$EA,$21,$5D,$AA
6216   F6BA 51 BB 14 D5 	.db	$51,$BB,$14,$D5
6217   F6BE EA 2A AA E9 	.db	$EA,$2A,$AA,$E9
6218   F6C2 15 5A D1 0A 	.db	$15,$5A,$D1,$0A
6219   F6C6 7F A1 2A BB 	.db	$7F,$A1,$2A,$BB
6220   F6CA E2          	.db	$E2
6221   F6CB             ut_laugh4_end
6222   F6CB             ut_laugh5_beg
6223   F6CB AA 2E E8 A3 	.db	$AA,$2E,$E8,$A3
6224   F6CF 0A F5 45 2E 	.db	$0A,$F5,$45,$2E
6225   F6D3 DA C3 34 67 	.db	$DA,$C3,$34,$67
6226   F6D7 A2 5C 75 91 	.db	$A2,$5C,$75,$91
6227   F6DB 57 51 49 AF 	.db	$57,$51,$49,$AF
6228   F6DF 1A F4 92 87 	.db	$1A,$F4,$92,$87
6229   F6E3 3C D5 85 AA 	.db	$3C,$D5,$85,$AA
6230   F6E7 7A 55 A2 7A 	.db	$7A,$55,$A2,$7A
6231   F6EB 45 51 3F B2 	.db	$45,$51,$3F,$B2
6232   F6EF 52 4B 5A A7 	.db	$52,$4B,$5A,$A7
6233   F6F3 8A 76 A9 94 	.db	$8A,$76,$A9,$94
6234   F6F7 BB 2A 85 D5 	.db	$BB,$2A,$85,$D5
6235   F6FB 2C 74 A9 87 	.db	$2C,$74,$A9,$87
6236   F6FF AA DC 85 2E 	.db	$AA,$DC,$85,$2E
6237   F703 75 29 95 7A 	.db	$75,$29,$95,$7A
6238   F707 29 55 BE F0 	.db	$29,$55,$BE,$F0
6239   F70B 42 2B 7A 85 	.db	$42,$2B,$7A,$85
6240   F70F A5 3E 61 A7 	.db	$A5,$3E,$61,$A7
6241   F713 AA D2 0B 35 	.db	$AA,$D2,$0B,$35
6242   F717 79 C5 0B BA 	.db	$79,$C5,$0B,$BA
6243   F71B D2 45 56 B5 	.db	$D2,$45,$56,$B5
6244   F71F A4 56 57 29 	.db	$A4,$56,$57,$29
6245   F723 55 AD CA 14 	.db	$55,$AD,$CA,$14
6246   F727 5F B0 4A 57 	.db	$5F,$B0,$4A,$57
6247   F72B B4 8A BB 68 	.db	$B4,$8A,$BB,$68
6248   F72F 93 74 55 05 	.db	$93,$74,$55,$05
6249   F733 7D 55 A2 57 	.db	$7D,$55,$A2,$57
6250   F737 54 95 AE 70 	.db	$54,$95,$AE,$70
6251   F73B C9 2B A9 B4 	.db	$C9,$2B,$A9,$B4
6252   F73F 57 5A E8 A5 	.db	$57,$5A,$E8,$A5
6253   F743 2A EC A9 14 	.db	$2A,$EC,$A9,$14
6254   F747 F9 A6 22 75 	.db	$F9,$A6,$22,$75
6255   F74B AA C5 AA 3E 	.db	$AA,$C5,$AA,$3E
6256   F74F A5 A2 2E 55 	.db	$A5,$A2,$2E,$55
6257   F753 AD 52 8A AB 	.db	$AD,$52,$8A,$AB
6258   F757 AA A2 AA 2F 	.db	$AA,$A2,$AA,$2F
6259   F75B 2C D5 AB 2A 	.db	$2C,$D5,$AB,$2A
6260   F75F AA 45 55 2F 	.db	$AA,$45,$55,$2F
6261   F763 A9 74 99 A3 	.db	$A9,$74,$99,$A3
6262   F767 2A B5 51 4D 	.db	$2A,$B5,$51,$4D
6263   F76B 7D 5A 50 AF 	.db	$7D,$5A,$50,$AF
6264   F76F 52 F8 42 4B 	.db	$52,$F8,$42,$4B
6265   F773 F5 48 4D BD 	.db	$F5,$48,$4D,$BD
6266   F777 A8 52 9F 6A 	.db	$A8,$52,$9F,$6A
6267   F77B A1 AE AA C0 	.db	$A1,$AE,$AA,$C0
6268   F77F 1F B9 E0 27 	.db	$1F,$B9,$E0,$27
6269   F783 36 D2 8D 2E 	.db	$36,$D2,$8D,$2E
6270   F787 E9 AA 16 B5 	.db	$E9,$AA,$16,$B5
6271   F78B AA          	.db	$AA
6272   F78C             ut_laugh5_end
6273   F78C             
6274   F800             .org $f800
6275   F800             	
6276   F800             ;*********************************************************
6277   F800             ;* Main Entry
6278   F800             ;*********************************************************		
6279   F800             swi_entry
6280   F800             reset
6281   F800 0F          			sei
6282   F801 8E 00 7F    			lds	    #$007F
6283   F804 CE 04 00    			ldx	    #$0400		        ;Set up the PIA
6284   F807 6F 01       			clr	    $01,X			    ;Clear Control Register A
6285   F809 6F 03       			clr	    $03,X			    ;Clear Control Register B
6286   F80B 86 FF       			ldaa	#$FF
6287   F80D A7 00       			staa	$00,X			;Set DDRA to Outputs
6288   F80F C6 80       			ldab	#$80
6289   F811 E7 02       			stab	$02,X			;Set DDRB to Inputs except for PB7	
6290   F813 86 37       			ldaa	#$37
6291   F815 A7 03       			staa	$03,X
6292   F817 86 3C       			ldaa	#$3C
6293   F819 A7 01       			staa	$01,X			;Set up CA2 and CB2 as outputs
6294   F81B 97 0A       			staa	temp1
6295   F81D E7 02       			stab	$02,X
6296   F81F 4F          			clra
6297   F820 97 07       			staa	counter2
6298   F822 97 08       			staa	counter3	
6299   F824 97 05       			staa	bg_sec_cnt      ;Reset background sounds
6300   F826 97 06       			staa	counter1
6301   F828 97 04       			staa	bg_type
6302   F82A 0E          			cli				        ;Ready for commands
6303   F82B 20 FE       			bra	$			        ;Stay Here forever!!!!!!!!!!!!!!!
6304   F82D             			
6305   F82D             ;********************************************************************
6306   F82D             ;* Copy Sum based sound data to RAM
6307   F82D             ;********************************************************************
6308   F82D 16          load_sum_data	tab
6309   F82E 48                          asla
6310   F82F 48                          asla
6311   F830 48                          asla
6312   F831 1B                          aba				        ;Times 9
6313   F832 CE 00 15                    ldx	    #local_base
6314   F835 DF 10                       stx	    xtemp3
6315   F837 CE FD 2D                    ldx	    #sum_table
6316   F83A BD FB 8B                    jsr	    xplusa
6317   F83D C6 09                       ldab	#$09
6318   F83F 7E F9 16                    jmp	    copy_block		;Copy block from X to xtemp3, B bytes
6319   F842             
6320   F842             ;*******************************************************************
6321   F842             ;* Play Sum Based Sound
6322   F842             ;*******************************************************************
6323   F842             ;*                                                  Sample
6324   F842             ;* sum_t1_init 	Cycle Timer 1 Initial Value		$40
6325   F842             ;* sum_t2_init 	Cycle Timer 2 Initial Value		$01
6326   F842             ;* sum_t1_adder	Cycle Timer 1 Loop Adder		$00
6327   F842             ;* sum_t2_adder	Cycle Timer 2 Loop Adder		$10
6328   F842             ;* sum_t2_max	Cycle Timer 2 Max Value			$E1
6329   F842             ;* sum_all_max	All Cycle Timer				$0080
6330   F842             ;* sum_t1_ext	Cycle Timer 1 Value			$FF
6331   F842             ;* sum_dac	 	DAC Amplitude				$FF
6332   F842             ;*
6333   F842             ;* Rules to Play Comlete Sounds:
6334   F842             ;*		sum_t2_max % sum_t2_adder = sum_t2_init
6335   F842             ;*		sum_t1_init + sum_t1_ext = sum_t1_init must eventually equal 0
6336   F842             ;**************************************************************
6337   F842 96 1D       play_sum_snd	ldaa	sum_dac
6338   F844 B7 04 00    			staa	pia_dac_out
6339   F847 96 15       LF848			ldaa	sum_t1_init
6340   F849 97 1E       			staa	sum_t1_value
6341   F84B 96 16       			ldaa	sum_t2_init
6342   F84D 97 1F       			staa	sum_t2_value
6343   F84F             			begin
6343   F84F             
6344   F84F DE 1A       				ldx	sum_all_max
6345   F851 96 1E       LF852				ldaa	sum_t1_value
6346   F853 73 04 00    				com	pia_dac_out
6347   F856 09          LF857				dex
6348   F857             				ifne
6348   F857             
6348   F857 27 FE       
6349   F859 4A          					deca
6350   F85A 26 FA       					bne	LF857
6351   F85C 73 04 00    					com	pia_dac_out
6352   F85F 96 1F       					ldaa	sum_t2_value
6353   F861 09          LF862					dex
6354   F862             					ifne
6354   F862             
6354   F862 27 FE       
6355   F864 4A          						deca
6356   F865 26 FA       						bne	LF862
6357   F867 20 E8       						bra	LF852
6358   F869             					endif
6358   F869             
6358   F869             
6358   F869             
6358   F869             
6358   F869             
6358   F869~            					endif
6358   F869~            					endif
6358   F869             
6358   F869~            					endif
6358   F869~            					endif
6358   F869             
6358   F863             
6358   F863 05          
6358   F864             
6358   F864             
6358   F864~            					endif
6358   F864~            					endif
6358   F864~            					endif
6358   F864             
6358   F869             
6358   F869~            					endif
6358   F869~            					endif
6358   F869             
6359   F869             				endif
6359   F869             
6359   F869             
6359   F869             
6359   F869             
6359   F869             
6359   F869~            				endif
6359   F869~            				endif
6359   F869             
6359   F869~            				endif
6359   F869~            				endif
6359   F869             
6359   F858             
6359   F858 10          
6359   F859             
6359   F859             
6359   F859~            				endif
6359   F859~            				endif
6359   F859~            				endif
6359   F859             
6359   F869             
6359   F869~            				endif
6359   F869~            				endif
6359   F869             
6360   F869 B6 04 00    				ldaa	pia_dac_out
6361   F86C             				ifpl
6361   F86C             
6361   F86C 2B FE       
6362   F86E 43          					coma
6363   F86F             				endif
6363   F86F             
6363   F86F             
6363   F86F             
6363   F86F             
6363   F86F             
6363   F86F~            				endif
6363   F86F~            				endif
6363   F86F             
6363   F86F~            				endif
6363   F86F~            				endif
6363   F86F             
6363   F86D             
6363   F86D 01          
6363   F86E             
6363   F86E             
6363   F86E~            				endif
6363   F86E~            				endif
6363   F86E~            				endif
6363   F86E             
6363   F86F             
6363   F86F~            				endif
6363   F86F~            				endif
6363   F86F             
6364   F86F 8B 00       				adda	#$00
6365   F871 B7 04 00    				staa	pia_dac_out
6366   F874 96 1E       				ldaa	sum_t1_value
6367   F876 9B 17       				adda	sum_t1_adder
6368   F878 97 1E       				staa	sum_t1_value
6369   F87A 96 1F       				ldaa	sum_t2_value
6370   F87C 9B 18       				adda	sum_t2_adder
6371   F87E 97 1F       				staa	sum_t2_value
6372   F880 91 19       				cmpa	sum_t2_max
6373   F882             			eqend
6373   F882             
6373   F882             
6373   F882~            			eqend
6373   F882~            			eqend
6373   F882~            			eqend
6373   F882             
6373   F882 26 CB       
6373   F884             
6373   F884~            			eqend
6373   F884~            			eqend
6373   F884             
6374   F884 96 1C       			ldaa	sum_t1_ext
6375   F886             			ifne
6375   F886             
6375   F886 27 FE       
6376   F888 9B 15       				adda	sum_t1_init
6377   F88A 97 15       				staa	sum_t1_init
6378   F88C 26 B9       				bne	LF848
6379   F88E             			endif
6379   F88E             
6379   F88E             
6379   F88E             
6379   F88E             
6379   F88E             
6379   F88E~            			endif
6379   F88E~            			endif
6379   F88E             
6379   F88E~            			endif
6379   F88E~            			endif
6379   F88E             
6379   F887             
6379   F887 06          
6379   F888             
6379   F888             
6379   F888~            			endif
6379   F888~            			endif
6379   F888~            			endif
6379   F888             
6379   F88E             
6379   F88E~            			endif
6379   F88E~            			endif
6379   F88E             
6380   F88E 39          			rts
6381   F88F             			
6382   F88F             ;**********************************************************
6383   F88F             ;* Simple Sounds: These take 3 params
6384   F88F             ;*
6385   F88F             ;* A:
6386   F88F             ;* B:
6387   F88F             ;* sim_adder:
6388   F88F             ;**********************************************************
6389   F88F 86 01       simple_snd1		ldaa	#$01
6390   F891 97 1C       			staa	sim_adder
6391   F893 C6 03       			ldab	#$03
6392   F895 20 0A       			bra	simple_snd
6393   F897             
6394   F897 86 FF       simple_snd2		ldaa	#$FF
6395   F899 97 1C       			staa	sim_adder
6396   F89B 86 60       			ldaa	#$60
6397   F89D C6 FF       			ldab	#$FF
6398   F89F 20 00       			bra	simple_snd
6399   F8A1             
6400   F8A1 97 1B       simple_snd		staa	sim_initial
6401   F8A3 86 FF       			ldaa	#$FF
6402   F8A5 B7 04 00    			staa	pia_dac_out
6403   F8A8 D7 17       			stab	sim_delay
6404   F8AA             			begin
6404   F8AA             
6405   F8AA D6 17       				ldab	sim_delay
6406   F8AC             				begin
6406   F8AC             
6407   F8AC 96 0B       					ldaa	temp2
6408   F8AE 44          					lsra
6409   F8AF 44          					lsra
6410   F8B0 44          					lsra
6411   F8B1 98 0B       					eora	temp2
6412   F8B3 44          					lsra
6413   F8B4 76 00 0A    					ror	temp1
6414   F8B7 76 00 0B    					ror	temp2
6415   F8BA             					ifcs
6415   F8BA             
6415   F8BA 24 FE       
6416   F8BC 73 04 00    						com	pia_dac_out
6417   F8BF             					endif
6417   F8BF             
6417   F8BF             
6417   F8BF             
6417   F8BF             
6417   F8BF             
6417   F8BF~            					endif
6417   F8BF~            					endif
6417   F8BF             
6417   F8BF~            					endif
6417   F8BF~            					endif
6417   F8BF             
6417   F8BB             
6417   F8BB 03          
6417   F8BC             
6417   F8BC             
6417   F8BC~            					endif
6417   F8BC~            					endif
6417   F8BC~            					endif
6417   F8BC             
6417   F8BF             
6417   F8BF~            					endif
6417   F8BF~            					endif
6417   F8BF             
6418   F8BF 96 1B       					ldaa	sim_initial
6419   F8C1             					begin
6419   F8C1             
6420   F8C1 4A          						deca
6421   F8C2             					eqend
6421   F8C2             
6421   F8C2             
6421   F8C2~            					eqend
6421   F8C2~            					eqend
6421   F8C2~            					eqend
6421   F8C2             
6421   F8C2 26 FD       
6421   F8C4             
6421   F8C4~            					eqend
6421   F8C4~            					eqend
6421   F8C4             
6422   F8C4 5A          					decb
6423   F8C5             				eqend
6423   F8C5             
6423   F8C5             
6423   F8C5~            				eqend
6423   F8C5~            				eqend
6423   F8C5~            				eqend
6423   F8C5             
6423   F8C5 26 E5       
6423   F8C7             
6423   F8C7~            				eqend
6423   F8C7~            				eqend
6423   F8C7             
6424   F8C7 96 1B       				ldaa	sim_initial
6425   F8C9 9B 1C       				adda	sim_adder
6426   F8CB 97 1B       				staa	sim_initial
6427   F8CD             			eqend
6427   F8CD             
6427   F8CD             
6427   F8CD~            			eqend
6427   F8CD~            			eqend
6427   F8CD~            			eqend
6427   F8CD             
6427   F8CD 26 DB       
6427   F8CF             
6427   F8CF~            			eqend
6427   F8CF~            			eqend
6427   F8CF             
6428   F8CF 39          			rts
6429   F8D0             
6430   F8D0             ;****************************************************************
6431   F8D0             ;* Special Sound #1
6432   F8D0             ;****************************************************************			
6433   F8D0 86 20       ssnd_1		ldaa	#$20
6434   F8D2 97 17       			staa	ssnd_cycles
6435   F8D4 97 1A       			staa	ssnd_flag
6436   F8D6 86 01       			ldaa	#$01
6437   F8D8 CE 00 01    			ldx	#$0001
6438   F8DB C6 FF       			ldab	#$FF
6439   F8DD 20 00       			bra	play_ssnd
6440   F8DF             
6441   F8DF 97 15       play_ssnd		staa	ssnd_adder
6442   F8E1 DF 18       LF8E2			stx	ssnd_period
6443   F8E3 D7 16       LF8E4			stab	ssnd_dac
6444   F8E5 D6 17       			ldab	ssnd_cycles
6445   F8E7             			begin
6445   F8E7             
6446   F8E7 96 0B       				ldaa	temp2
6447   F8E9 44          				lsra
6448   F8EA 44          				lsra
6449   F8EB 44          				lsra
6450   F8EC 98 0B       				eora	temp2
6451   F8EE 44          				lsra
6452   F8EF 76 00 0A    				ror	temp1
6453   F8F2 76 00 0B    				ror	temp2
6454   F8F5 86 00       				ldaa	#$00
6455   F8F7             				ifcs
6455   F8F7             
6455   F8F7 24 FE       
6456   F8F9 96 16       					ldaa	ssnd_dac
6457   F8FB             				endif
6457   F8FB             
6457   F8FB             
6457   F8FB             
6457   F8FB             
6457   F8FB             
6457   F8FB~            				endif
6457   F8FB~            				endif
6457   F8FB             
6457   F8FB~            				endif
6457   F8FB~            				endif
6457   F8FB             
6457   F8F8             
6457   F8F8 02          
6457   F8F9             
6457   F8F9             
6457   F8F9~            				endif
6457   F8F9~            				endif
6457   F8F9~            				endif
6457   F8F9             
6457   F8FB             
6457   F8FB~            				endif
6457   F8FB~            				endif
6457   F8FB             
6458   F8FB B7 04 00    				staa	pia_dac_out
6459   F8FE DE 18       				ldx	ssnd_period
6460   F900             				begin
6460   F900             
6461   F900 09          					dex
6462   F901             				eqend
6462   F901             
6462   F901             
6462   F901~            				eqend
6462   F901~            				eqend
6462   F901~            				eqend
6462   F901             
6462   F901 26 FD       
6462   F903             
6462   F903~            				eqend
6462   F903~            				eqend
6462   F903             
6463   F903 5A          				decb
6464   F904             			eqend
6464   F904             
6464   F904             
6464   F904~            			eqend
6464   F904~            			eqend
6464   F904~            			eqend
6464   F904             
6464   F904 26 E1       
6464   F906             
6464   F906~            			eqend
6464   F906~            			eqend
6464   F906             
6465   F906 D6 16       			ldab	ssnd_dac
6466   F908 D0 15       			subb	ssnd_adder
6467   F90A             			ifne
6467   F90A             
6467   F90A 27 FE       
6468   F90C DE 18       				ldx	ssnd_period
6469   F90E 08          				inx
6470   F90F 96 1A       				ldaa	ssnd_flag
6471   F911 27 D0       				beq	LF8E4
6472   F913 20 CC       				bra	LF8E2
6473   F915             			endif
6473   F915             
6473   F915             
6473   F915             
6473   F915             
6473   F915             
6473   F915~            			endif
6473   F915~            			endif
6473   F915             
6473   F915~            			endif
6473   F915~            			endif
6473   F915             
6473   F90B             
6473   F90B 09          
6473   F90C             
6473   F90C             
6473   F90C~            			endif
6473   F90C~            			endif
6473   F90C~            			endif
6473   F90C             
6473   F915             
6473   F915~            			endif
6473   F915~            			endif
6473   F915             
6474   F915 39          			rts
6475   F916             			
6476   F916             ;***********************************************
6477   F916             ;* Copy Block: Will copy data from pointer at
6478   F916             ;*             X to pointer in xtemp3. Block is
6479   F916             ;*             B bytes long.
6480   F916             ;***********************************************
6481   F916 36          copy_block		psha
6482   F917             			begin
6482   F917             
6483   F917 A6 00       				ldaa	$00,X
6484   F919 DF 0E       				stx	xtemp2
6485   F91B DE 10       				ldx	xtemp3
6486   F91D A7 00       				staa	$00,X
6487   F91F 08          				inx
6488   F920 DF 10       				stx	xtemp3
6489   F922 DE 0E       				ldx	xtemp2
6490   F924 08          				inx
6491   F925 5A          				decb
6492   F926             			eqend
6492   F926             
6492   F926             
6492   F926~            			eqend
6492   F926~            			eqend
6492   F926~            			eqend
6492   F926             
6492   F926 26 EF       
6492   F928             
6492   F928~            			eqend
6492   F928~            			eqend
6492   F928             
6493   F928 32          			pula
6494   F929 39          			rts
6495   F92A             			
6496   F92A             ;************************************************************
6497   F92A             ;* Low Resolution Sound: (Square Wave Data) 
6498   F92A             ;*
6499   F92A             ;* Inputs: None, only plays one sound
6500   F92A             ;*
6501   F92A             ;* Table Structure: Based on a string of data pairs.
6502   F92A             ;*
6503   F92A             ;*	Byte 1: Period
6504   F92A             ;*    Byte 2: Amplitude (MSB)
6505   F92A             ;*            Timer (LSB)
6506   F92A             ;************************************************************
6507   F92A CE FD 87    low_res_snd		ldx	#low_res_table
6508   F92D DF 17       			stx	lr_x_ptr
6509   F92F DE 17       lr_loop		ldx	lr_x_ptr
6510   F931 A6 00       			ldaa	$00,X
6511   F933             			ifne
6511   F933             
6511   F933 27 FE       
6512   F935 E6 01       				ldab	$01,X
6513   F937 C4 F0       				andb	#$F0
6514   F939 D7 16       				stab	lr_dac
6515   F93B E6 01       				ldab	$01,X
6516   F93D 08          				inx
6517   F93E 08          				inx
6518   F93F DF 17       				stx	lr_x_ptr
6519   F941 97 15       				staa	lr_timer
6520   F943 C4 0F       				andb	#$0F
6521   F945             				begin
6521   F945             
6522   F945 96 16       					ldaa	lr_dac
6523   F947 B7 04 00    					staa	pia_dac_out
6524   F94A 96 15       					ldaa	lr_timer
6525   F94C             					begin
6525   F94C             
6526   F94C CE 00 05    						ldx	#$0005
6527   F94F             						begin
6527   F94F             
6528   F94F 09          							dex
6529   F950             						eqend
6529   F950             
6529   F950             
6529   F950~            						eqend
6529   F950~            						eqend
6529   F950~            						eqend
6529   F950             
6529   F950 26 FD       
6529   F952             
6529   F952~            						eqend
6529   F952~            						eqend
6529   F952             
6530   F952 4A          						deca
6531   F953             					eqend
6531   F953             
6531   F953             
6531   F953~            					eqend
6531   F953~            					eqend
6531   F953~            					eqend
6531   F953             
6531   F953 26 F7       
6531   F955             
6531   F955~            					eqend
6531   F955~            					eqend
6531   F955             
6532   F955 7F 04 00    					clr	pia_dac_out
6533   F958 96 15       					ldaa	lr_timer
6534   F95A             					begin
6534   F95A             
6535   F95A CE 00 05    						ldx	#$0005
6536   F95D             						begin
6536   F95D             
6537   F95D 09          							dex
6538   F95E             						eqend
6538   F95E             
6538   F95E             
6538   F95E~            						eqend
6538   F95E~            						eqend
6538   F95E~            						eqend
6538   F95E             
6538   F95E 26 FD       
6538   F960             
6538   F960~            						eqend
6538   F960~            						eqend
6538   F960             
6539   F960 4A          						deca
6540   F961             					eqend
6540   F961             
6540   F961             
6540   F961~            					eqend
6540   F961~            					eqend
6540   F961~            					eqend
6540   F961             
6540   F961 26 F7       
6540   F963             
6540   F963~            					eqend
6540   F963~            					eqend
6540   F963             
6541   F963 5A          					decb
6542   F964             				eqend
6542   F964             
6542   F964             
6542   F964~            				eqend
6542   F964~            				eqend
6542   F964~            				eqend
6542   F964             
6542   F964 26 DF       
6542   F966             
6542   F966~            				eqend
6542   F966~            				eqend
6542   F966             
6543   F966 20 C7       				bra	lr_loop
6544   F968             			endif
6544   F968             
6544   F968             
6544   F968             
6544   F968             
6544   F968             
6544   F968~            			endif
6544   F968~            			endif
6544   F968             
6544   F968~            			endif
6544   F968~            			endif
6544   F968             
6544   F934             
6544   F934 33          
6544   F935             
6544   F935             
6544   F935~            			endif
6544   F935~            			endif
6544   F935~            			endif
6544   F935             
6544   F968             
6544   F968~            			endif
6544   F968~            			endif
6544   F968             
6545   F968 39          			rts
6546   F969             
6547   F969             
6548   F969             ;*********************************************************
6549   F969             ;* Turns off All Background Sounds
6550   F969             ;*********************************************************
6551   F969 7F 00 05    kill_background	clr	bg_sec_cnt
6552   F96C 39          			rts
6553   F96D             			
6554   F96D             ;*********************************************************
6555   F96D             ;* Increments sec background, starts if not playing
6556   F96D             ;*********************************************************
6557   F96D 97 04       inc_bg_sec		staa	bg_type
6558   F96F 96 05       			ldaa	bg_sec_cnt
6559   F971 84 7F       			anda	#$7F
6560   F973             			;make the background sound go higher than before
6561   F973 81 19       			cmpa	#$19
6562   F975             			ifeq
6562   F975             
6562   F975 26 FE       
6563   F977 4F          				clra
6564   F978             			endif
6564   F978             
6564   F978             
6564   F978             
6564   F978             
6564   F978             
6564   F978~            			endif
6564   F978~            			endif
6564   F978             
6564   F978~            			endif
6564   F978~            			endif
6564   F978             
6564   F976             
6564   F976 01          
6564   F977             
6564   F977             
6564   F977~            			endif
6564   F977~            			endif
6564   F977~            			endif
6564   F977             
6564   F978             
6564   F978~            			endif
6564   F978~            			endif
6564   F978             
6565   F978 4C          			inca
6566   F979 97 05       			staa	bg_sec_cnt
6567   F97B 39          			rts
6568   F97C             			
6569   F97C             
6570   F97C             ;*********************************************************
6571   F97C             ;* Background Sound Loop
6572   F97C             ;*********************************************************
6573   F97C 96 04       play_bg		ldaa	bg_type
6574   F97E             			ifeq
6574   F97E             
6574   F97E 26 FE       
6575   F980 7E F9 86    				jmp	play_bg_norm
6576   F983             			endif
6576   F983             
6576   F983             
6576   F983             
6576   F983             
6576   F983             
6576   F983~            			endif
6576   F983~            			endif
6576   F983             
6576   F983~            			endif
6576   F983~            			endif
6576   F983             
6576   F97F             
6576   F97F 03          
6576   F980             
6576   F980             
6576   F980~            			endif
6576   F980~            			endif
6576   F980~            			endif
6576   F980             
6576   F983             
6576   F983~            			endif
6576   F983~            			endif
6576   F983             
6577   F983 7E F9 9B    			jmp 	play_bg_drum
6578   F986             
6579   F986             
6580   F986 86 0F       play_bg_norm	ldaa	#$0F
6581   F988 BD F9 F4    			jsr	load_mod_data
6582   F98B 96 05       			ldaa	bg_sec_cnt
6583   F98D 48          			asla
6584   F98E 48          			asla
6585   F98F 43          			coma
6586   F990 BD FA AE    			jsr	LFB42
6587   F993             			begin
6587   F993             
6588   F993 7C 00 19    				inc	mod18
6589   F996 BD FA B0    				jsr	LFB44
6590   F999             			loopend
6590   F999             
6590   F999             
6590   F999~            			loopend
6590   F999~            			loopend
6590   F999~            			loopend
6590   F999             
6590   F999 20 F8       
6590   F99B             
6590   F99B~            			loopend
6590   F99B~            			loopend
6590   F99B             
6591   F99B             
6592   F99B             play_bg_drum	begin
6592   F99B             
6593   F99B BD F9 A0    				jsr 	drum_beat
6594   F99E             			loopend
6594   F99E             
6594   F99E             
6594   F99E~            			loopend
6594   F99E~            			loopend
6594   F99E~            			loopend
6594   F99E             
6594   F99E 20 FB       
6594   F9A0             
6594   F9A0~            			loopend
6594   F9A0~            			loopend
6594   F9A0             
6595   F9A0             	
6596   F9A0 86 10       drum_beat		ldaa	#$10
6597   F9A2 BD F9 F4    			jsr	load_mod_data		;Load up data
6598   F9A5 7E FA 5A    			jmp	play_mod_snd		;Play it now!
6599   F9A8             ;***************************************************************
6600   F9A8             ;* Variable sum data #8
6601   F9A8             ;***************************************************************
6602   F9A8 86 08       simple_inc		ldaa	#$08
6603   F9AA BD F8 2D    			jsr	load_sum_data
6604   F9AD D6 06       			ldab	counter1
6605   F9AF C1 1F       			cmpb	#$1F
6606   F9B1             			ifeq
6606   F9B1             
6606   F9B1 26 FE       
6607   F9B3 5F          				clrb
6608   F9B4             			endif
6608   F9B4             
6608   F9B4             
6608   F9B4             
6608   F9B4             
6608   F9B4             
6608   F9B4~            			endif
6608   F9B4~            			endif
6608   F9B4             
6608   F9B4~            			endif
6608   F9B4~            			endif
6608   F9B4             
6608   F9B2             
6608   F9B2 01          
6608   F9B3             
6608   F9B3             
6608   F9B3~            			endif
6608   F9B3~            			endif
6608   F9B3~            			endif
6608   F9B3             
6608   F9B4             
6608   F9B4~            			endif
6608   F9B4~            			endif
6608   F9B4             
6609   F9B4 5C          			incb
6610   F9B5 D7 06       			stab	counter1
6611   F9B7 86 20       			ldaa	#$20
6612   F9B9 10          			sba
6613   F9BA 5F          			clrb
6614   F9BB 81 14       simple_loop		cmpa	#$14
6615   F9BD             			ifgt
6615   F9BD             
6615   F9BD 2F FE       
6616   F9BF CB 0E       				addb	#$0E
6617   F9C1 4A          				deca
6618   F9C2 20 F7       				bra	simple_loop
6619   F9C4             			endif
6619   F9C4             
6619   F9C4             
6619   F9C4             
6619   F9C4             
6619   F9C4             
6619   F9C4~            			endif
6619   F9C4~            			endif
6619   F9C4             
6619   F9C4~            			endif
6619   F9C4~            			endif
6619   F9C4             
6619   F9BE             
6619   F9BE 05          
6619   F9BF             
6619   F9BF             
6619   F9BF~            			endif
6619   F9BF~            			endif
6619   F9BF~            			endif
6619   F9BF             
6619   F9C4             
6619   F9C4~            			endif
6619   F9C4~            			endif
6619   F9C4             
6620   F9C4             			begin
6620   F9C4             
6621   F9C4 CB 05       				addb	#$05
6622   F9C6 4A          				deca
6623   F9C7             			eqend
6623   F9C7             
6623   F9C7             
6623   F9C7~            			eqend
6623   F9C7~            			eqend
6623   F9C7~            			eqend
6623   F9C7             
6623   F9C7 26 FB       
6623   F9C9             
6623   F9C9~            			eqend
6623   F9C9~            			eqend
6623   F9C9             
6624   F9C9 D7 15       			stab	sum_t1_init
6625   F9CB             			begin
6625   F9CB             
6626   F9CB BD F8 42    				jsr	play_sum_snd
6627   F9CE             			loopend
6627   F9CE             
6627   F9CE             
6627   F9CE~            			loopend
6627   F9CE~            			loopend
6627   F9CE~            			loopend
6627   F9CE             
6627   F9CE 20 FB       
6627   F9D0             
6627   F9D0~            			loopend
6627   F9D0~            			loopend
6627   F9D0             
6628   F9D0             			
6629   F9D0             ;****************************************************
6630   F9D0             ;* Building Sound #1
6631   F9D0             ;****************************************************
6632   F9D0 96 07       bsound_1		ldaa	counter2
6633   F9D2             			ifeq
6633   F9D2             
6633   F9D2 26 FE       
6634   F9D4 7C 00 07    				inc	counter2
6635   F9D7 86 0D       				ldaa	#$0D
6636   F9D9 BD F9 F4    				jsr	load_mod_data
6637   F9DC 7E FA 5A    				jmp	play_mod_snd
6638   F9DF             			endif
6638   F9DF             
6638   F9DF             
6638   F9DF             
6638   F9DF             
6638   F9DF             
6638   F9DF~            			endif
6638   F9DF~            			endif
6638   F9DF             
6638   F9DF~            			endif
6638   F9DF~            			endif
6638   F9DF             
6638   F9D3             
6638   F9D3 0B          
6638   F9D4             
6638   F9D4             
6638   F9D4~            			endif
6638   F9D4~            			endif
6638   F9D4~            			endif
6638   F9D4             
6638   F9DF             
6638   F9DF~            			endif
6638   F9DF~            			endif
6638   F9DF             
6639   F9DF 7E FA A3    			jmp	LFB37
6640   F9E2             			
6641   F9E2             ;****************************************************
6642   F9E2             ;* Building Sound #2
6643   F9E2             ;****************************************************
6644   F9E2 96 08       bsound_2		ldaa	counter3
6645   F9E4             			ifeq
6645   F9E4             
6645   F9E4 26 FE       
6646   F9E6 7C 00 08    				inc	counter3
6647   F9E9 86 0E       				ldaa	#$0E
6648   F9EB BD F9 F4    				jsr	load_mod_data
6649   F9EE 7E FA 5A    				jmp	play_mod_snd
6650   F9F1             			endif
6650   F9F1             
6650   F9F1             
6650   F9F1             
6650   F9F1             
6650   F9F1             
6650   F9F1~            			endif
6650   F9F1~            			endif
6650   F9F1             
6650   F9F1~            			endif
6650   F9F1~            			endif
6650   F9F1             
6650   F9E5             
6650   F9E5 0B          
6650   F9E6             
6650   F9E6             
6650   F9E6~            			endif
6650   F9E6~            			endif
6650   F9E6~            			endif
6650   F9E6             
6650   F9F1             
6650   F9F1~            			endif
6650   F9F1~            			endif
6650   F9F1             
6651   F9F1 7E FA A3    			jmp	LFB37
6652   F9F4             			
6653   F9F4             ;*************************************************************
6654   F9F4             ;* Modulated sound initialization routine: This will read in
6655   F9F4             ;* all tables based on the index value in A and put the data
6656   F9F4             ;* into the appropriate variables for sound production.
6657   F9F4             ;*************************************************************
6658   F9F4 16          load_mod_data	tab
6659   F9F5 58          			aslb				;Times 7 for table lookup
6660   F9F6 1B          			aba
6661   F9F7 1B          			aba
6662   F9F8 1B          			aba
6663   F9F9 CE FE 80    			ldx	#mod_snd_tbl
6664   F9FC BD FB 8B    			jsr	xplusa
6665   F9FF A6 00       			ldaa	$00,X
6666   FA01 16          			tab
6667   FA02 84 0F       			anda	#$0F
6668   FA04 97 16       			staa	mod15
6669   FA06 54          			lsrb
6670   FA07 54          			lsrb
6671   FA08 54          			lsrb
6672   FA09 54          			lsrb
6673   FA0A D7 15       			stab	mod14
6674   FA0C A6 01       			ldaa	$01,X
6675   FA0E 16          			tab
6676   FA0F 54          			lsrb
6677   FA10 54          			lsrb
6678   FA11 54          			lsrb
6679   FA12 54          			lsrb
6680   FA13 D7 17       			stab	mod16
6681   FA15 84 0F       			anda	#$0F
6682   FA17 97 12       			staa	wave_index
6683   FA19 DF 0C       			stx	xtemp1
6684   FA1B CE FD A5    			ldx	#wavefrm_tbl
6685   FA1E 7A 00 12    wvd_next		dec	wave_index
6686   FA21             			ifpl
6686   FA21             
6686   FA21 2B FE       
6687   FA23 A6 00       				ldaa	$00,X
6688   FA25 4C          				inca
6689   FA26 BD FB 8B    				jsr	xplusa
6690   FA29 20 F3       				bra	wvd_next
6691   FA2B             			endif
6691   FA2B             
6691   FA2B             
6691   FA2B             
6691   FA2B             
6691   FA2B             
6691   FA2B~            			endif
6691   FA2B~            			endif
6691   FA2B             
6691   FA2B~            			endif
6691   FA2B~            			endif
6691   FA2B             
6691   FA22             
6691   FA22 08          
6691   FA23             
6691   FA23             
6691   FA23~            			endif
6691   FA23~            			endif
6691   FA23~            			endif
6691   FA23             
6691   FA2B             
6691   FA2B~            			endif
6691   FA2B~            			endif
6691   FA2B             
6692   FA2B DF 1A       			stx	mod19				;Store waveform ptr 
6693   FA2D BD FA EA    			jsr	copy_sweep			;Copy the Waveform data to RAM
6694   FA30 DE 0C       			ldx	xtemp1
6695   FA32 A6 02       			ldaa	$02,X
6696   FA34 97 1C       			staa	mod1b
6697   FA36 BD FA FC    			jsr	LFB90
6698   FA39 DE 0C       			ldx	xtemp1
6699   FA3B A6 03       			ldaa	$03,X
6700   FA3D 97 18       			staa	mod17
6701   FA3F A6 04       			ldaa	$04,X
6702   FA41 97 19       			staa	mod18
6703   FA43 A6 05       			ldaa	$05,X
6704   FA45 16          			tab
6705   FA46 A6 06       			ldaa	$06,X				;Get index into freq sweep table
6706   FA48 CE FE F7    			ldx	#sweep_table
6707   FA4B BD FB 8B    			jsr	xplusa
6708   FA4E 17          			tba
6709   FA4F DF 1D       			stx	ptr_sweep_start		;Store start ptr to sweep data
6710   FA51 7F 00 25    			clr	swp24
6711   FA54 BD FB 8B    			jsr	xplusa
6712   FA57 DF 1F       			stx	ptr_sweep_end		;Store end ptr to sweep data
6713   FA59 39          			rts
6714   FA5A             			
6715   FA5A             ;******************************************************************
6716   FA5A             ;* This routine will play the sound previously loaded into the
6717   FA5A             ;* various variables.
6718   FA5A             ;******************************************************************
6719   FA5A 96 15       play_mod_snd	ldaa	mod14
6720   FA5C 97 24       			staa	swp23
6721   FA5E             			begin
6721   FA5E             
6722   FA5E DE 1D       				ldx	ptr_sweep_start
6723   FA60 DF 0E       				stx	xtemp2
6724   FA62 DE 0E       LFAF6				ldx	xtemp2
6725   FA64 A6 00       				ldaa	$00,X
6726   FA66 9B 25       				adda	swp24
6727   FA68 97 23       				staa	swp22
6728   FA6A 9C 1F       				cpx	ptr_sweep_end
6729   FA6C             				ifne
6729   FA6C             
6729   FA6C 27 FE       
6730   FA6E D6 16       					ldab	mod15
6731   FA70 08          					inx
6732   FA71 DF 0E       					stx	xtemp2
6733   FA73             					begin
6733   FA73             
6734   FA73 CE 00 26    						ldx	#swpbase
6735   FA76             						begin
6735   FA76             
6736   FA76 96 23       							ldaa	swp22
6737   FA78             							begin
6737   FA78             
6738   FA78 4A          								deca
6739   FA79             							eqend
6739   FA79             
6739   FA79             
6739   FA79~            							eqend
6739   FA79~            							eqend
6739   FA79~            							eqend
6739   FA79             
6739   FA79 26 FD       
6739   FA7B             
6739   FA7B~            							eqend
6739   FA7B~            							eqend
6739   FA7B             
6740   FA7B A6 00       							ldaa	$00,X
6741   FA7D B7 04 00    							staa	pia_dac_out
6742   FA80 08          							inx
6743   FA81 9C 21       							cpx	ptr_sweep_last
6744   FA83             						eqend
6744   FA83             
6744   FA83             
6744   FA83~            						eqend
6744   FA83~            						eqend
6744   FA83~            						eqend
6744   FA83             
6744   FA83 26 F1       
6744   FA85             
6744   FA85~            						eqend
6744   FA85~            						eqend
6744   FA85             
6745   FA85 5A          						decb
6746   FA86 27 DA       						beq	LFAF6
6747   FA88 08          						inx
6748   FA89 09          						dex
6749   FA8A 08          						inx
6750   FA8B 09          						dex
6751   FA8C 08          						inx
6752   FA8D 09          						dex
6753   FA8E 08          						inx
6754   FA8F 09          						dex
6755   FA90 01          						nop
6756   FA91 01          						nop
6757   FA92             					loopend
6757   FA92             
6757   FA92             
6757   FA92~            					loopend
6757   FA92~            					loopend
6757   FA92~            					loopend
6757   FA92             
6757   FA92 20 DF       
6757   FA94             
6757   FA94~            					loopend
6757   FA94~            					loopend
6757   FA94             
6758   FA94             				endif
6758   FA94             
6758   FA94             
6758   FA94             
6758   FA94             
6758   FA94             
6758   FA94~            				endif
6758   FA94~            				endif
6758   FA94             
6758   FA94~            				endif
6758   FA94~            				endif
6758   FA94             
6758   FA6D             
6758   FA6D 26          
6758   FA6E             
6758   FA6E             
6758   FA6E~            				endif
6758   FA6E~            				endif
6758   FA6E~            				endif
6758   FA6E             
6758   FA94             
6758   FA94~            				endif
6758   FA94~            				endif
6758   FA94             
6759   FA94 96 17       				ldaa	mod16
6760   FA96 8D 64       				bsr	LFB90
6761   FA98 7A 00 24    				dec	swp23
6762   FA9B             			eqend
6762   FA9B             
6762   FA9B             
6762   FA9B~            			eqend
6762   FA9B~            			eqend
6762   FA9B~            			eqend
6762   FA9B             
6762   FA9B 26 C1       
6762   FA9D             
6762   FA9D~            			eqend
6762   FA9D~            			eqend
6762   FA9D             
6763   FA9D 96 07       			ldaa	counter2
6764   FA9F 9A 08       			oraa	counter3
6765   FAA1             			ifeq
6765   FAA1             
6765   FAA1 26 FE       
6766   FAA3 96 18       LFB37				ldaa	mod17
6767   FAA5             				ifne
6767   FAA5             
6767   FAA5 27 FE       
6768   FAA7 7A 00 19    					dec	mod18
6769   FAAA             					ifne
6769   FAAA             
6769   FAAA 27 FE       
6770   FAAC 9B 25       						adda	swp24
6771   FAAE 97 25       LFB42						staa	swp24
6772   FAB0 DE 1D       LFB44						ldx	ptr_sweep_start
6773   FAB2 5F          						clrb
6774   FAB3             						begin
6774   FAB3             
6775   FAB3 96 25       							ldaa	swp24
6776   FAB5 7D 00 18    							tst	mod17
6777   FAB8             							ifpl
6777   FAB8             
6777   FAB8 2B FE       
6778   FABA AB 00       								adda	$00,X
6779   FABC 25 08       								bcs	LFB5A
6780   FABE             							else
6780   FABE             
6780   FABE             
6780   FABE             
6780   FABE             
6780   FAB9             
6780   FAB9             
6780   FAB9             
6780   FAB9~            							else
6780   FAB9~            							else
6780   FAB9~            							else
6780   FAB9~            							else
6780   FAB9             
6780   FAB9~            							else
6780   FAB9~            							else
6780   FAB9~            							else
6780   FAB9~            							else
6780   FAB9             
6780   FAB9             
6780   FAB9 06          
6780   FABE             
6780   FABE 20 FE       
6780   FAC0             
6780   FAC0             
6780   FAC0             
6780   FAC0~            							else
6780   FAC0~            							else
6780   FAC0~            							else
6780   FAC0~            							else
6780   FAC0~            							else
6780   FAC0             
6780   FAC0~            							else
6780   FAC0~            							else
6780   FAC0             
6780   FAC0~            							else
6780   FAC0~            							else
6780   FAC0             
6781   FAC0 AB 00       								adda	$00,X
6782   FAC2 27 02       								beq	LFB5A
6783   FAC4             								ifcc
6783   FAC4             
6783   FAC4 25 FE       
6784   FAC6 5D          LFB5A									tstb
6785   FAC7 27 08       									beq	LFB65
6786   FAC9 20 0F       									bra	LFB6E
6787   FACB             								endif
6787   FACB             
6787   FACB             
6787   FACB             
6787   FACB             
6787   FACB             
6787   FACB~            								endif
6787   FACB~            								endif
6787   FACB             
6787   FACB~            								endif
6787   FACB~            								endif
6787   FACB             
6787   FAC5             
6787   FAC5 05          
6787   FAC6             
6787   FAC6             
6787   FAC6~            								endif
6787   FAC6~            								endif
6787   FAC6~            								endif
6787   FAC6             
6787   FACB             
6787   FACB~            								endif
6787   FACB~            								endif
6787   FACB             
6788   FACB             							endif
6788   FACB             
6788   FACB             
6788   FACB             
6788   FACB             
6788   FACB             
6788   FACB~            							endif
6788   FACB~            							endif
6788   FACB             
6788   FACB~            							endif
6788   FACB~            							endif
6788   FACB             
6788   FABF             
6788   FABF 0B          
6788   FAC0             
6788   FAC0             
6788   FAC0~            							endif
6788   FAC0~            							endif
6788   FAC0~            							endif
6788   FAC0             
6788   FACB             
6788   FACB~            							endif
6788   FACB~            							endif
6788   FACB             
6789   FACB 5D          							tstb
6790   FACC             							ifeq
6790   FACC             
6790   FACC 26 FE       
6791   FACE DF 1D       								stx	ptr_sweep_start
6792   FAD0 5C          								incb
6793   FAD1             							endif
6793   FAD1             
6793   FAD1             
6793   FAD1             
6793   FAD1             
6793   FAD1             
6793   FAD1~            							endif
6793   FAD1~            							endif
6793   FAD1             
6793   FAD1~            							endif
6793   FAD1~            							endif
6793   FAD1             
6793   FACD             
6793   FACD 03          
6793   FACE             
6793   FACE             
6793   FACE~            							endif
6793   FACE~            							endif
6793   FACE~            							endif
6793   FACE             
6793   FAD1             
6793   FAD1~            							endif
6793   FAD1~            							endif
6793   FAD1             
6794   FAD1 08          LFB65							inx
6795   FAD2 9C 1F       							cpx	ptr_sweep_end
6796   FAD4             						eqend
6796   FAD4             
6796   FAD4             
6796   FAD4~            						eqend
6796   FAD4~            						eqend
6796   FAD4~            						eqend
6796   FAD4             
6796   FAD4 26 DD       
6796   FAD6             
6796   FAD6~            						eqend
6796   FAD6~            						eqend
6796   FAD6             
6797   FAD6 5D          						tstb
6798   FAD7             						ifeq
6798   FAD7             
6798   FAD7 26 FE       
6799   FAD9 39          							rts
6800   FADA             						endif
6800   FADA             
6800   FADA             
6800   FADA             
6800   FADA             
6800   FADA             
6800   FADA~            						endif
6800   FADA~            						endif
6800   FADA             
6800   FADA~            						endif
6800   FADA~            						endif
6800   FADA             
6800   FAD8             
6800   FAD8 01          
6800   FAD9             
6800   FAD9             
6800   FAD9~            						endif
6800   FAD9~            						endif
6800   FAD9~            						endif
6800   FAD9             
6800   FADA             
6800   FADA~            						endif
6800   FADA~            						endif
6800   FADA             
6801   FADA DF 1F       LFB6E						stx	ptr_sweep_end
6802   FADC 96 17       						ldaa	mod16
6803   FADE             						ifne
6803   FADE             
6803   FADE 27 FE       
6804   FAE0 8D 08       							bsr	copy_sweep
6805   FAE2 96 1C       							ldaa	mod1b
6806   FAE4 8D 16       							bsr	LFB90
6807   FAE6             						endif
6807   FAE6             
6807   FAE6             
6807   FAE6             
6807   FAE6             
6807   FAE6             
6807   FAE6~            						endif
6807   FAE6~            						endif
6807   FAE6             
6807   FAE6~            						endif
6807   FAE6~            						endif
6807   FAE6             
6807   FADF             
6807   FADF 06          
6807   FAE0             
6807   FAE0             
6807   FAE0~            						endif
6807   FAE0~            						endif
6807   FAE0~            						endif
6807   FAE0             
6807   FAE6             
6807   FAE6~            						endif
6807   FAE6~            						endif
6807   FAE6             
6808   FAE6 7E FA 5A    						jmp	play_mod_snd
6809   FAE9             					endif
6809   FAE9             
6809   FAE9             
6809   FAE9             
6809   FAE9             
6809   FAE9             
6809   FAE9~            					endif
6809   FAE9~            					endif
6809   FAE9             
6809   FAE9~            					endif
6809   FAE9~            					endif
6809   FAE9             
6809   FAAB             
6809   FAAB 3D          
6809   FAAC             
6809   FAAC             
6809   FAAC~            					endif
6809   FAAC~            					endif
6809   FAAC~            					endif
6809   FAAC             
6809   FAE9             
6809   FAE9~            					endif
6809   FAE9~            					endif
6809   FAE9             
6810   FAE9             				endif
6810   FAE9             
6810   FAE9             
6810   FAE9             
6810   FAE9             
6810   FAE9             
6810   FAE9~            				endif
6810   FAE9~            				endif
6810   FAE9             
6810   FAE9~            				endif
6810   FAE9~            				endif
6810   FAE9             
6810   FAA6             
6810   FAA6 42          
6810   FAA7             
6810   FAA7             
6810   FAA7~            				endif
6810   FAA7~            				endif
6810   FAA7~            				endif
6810   FAA7             
6810   FAE9             
6810   FAE9~            				endif
6810   FAE9~            				endif
6810   FAE9             
6811   FAE9             			endif
6811   FAE9             
6811   FAE9             
6811   FAE9             
6811   FAE9             
6811   FAE9             
6811   FAE9~            			endif
6811   FAE9~            			endif
6811   FAE9             
6811   FAE9~            			endif
6811   FAE9~            			endif
6811   FAE9             
6811   FAA2             
6811   FAA2 46          
6811   FAA3             
6811   FAA3             
6811   FAA3~            			endif
6811   FAA3~            			endif
6811   FAA3~            			endif
6811   FAA3             
6811   FAE9             
6811   FAE9~            			endif
6811   FAE9~            			endif
6811   FAE9             
6812   FAE9 39          			rts
6813   FAEA             			
6814   FAEA             ;*************************************************************************
6815   FAEA             ;* This will copy the sound sweep data to RAM 
6816   FAEA             ;*************************************************************************
6817   FAEA CE 00 26    copy_sweep		ldx	#swpbase
6818   FAED DF 10       			stx	xtemp3
6819   FAEF DE 1A       			ldx	mod19
6820   FAF1 E6 00       			ldab	$00,X
6821   FAF3 08          			inx
6822   FAF4 BD F9 16    			jsr	copy_block		;Copy block from X to xtemp3, B bytes
6823   FAF7 DE 10       			ldx	xtemp3
6824   FAF9 DF 21       			stx	ptr_sweep_last			;Store away ptr to last byte 
6825   FAFB 39          			rts
6826   FAFC             			
6827   FAFC             
6828   FAFC 4D          LFB90			tsta
6829   FAFD             			ifne
6829   FAFD             
6829   FAFD 27 FE       
6830   FAFF DE 1A       				ldx	mod19
6831   FB01 DF 0E       				stx	xtemp2
6832   FB03 CE 00 26    				ldx	#swpbase
6833   FB06 97 13       				staa	sweep2
6834   FB08             				begin
6834   FB08             
6835   FB08 DF 10       					stx	xtemp3
6836   FB0A DE 0E       					ldx	xtemp2
6837   FB0C D6 13       					ldab	sweep2
6838   FB0E D7 12       					stab	sweep1
6839   FB10 E6 01       					ldab	$01,X
6840   FB12 54          					lsrb
6841   FB13 54          					lsrb
6842   FB14 54          					lsrb
6843   FB15 54          					lsrb
6844   FB16 08          					inx
6845   FB17 DF 0E       					stx	xtemp2
6846   FB19 DE 10       					ldx	xtemp3
6847   FB1B A6 00       					ldaa	$00,X
6848   FB1D             					begin
6848   FB1D             
6849   FB1D 10          						sba
6850   FB1E 7A 00 12    						dec	sweep1
6851   FB21             					eqend
6851   FB21             
6851   FB21             
6851   FB21~            					eqend
6851   FB21~            					eqend
6851   FB21~            					eqend
6851   FB21             
6851   FB21 26 FA       
6851   FB23             
6851   FB23~            					eqend
6851   FB23~            					eqend
6851   FB23             
6852   FB23 A7 00       					staa	$00,X
6853   FB25 08          					inx
6854   FB26 9C 21       					cpx	ptr_sweep_last
6855   FB28             				eqend
6855   FB28             
6855   FB28             
6855   FB28~            				eqend
6855   FB28~            				eqend
6855   FB28~            				eqend
6855   FB28             
6855   FB28 26 DE       
6855   FB2A             
6855   FB2A~            				eqend
6855   FB2A~            				eqend
6855   FB2A             
6856   FB2A             			endif
6856   FB2A             
6856   FB2A             
6856   FB2A             
6856   FB2A             
6856   FB2A             
6856   FB2A~            			endif
6856   FB2A~            			endif
6856   FB2A             
6856   FB2A~            			endif
6856   FB2A~            			endif
6856   FB2A             
6856   FAFE             
6856   FAFE 2B          
6856   FAFF             
6856   FAFF             
6856   FAFF~            			endif
6856   FAFF~            			endif
6856   FAFF~            			endif
6856   FAFF             
6856   FB2A             
6856   FB2A~            			endif
6856   FB2A~            			endif
6856   FB2A             
6857   FB2A 39          			rts
6858   FB2B             
6859   FB2B             ;*************************************************************
6860   FB2B             ;* IRQ Entry: The CPU is interrupted only when the game sends
6861   FB2B             ;*            a sound command to the sound board.
6862   FB2B             ;*************************************************************	
6863   FB2B 8E 00 7F    irq_entry		lds	    #$007F
6864   FB2E B6 04 02                    ldaa	pia_sound_command		;Get sound command
6865   FB31 C6 80                       ldab	#$80
6866   FB33 F7 04 02                    stab	pia_sound_command		;Clear the IRQ
6867   FB36 7C 00 09                    inc	    semi_random			        ;Increment the semi-random number
6868   FB39 43                          coma
6869   FB3A 84 1F                       anda	#$1F
6870   FB3C                             ;this flag determines if we need to go high
6871   FB3C                             ;for the next command
6872   FB3C D6 14                       ldab	soundbank
6873   FB3E                             ifne
6873   FB3E             
6873   FB3E 27 FE       
6874   FB40 8A 20                           oraa 	#$20
6875   FB42 7F 00 14                        clr	    soundbank
6876   FB45                             endif
6876   FB45             
6876   FB45             
6876   FB45             
6876   FB45             
6876   FB45             
6876   FB45~                            endif
6876   FB45~                            endif
6876   FB45             
6876   FB45~                            endif
6876   FB45~                            endif
6876   FB45             
6876   FB3F             
6876   FB3F 05          
6876   FB40             
6876   FB40             
6876   FB40~                            endif
6876   FB40~                            endif
6876   FB40~                            endif
6876   FB40             
6876   FB45             
6876   FB45~                            endif
6876   FB45~                            endif
6876   FB45             
6877   FB45 81 1F                       cmpa	#$1f
6878   FB47                             ifeq
6878   FB47             
6878   FB47 26 FE       
6879   FB49 7C 00 14                        inc	    soundbank
6880   FB4C                             endif
6880   FB4C             
6880   FB4C             
6880   FB4C             
6880   FB4C             
6880   FB4C             
6880   FB4C~                            endif
6880   FB4C~                            endif
6880   FB4C             
6880   FB4C~                            endif
6880   FB4C~                            endif
6880   FB4C             
6880   FB48             
6880   FB48 03          
6880   FB49             
6880   FB49             
6880   FB49~                            endif
6880   FB49~                            endif
6880   FB49~                            endif
6880   FB49             
6880   FB4C             
6880   FB4C~                            endif
6880   FB4C~                            endif
6880   FB4C             
6881   FB4C 84 3F       false_cmd		anda	#$3F				;Mask out Sounds/Notes Switch
6882   FB4E 36                          psha					;Save for later
6883   FB4F             
6884   FB4F 81 16                       cmpa	#$16
6885   FB51                             ifne
6885   FB51             
6885   FB51 27 FE       
6886   FB53 7F 00 07                        clr	    counter2
6887   FB56                             endif
6887   FB56             
6887   FB56             
6887   FB56             
6887   FB56             
6887   FB56             
6887   FB56~                            endif
6887   FB56~                            endif
6887   FB56             
6887   FB56~                            endif
6887   FB56~                            endif
6887   FB56             
6887   FB52             
6887   FB52 03          
6887   FB53             
6887   FB53             
6887   FB53~                            endif
6887   FB53~                            endif
6887   FB53~                            endif
6887   FB53             
6887   FB56             
6887   FB56~                            endif
6887   FB56~                            endif
6887   FB56             
6888   FB56 81 18                       cmpa	#$18
6889   FB58                             ifne
6889   FB58             
6889   FB58 27 FE       
6890   FB5A 7F 00 08                        clr	counter3
6891   FB5D                             endif
6891   FB5D             
6891   FB5D             
6891   FB5D             
6891   FB5D             
6891   FB5D             
6891   FB5D~                            endif
6891   FB5D~                            endif
6891   FB5D             
6891   FB5D~                            endif
6891   FB5D~                            endif
6891   FB5D             
6891   FB59             
6891   FB59 03          
6891   FB5A             
6891   FB5A             
6891   FB5A~                            endif
6891   FB5A~                            endif
6891   FB5A~                            endif
6891   FB5A             
6891   FB5D             
6891   FB5D~                            endif
6891   FB5D~                            endif
6891   FB5D             
6892   FB5D 32                          pula
6893   FB5E 16                          tab
6894   FB5F 48                                asla
6895   FB60 1B                                aba					;A*3
6896   FB61 CE FC 39                    ldx	#command_lookup
6897   FB64 8D 25                       bsr	xplusa
6898   FB66 DF 0C                       stx	xtemp1
6899   FB68 A6 00                       ldaa	$00,X				;Load command routine index
6900   FB6A 48                          asla					;*2
6901   FB6B CE FC F9                    ldx	#handler_table
6902   FB6E 8D 1B                       bsr	xplusa	
6903   FB70 EE 00                       ldx	$00,X				;Get the command routine pointer
6904   FB72 DF 0E                       stx	xtemp2			;store our command routine
6905   FB74 DE 0C                       ldx	xtemp1
6906   FB76 A6 01                       ldaa  $01,X                   ;Load var a
6907   FB78 E6 02                       ldab  $02,X                   ;Load var b
6908   FB7A DE 0E                       ldx	xtemp2
6909   FB7C 0E                          cli
6910   FB7D AD 00                       jsr	$00,X				;Jump to command routine
6911   FB7F 96 05                           ldaa	bg_sec_cnt			
6912   FB81 27 FE                       beq	$				;Stay here if no backgroud sounds to do
6913   FB83 4F                          clra
6914   FB84 97 07                       staa	counter2
6915   FB86 97 08                       staa	counter3
6916   FB88 7E F9 7C                    jmp	play_bg
6917   FB8B             			
6918   FB8B             ;*******************************************************
6919   FB8B             ;* Add Value of A to X with carry
6920   FB8B             ;*******************************************************			
6921   FB8B DF 0E       xplusa 		stx	xtemp2
6922   FB8D 9B 0F       			adda	xtemp2+1
6923   FB8F 97 0F       			staa	xtemp2+1
6924   FB91 96 0E       			ldaa	xtemp2
6925   FB93 89 00       			adca	#$00
6926   FB95 97 0E       			staa	xtemp2
6927   FB97 DE 0E       			ldx	xtemp2
6928   FB99 39          			rts
6929   FB9A             			
6930   FB9A             ;*******************************************************
6931   FB9A             ;* Sound Command 01: Tilt Warning Sound
6932   FB9A             ;*******************************************************			
6933   FB9A CE 00 E0    snd_tilt 	ldx	#$00E0
6934   FB9D             			begin
6934   FB9D             
6935   FB9D 86 20       				ldaa	#$20
6936   FB9F 8D EA       				bsr	xplusa
6937   FBA1             				begin
6937   FBA1             
6938   FBA1 09          					dex
6939   FBA2             				eqend
6939   FBA2             
6939   FBA2             
6939   FBA2~            				eqend
6939   FBA2~            				eqend
6939   FBA2~            				eqend
6939   FBA2             
6939   FBA2 26 FD       
6939   FBA4             
6939   FBA4~            				eqend
6939   FBA4~            				eqend
6939   FBA4             
6940   FBA4 7F 04 00    				clr	pia_dac_out
6941   FBA7             				begin
6941   FBA7             
6942   FBA7 5A          					decb
6943   FBA8             				eqend
6943   FBA8             
6943   FBA8             
6943   FBA8~            				eqend
6943   FBA8~            				eqend
6943   FBA8~            				eqend
6943   FBA8             
6943   FBA8 26 FD       
6943   FBAA             
6943   FBAA~            				eqend
6943   FBAA~            				eqend
6943   FBAA             
6944   FBAA 73 04 00    				com	pia_dac_out
6945   FBAD DE 0E       				ldx	xtemp2
6946   FBAF 8C 10 00    				cpx	#$1000
6947   FBB2             			eqend
6947   FBB2             
6947   FBB2             
6947   FBB2~            			eqend
6947   FBB2~            			eqend
6947   FBB2~            			eqend
6947   FBB2             
6947   FBB2 26 E9       
6947   FBB4             
6947   FBB4~            			eqend
6947   FBB4~            			eqend
6947   FBB4             
6948   FBB4 39          			rts
6949   FBB5             
6950   FBB5             ;****************************************************
6951   FBB5             ;* NMI Entry: Sound Test
6952   FBB5             ;****************************************************
6953   FBB5             nmi_entry	begin
6953   FBB5             
6954   FBB5             				begin
6954   FBB5             
6955   FBB5 0F          					sei
6956   FBB6 8E 00 7F    					lds	#$007F
6957   FBB9 CE FF FF    					ldx	#$FFFF
6958   FBBC 5F          					clrb
6959   FBBD             					begin
6959   FBBD             
6960   FBBD E9 00       						adcb	$00,X
6961   FBBF 09          						dex
6962   FBC0 8C F0 00    						cpx	#csum		;Do a running csum from FFFF-F801
6963   FBC3             					eqend
6963   FBC3             
6963   FBC3             
6963   FBC3~            					eqend
6963   FBC3~            					eqend
6963   FBC3~            					eqend
6963   FBC3             
6963   FBC3 26 F8       
6963   FBC5             
6963   FBC5~            					eqend
6963   FBC5~            					eqend
6963   FBC5             
6964   FBC5 E1 00       					cmpb	$00,X			;compare against csum at f8000
6965   FBC7             					ifne
6965   FBC7             
6965   FBC7 27 FE       
6966   FBC9 BD FB 9A    					      jsr snd_tilt            ;try play the tilt sound
6967   FBCC 3E          						wai				;if they don't match, stay here forever. :-(
6968   FBCD             					endif
6968   FBCD             
6968   FBCD             
6968   FBCD             
6968   FBCD             
6968   FBCD             
6968   FBCD~            					endif
6968   FBCD~            					endif
6968   FBCD             
6968   FBCD~            					endif
6968   FBCD~            					endif
6968   FBCD             
6968   FBC8             
6968   FBC8 04          
6968   FBC9             
6968   FBC9             
6968   FBC9~            					endif
6968   FBC9~            					endif
6968   FBC9~            					endif
6968   FBC9             
6968   FBCD             
6968   FBCD~            					endif
6968   FBCD~            					endif
6968   FBCD             
6969   FBCD 7F 04 02    					clr	pia_sound_command
6970   FBD0 CE 2E E0    					ldx	#$2EE0
6971   FBD3             					begin				;delay 12ms
6971   FBD3             
6972   FBD3 09          						dex
6973   FBD4             					eqend
6973   FBD4             
6973   FBD4             
6973   FBD4~            					eqend
6973   FBD4~            					eqend
6973   FBD4~            					eqend
6973   FBD4             
6973   FBD4 26 FD       
6973   FBD6             
6973   FBD6~            					eqend
6973   FBD6~            					eqend
6973   FBD6             
6974   FBD6 BD F9 2A    					jsr	low_res_snd
6975   FBD9 BD F9 2A    					jsr	low_res_snd
6976   FBDC BD F9 2A    					jsr	low_res_snd
6977   FBDF 86 80       					ldaa	#$80
6978   FBE1 B7 04 02    					staa	pia_sound_command
6979   FBE4 86 01       					ldaa	#$01
6980   FBE6 BD F9 F4    					jsr	load_mod_data
6981   FBE9 BD FA 5A    					jsr	play_mod_snd
6982   FBEC 86 0B       					ldaa	#$0B
6983   FBEE BD F9 F4    					jsr	load_mod_data
6984   FBF1 BD FA 5A    					jsr	play_mod_snd
6985   FBF4 BD F8 8F    					jsr	simple_snd1
6986   FBF7 86 02       					ldaa	#$02
6987   FBF9 BD F8 2D    					jsr	load_sum_data
6988   FBFC BD F8 42    					jsr	play_sum_snd
6989   FBFF F6 EF FA    					ldab	speech_test_ptr
6990   FC02 C1 7E       					cmpb	#$7E
6991   FC04             				eqend
6991   FC04             
6991   FC04             
6991   FC04~            				eqend
6991   FC04~            				eqend
6991   FC04~            				eqend
6991   FC04             
6991   FC04 26 AF       
6991   FC06             
6991   FC06~            				eqend
6991   FC06~            				eqend
6991   FC06             
6992   FC06 BD EF FA    				jsr	speech_test_ptr
6993   FC09             			loopend
6993   FC09             
6993   FC09             
6993   FC09~            			loopend
6993   FC09~            			loopend
6993   FC09~            			loopend
6993   FC09             
6993   FC09 20 AA       
6993   FC0B             
6993   FC0B~            			loopend
6993   FC0B~            			loopend
6993   FC0B             
6994   FC0B             
6995   FC0B             ;**************************************************************
6996   FC0B             ;* Command Routines - these are called directly from the 
6997   FC0B             ;* command table
6998   FC0B             ;**************************************************************
6999   FC0B 39          none_cmd          rts
7000   FC0C             
7001   FC0C 7E BF 1B    speech2_cmd		jmp 	speech2_start
7002   FC0F             			
7003   FC0F BD F9 F4    mod_cmd           jsr	load_mod_data		;Load up data
7004   FC12 7E FA 5A    			jmp	play_mod_snd		;Play it now!
7005   FC15             			
7006   FC15 BD F8 2D    sum_cmd           jsr	load_sum_data
7007   FC18 7E F8 42    		      jmp	play_sum_snd
7008   FC1B             			
7009   FC1B 7E FB 9A    tilt_cmd          jmp   snd_tilt
7010   FC1E             
7011   FC1E 7E F8 97    simp2_cmd         jmp   simple_snd2
7012   FC21             
7013   FC21 7E F9 2A    lres_cmd          jmp   low_res_snd
7014   FC24             
7015   FC24 7E F9 A8    simpinc_cmd       jmp   simple_inc
7016   FC27             
7017   FC27 7E F9 69    bgkill_cmd        jmp   kill_background
7018   FC2A             
7019   FC2A 7E F8 D0    ssnd1_cmd         jmp   ssnd_1
7020   FC2D             
7021   FC2D 7E F9 6D    bg_cmd            jmp   inc_bg_sec
7022   FC30             
7023   FC30 7E F8 8F    simp1_cmd         jmp   simple_snd1
7024   FC33             
7025   FC33 7E BE F7    speechrnd_cmd	  jmp	speechrnd_start
7026   FC36             
7027   FC36 7E BF 12    speechtog_cmd	  jmp	speechtog_start
7028   FC39             
7029   FC39             ;**************************************************************
7030   FC39             ;* Master Command Lookup Table - This table contains two bytes
7031   FC39             ;* per command, the first byte is the controlling routine that
7032   FC39             ;* is called and the second byte is the register a data that
7033   FC39             ;* routine requires. The lookup starts with command 01 since 
7034   FC39             ;* command 00 does nothing.
7035   FC39             ;**************************************************************
7036   FC39             ;sndcmd_tilt    .equ  $01
7037   FC39             ;sndcmd_gameover .equ 
7038   FC39             
7039   FC39             ___snum = 0;
7040   FC39             
7041   FC39             #define SNDCMD(cmdlbl,handler,p1,p2)    \cmdlbl = ___snum
7042   FC39             #defcont                                \___snum .set ___snum+1
7043   FC39             #defcont                                \ .db handler
7044   FC39             #defcont                                \ .db p1 
7045   FC39             #defcont                                \ .db p2 
7046   FC39             #defcont                                \ .export cmdlbl
7047   FC39             
7048   FC39             command_lookup   SNDCMD(sndcmd_blank,h_none_cmd,$00,$00)    ;00(3f) - EMPTY ALWAYS
7048   FC39             
7048   FC39             
7048   FC39 00          
7048   FC3A 00          
7048   FC3B 00          
7048   FC3C             
7049   FC3C                              SNDCMD(sndcmd_tilt, h_tilt_cmd,$00,$00)    ;01(3e) - Tilt       
7049   FC3C             
7049   FC3C             
7049   FC3C 01          
7049   FC3D 00          
7049   FC3E 00          
7049   FC3F             
7050   FC3F                              SNDCMD(sndcmd_melt,h_mod_cmd,$00,$00)             ;02(3d) - Electric Melt
7050   FC3F             
7050   FC3F             
7050   FC3F 02          
7050   FC40 00          
7050   FC41 00          
7050   FC42             
7051   FC42                              SNDCMD(sndcmd_youwin,h_speech2_cmd,$08,$00)         ;03(3c) - "You  Win! You Jungle Lord"
7051   FC42             
7051   FC42             
7051   FC42 0B          
7051   FC43 08          
7051   FC44 00          
7051   FC45             
7052   FC45                              SNDCMD(sndcmd_trump,h_speech2_cmd,$09,$00)         ;04(3b) - Jungle Lord, (Trumpet)"
7052   FC45             
7052   FC45             
7052   FC45 0B          
7052   FC46 09          
7052   FC47 00          
7052   FC48             
7053   FC48                              SNDCMD(sndcmd_tfcred,h_mod_cmd,$03,$00)             ;05(3a) - Time Fantasy Credit
7053   FC48             
7053   FC48             
7053   FC48 02          
7053   FC49 03          
7053   FC4A 00          
7053   FC4B             
7054   FC4B                              SNDCMD(sndcmd_dtmiss,h_mod_cmd,$04,$00)             ;06(39) - Double Trouble Miss
7054   FC4B             
7054   FC4B             
7054   FC4B 02          
7054   FC4C 04          
7054   FC4D 00          
7054   FC4E             
7055   FC4E                              SNDCMD(sndcmd_thud,h_mod_cmd,$05,$00)             ;07(38) - Thud
7055   FC4E             
7055   FC4E             
7055   FC4E 02          
7055   FC4F 05          
7055   FC50 00          
7055   FC51             
7056   FC51                              SNDCMD(sndcmd_gameover,h_mod_cmd,$06,$00)             ;08(37) - Game Over 
7056   FC51             
7056   FC51             
7056   FC51 02          
7056   FC52 06          
7056   FC53 00          
7056   FC54             
7057   FC54                              SNDCMD(sndcmd_boncnt,h_mod_cmd,$07,$00)             ;09(36) - Bonus Count
7057   FC54             
7057   FC54             
7057   FC54 02          
7057   FC55 07          
7057   FC56 00          
7057   FC57             
7058   FC57                              SNDCMD(sndcmd_dtrando,h_speechtog_cmd,$0A,$00)       ;0A(35) - "Jungle Lord in Double Trouble" OR "You in Double Trouble"
7058   FC57             
7058   FC57             
7058   FC57 0D          
7058   FC58 0A          
7058   FC59 00          
7058   FC5A             
7059   FC5A                              SNDCMD(sndcmd_tfloopf,h_mod_cmd,$09,$00)             ;0B(34) - TF Loop Forward
7059   FC5A             
7059   FC5A             
7059   FC5A 02          
7059   FC5B 09          
7059   FC5C 00          
7059   FC5D             
7060   FC5D                              SNDCMD(sndcmd_jlcred,h_mod_cmd,$0A,$00)             ;0C(33) - Jungle Lord Credit             
7060   FC5D             
7060   FC5D             
7060   FC5D 02          
7060   FC5E 0A          
7060   FC5F 00          
7060   FC60             
7061   FC60                              SNDCMD(sndcmd_tfcomp,h_mod_cmd,$0B,$00)             ;0D(32) - TF Complete Rollovers (Uppder DT's down)
7061   FC60             
7061   FC60             
7061   FC60 02          
7061   FC61 0B          
7061   FC62 00          
7061   FC63             
7062   FC63                              SNDCMD(sndcmd_fightt,h_speech2_cmd,$0C,$1B)         ;0E(31) - "Fight Tiger Again" +1B
7062   FC63             
7062   FC63             
7062   FC63 0B          
7062   FC64 0C          
7062   FC65 1B          
7062   FC66             
7063   FC66                              SNDCMD(sndcmd_stampede,h_speech2_cmd,$0D,$00)         ;0F(30) - "Stampede, (trumpet)" 
7063   FC66             
7063   FC66             
7063   FC66 0B          
7063   FC67 0D          
7063   FC68 00          
7063   FC69             
7064   FC69                              SNDCMD(sndcmd_pbthud,h_lres_cmd,$00,$00)            ;10(2f) - Pop Bumper Thud   
7064   FC69             
7064   FC69             
7064   FC69 04          
7064   FC6A 00          
7064   FC6B 00          
7064   FC6C             
7065   FC6C                              SNDCMD(sndcmd_youjl,h_speech2_cmd,$0E,$00)         ;11(2e) - "You Jungle Lord"
7065   FC6C             
7065   FC6C             
7065   FC6C 0B          
7065   FC6D 0E          
7065   FC6E 00          
7065   FC6F             
7066   FC6F                              SNDCMD(sndcmd_funkyrep,h_simpinc_cmd,$00,$00)         ;12(2d) - Funky repeat forever
7066   FC6F             
7066   FC6F             
7066   FC6F 05          
7066   FC70 00          
7066   FC71 00          
7066   FC72             
7067   FC72                              SNDCMD(sndcmd_bgkill, h_bgkill_cmd,$00,$00)          ;13(2c) - Kill All Background
7067   FC72             
7067   FC72             
7067   FC72 06          
7067   FC73 00          
7067   FC74 00          
7067   FC75             
7068   FC75                              SNDCMD(sndcmd_lngexp,h_ssnd1_cmd,$00,$00)           ;14(2b) - Long Slow Explosion
7068   FC75             
7068   FC75             
7068   FC75 07          
7068   FC76 00          
7068   FC77 00          
7068   FC78             
7069   FC78                              SNDCMD(sndcmd_spookybg,h_bg_cmd,$00,$00)              ;15(2a) - Spooky BG
7069   FC78             
7069   FC78             
7069   FC78 08          
7069   FC79 00          
7069   FC7A 00          
7069   FC7B             
7070   FC7B                              SNDCMD(sndcmd_mejl,h_speech2_cmd,$0F,$08)         ;16(29) - "Me Jungle Lord" +08
7070   FC7B             
7070   FC7B             
7070   FC7B 0B          
7070   FC7C 0F          
7070   FC7D 08          
7070   FC7E             
7071   FC7E                              SNDCMD(sndcmd_explode,h_simp1_cmd,$00,$00)           ;17(28) - Explosion
7071   FC7E             
7071   FC7E             
7071   FC7E 09          
7071   FC7F 00          
7071   FC80 00          
7071   FC81             
7072   FC81                              SNDCMD(sndcmd_youwinf,h_speech2_cmd,$10,$08)         ;18(27) - "You Win! Fight in Jungle Again" +08           
7072   FC81             
7072   FC81             
7072   FC81 0B          
7072   FC82 10          
7072   FC83 08          
7072   FC84             
7073   FC84                              SNDCMD(sndcmd_fightjt,h_speechrnd_cmd,$11,$3E)       ;19(26) - "Fight Jungle Tiger and Win!" OR "Can you be Jungle Lord?" OR "Beat Tiger and be Jungle Lord" OR "Can you fight in Jungle?" +1F
7073   FC84             
7073   FC84             
7073   FC84 0C          
7073   FC85 11          
7073   FC86 3E          
7073   FC87             
7074   FC87                              SNDCMD(sndcmd_elecgo,h_sum_cmd,$01,$00)          	  ;1A(25) - Electric Game Over
7074   FC87             
7074   FC87             
7074   FC87 0A          
7074   FC88 01          
7074   FC89 00          
7074   FC8A             
7075   FC8A                              SNDCMD(sndcmd_stwarp,h_sum_cmd,$02,$00)          	  ;1B(24) - Stellar Warp 
7075   FC8A             
7075   FC8A             
7075   FC8A 0A          
7075   FC8B 02          
7075   FC8C 00          
7075   FC8D             
7076   FC8D                              SNDCMD(sndcmd_highscore,h_sum_cmd,$03,$00)          	  ;1C(23) - High Score
7076   FC8D             
7076   FC8D             
7076   FC8D 0A          
7076   FC8E 03          
7076   FC8F 00          
7076   FC90             
7077   FC90                              SNDCMD(sndcmd_match,h_sum_cmd,$04,$00)          	  ;1D(22) - Match Sound	
7077   FC90             
7077   FC90             
7077   FC90 0A          
7077   FC91 04          
7077   FC92 00          
7077   FC93             
7078   FC93                              SNDCMD(sndcmd_trump2,h_speech2_cmd,$15,$00)         ;1E(21) - "(trumpet)"
7078   FC93             
7078   FC93             
7078   FC93 0B          
7078   FC94 15          
7078   FC95 00          
7078   FC96             
7079   FC96                              SNDCMD(sndcmd_na,h_none_cmd,$00,$00)		      ;1F(20) - Placeholder for 2-Sound Bank
7079   FC96             
7079   FC96             
7079   FC96 00          
7079   FC97 00          
7079   FC98 00          
7079   FC99             
7080   FC99                               ;.db   h_speech2_cmd,$15,$00        ;1F(20) - "(trumpet)"
7081   FC99                               ;Extended Sounds start here...
7082   FC99                              SNDCMD(sndcmd_tigern,h_speech2_cmd,$00,$00)         ;00(1f) - tiger_norm
7082   FC99             
7082   FC99             
7082   FC99 0B          
7082   FC9A 00          
7082   FC9B 00          
7082   FC9C             
7083   FC9C                              SNDCMD(sndcmd_tigers,h_speech2_cmd,$01,$00)		  ;01(1e) - tiger_slow
7083   FC9C             
7083   FC9C             
7083   FC9C 0B          
7083   FC9D 01          
7083   FC9E 00          
7083   FC9F             
7084   FC9F                              SNDCMD(sndcmd_tigerss,h_speech2_cmd,$02,$00)         ;02(1d) - tiger_slowest
7084   FC9F             
7084   FC9F             
7084   FC9F 0B          
7084   FCA0 02          
7084   FCA1 00          
7084   FCA2             
7085   FCA2                              SNDCMD(sndcmd_tigerd,h_speech2_cmd,$03,$00)         ;03(1c) - tiger_double
7085   FCA2             
7085   FCA2             
7085   FCA2 0B          
7085   FCA3 03          
7085   FCA4 00          
7085   FCA5             
7086   FCA5                              SNDCMD(sndcmd_tigerb,h_speech2_cmd,$04,$00)         ;04(1b) - tiger_bark
7086   FCA5             
7086   FCA5             
7086   FCA5 0B          
7086   FCA6 04          
7086   FCA7 00          
7086   FCA8             
7087   FCA8                              SNDCMD(sndcmd_tigerg1,h_speech2_cmd,$05,$00)         ;05(1a) - tiger_growl
7087   FCA8             
7087   FCA8             
7087   FCA8 0B          
7087   FCA9 05          
7087   FCAA 00          
7087   FCAB             
7088   FCAB                              SNDCMD(sndcmd_tigerg2,h_speech2_cmd,$06,$00)         ;06(19) - tiger_growl
7088   FCAB             
7088   FCAB             
7088   FCAB 0B          
7088   FCAC 06          
7088   FCAD 00          
7088   FCAE             
7089   FCAE                              SNDCMD(sndcmd_tigerg3,h_speech2_cmd,$07,$00)         ;07(18) - tiger_growl
7089   FCAE             
7089   FCAE             
7089   FCAE 0B          
7089   FCAF 07          
7089   FCB0 00          
7089   FCB1             
7090   FCB1                              SNDCMD(sndcmd_chirp,h_speech2_cmd,$16,$00)         ;08(17) - simple_chirp
7090   FCB1             
7090   FCB1             
7090   FCB1 0B          
7090   FCB2 16          
7090   FCB3 00          
7090   FCB4             
7091   FCB4                              SNDCMD(sndcmd_shriek1, h_speech2_cmd,$17,$00)         ;09(16) - shriek1
7091   FCB4             
7091   FCB4             
7091   FCB4 0B          
7091   FCB5 17          
7091   FCB6 00          
7091   FCB7             
7092   FCB7                              SNDCMD(sndcmd_shriek2,h_speech2_cmd,$18,$00)         ;0A(15) - shriek2
7092   FCB7             
7092   FCB7             
7092   FCB7 0B          
7092   FCB8 18          
7092   FCB9 00          
7092   FCBA             
7093   FCBA                              SNDCMD(sndcmd_shriek3, h_speech2_cmd,$19,$00)         ;0B(14) - shriek3
7093   FCBA             
7093   FCBA             
7093   FCBA 0B          
7093   FCBB 19          
7093   FCBC 00          
7093   FCBD             
7094   FCBD                              SNDCMD(sndcmd_shriek4,h_speech2_cmd,$1A,$00)         ;0C(13) - shriek4
7094   FCBD             
7094   FCBD             
7094   FCBD 0B          
7094   FCBE 1A          
7094   FCBF 00          
7094   FCC0             
7095   FCC0                              SNDCMD(sndcmd_shriek5,h_speech2_cmd,$1B,$00)         ;0D(12) - shriek5
7095   FCC0             
7095   FCC0             
7095   FCC0 0B          
7095   FCC1 1B          
7095   FCC2 00          
7095   FCC3             
7096   FCC3                              SNDCMD(sndcmd_monkeyt,h_speech2_cmd,$1C,$00)         ;0E(11) - monkeytune
7096   FCC3             
7096   FCC3             
7096   FCC3 0B          
7096   FCC4 1C          
7096   FCC5 00          
7096   FCC6             
7097   FCC6                              SNDCMD(sndcmd_monkeyo1,h_speech2_cmd,$1D,$00)         ;0F(10) - monkey_oohooh
7097   FCC6             
7097   FCC6             
7097   FCC6 0B          
7097   FCC7 1D          
7097   FCC8 00          
7097   FCC9             
7098   FCC9                              SNDCMD(sndcmd_monkeyo2,h_speech2_cmd,$1E,$00)         ;10(0f) - monkey_oohooh2
7098   FCC9             
7098   FCC9             
7098   FCC9 0B          
7098   FCCA 1E          
7098   FCCB 00          
7098   FCCC             
7099   FCCC                              SNDCMD(sndcmd_monkey03,h_speech2_cmd,$1F,$00)         ;11(0e) - monkey_oohooh3
7099   FCCC             
7099   FCCC             
7099   FCCC 0B          
7099   FCCD 1F          
7099   FCCE 00          
7099   FCCF             
7100   FCCF                              SNDCMD(sndcmd_monkey04,h_speech2_cmd,$20,$00)         ;12(0d) - monkey_oohooh4
7100   FCCF             
7100   FCCF             
7100   FCCF 0B          
7100   FCD0 20          
7100   FCD1 00          
7100   FCD2             
7101   FCD2                              SNDCMD(sndcmd_monkey05,h_speech2_cmd,$21,$00)         ;13(0c) - monkey_oohooh5   
7101   FCD2             
7101   FCD2             
7101   FCD2 0B          
7101   FCD3 21          
7101   FCD4 00          
7101   FCD5             
7102   FCD5                              SNDCMD(sndcmd_monkeyo6,h_speech2_cmd,$22,$00)         ;14(0b) - monkey_oohooh6
7102   FCD5             
7102   FCD5             
7102   FCD5 0B          
7102   FCD6 22          
7102   FCD7 00          
7102   FCD8             
7103   FCD8                              SNDCMD(sndcmd_laugh,h_speech2_cmd,$23,$00)         ;15(0a) - laughter
7103   FCD8             
7103   FCD8             
7103   FCD8 0B          
7103   FCD9 23          
7103   FCDA 00          
7103   FCDB             
7104   FCDB                              SNDCMD(sndcmd_trumps,h_speech2_cmd,$24,$00)         ;16(09) - Trumpet Slower 
7104   FCDB             
7104   FCDB             
7104   FCDB 0B          
7104   FCDC 24          
7104   FCDD 00          
7104   FCDE             
7105   FCDE                              SNDCMD(sndcmd_fightjl,h_speech2_cmd,$25,$00)         ;17(08) - Fight Jungle Lord
7105   FCDE             
7105   FCDE             
7105   FCDE 0B          
7105   FCDF 25          
7105   FCE0 00          
7105   FCE1             
7106   FCE1                              SNDCMD(sndcmd_fighta,h_speech2_cmd,$26,$00)         ;18(07) - Fight Again!
7106   FCE1             
7106   FCE1             
7106   FCE1 0B          
7106   FCE2 26          
7106   FCE3 00          
7106   FCE4             
7107   FCE4                              SNDCMD(sndcmd_none,h_none_cmd,$00,$00)         	  ;19(06) -
7107   FCE4             
7107   FCE4             
7107   FCE4 00          
7107   FCE5 00          
7107   FCE6 00          
7107   FCE7             
7108   FCE7                              SNDCMD(sndcmd_mejl2,h_speech2_cmd,$0F,$00)         ;1A(05) - "Me Jungle Lord" +08
7108   FCE7             
7108   FCE7             
7108   FCE7 0B          
7108   FCE8 0F          
7108   FCE9 00          
7108   FCEA             
7109   FCEA                              SNDCMD(sndcmd_drumbg,h_bg_cmd,$01,$00)              ;1B(04) - Drum BG
7109   FCEA             
7109   FCEA             
7109   FCEA 08          
7109   FCEB 01          
7109   FCEC 00          
7109   FCED             
7110   FCED                              SNDCMD(sndcmd_other1,h_sum_cmd,$04,$00)             ;1C(03) - 
7110   FCED             
7110   FCED             
7110   FCED 0A          
7110   FCEE 04          
7110   FCEF 00          
7110   FCF0             
7111   FCF0                              SNDCMD(sndcmd_other2,h_sum_cmd,$05,$00)             ;1D(02) -
7111   FCF0             
7111   FCF0             
7111   FCF0 0A          
7111   FCF1 05          
7111   FCF2 00          
7111   FCF3             
7112   FCF3                              SNDCMD(sndcmd_startw,h_sum_cmd,$06,$00)             ;1E(01) - Start Warp
7112   FCF3             
7112   FCF3             
7112   FCF3 0A          
7112   FCF4 06          
7112   FCF5 00          
7112   FCF6             
7113   FCF6                              SNDCMD(sndcmd_altbon,h_sum_cmd,$09,$00)         	  ;1F(00) - Alt Bonus Count
7113   FCF6             
7113   FCF6             
7113   FCF6 0A          
7113   FCF7 09          
7113   FCF8 00          
7113   FCF9             
7114   FCF9             
7115   FCF9             
7116   FCF9             ;**************************************************************
7117   FCF9             ;* Subroutine lookup for all sound commands
7118   FCF9             ;**************************************************************
7119   FCF9             ___hnum = 0
7120   FCF9             ___numh = 13d
7121   FCF9             ___eng = $
7122   FCF9             ___csy = ___eng+(___numh*2)
7123   FCF9             
7124   FCF9             #define 	reg_handler(xlit)  \ .org ___eng
7125   FCF9             #defcont   \ .dw xlit
7126   FCF9             #defcont   \___eng .set ___eng+2
7127   FCF9             #defcont   \h_+xlit = ___hnum
7128   FCF9             #defcont   \___hnum .set ___hnum+1
7129   FCF9             #defcont   \ .org ___csy
7130   FCF9             #defcont   \___csy .set ___csy+2
7131   FCF9             
7132   FCF9             handler_table     reg_handler(none_cmd)
7132   FCF9             
7132   FCF9 FC 0B       
7132   FCFB             
7132   FCFB             
7132   FCFB             
7132   FD13             
7132   FD13             
7133   FD13                               reg_handler(tilt_cmd)
7133   FCFB             
7133   FCFB FC 1B       
7133   FCFD             
7133   FCFD             
7133   FCFD             
7133   FD15             
7133   FD15             
7134   FD15                               reg_handler(mod_cmd)
7134   FCFD             
7134   FCFD FC 0F       
7134   FCFF             
7134   FCFF             
7134   FCFF             
7134   FD17             
7134   FD17             
7135   FD17                               reg_handler(simp2_cmd)
7135   FCFF             
7135   FCFF FC 1E       
7135   FD01             
7135   FD01             
7135   FD01             
7135   FD19             
7135   FD19             
7136   FD19                               reg_handler(lres_cmd)
7136   FD01             
7136   FD01 FC 21       
7136   FD03             
7136   FD03             
7136   FD03             
7136   FD1B             
7136   FD1B             
7137   FD1B                               reg_handler(simpinc_cmd)
7137   FD03             
7137   FD03 FC 24       
7137   FD05             
7137   FD05             
7137   FD05             
7137   FD1D             
7137   FD1D             
7138   FD1D                               reg_handler(bgkill_cmd)
7138   FD05             
7138   FD05 FC 27       
7138   FD07             
7138   FD07             
7138   FD07             
7138   FD1F             
7138   FD1F             
7139   FD1F                               reg_handler(ssnd1_cmd)
7139   FD07             
7139   FD07 FC 2A       
7139   FD09             
7139   FD09             
7139   FD09             
7139   FD21             
7139   FD21             
7140   FD21                               reg_handler(bg_cmd)
7140   FD09             
7140   FD09 FC 2D       
7140   FD0B             
7140   FD0B             
7140   FD0B             
7140   FD23             
7140   FD23             
7141   FD23                               reg_handler(simp1_cmd)
7141   FD0B             
7141   FD0B FC 30       
7141   FD0D             
7141   FD0D             
7141   FD0D             
7141   FD25             
7141   FD25             
7142   FD25                               reg_handler(sum_cmd)
7142   FD0D             
7142   FD0D FC 15       
7142   FD0F             
7142   FD0F             
7142   FD0F             
7142   FD27             
7142   FD27             
7143   FD27                               reg_handler(speech2_cmd)
7143   FD0F             
7143   FD0F FC 0C       
7143   FD11             
7143   FD11             
7143   FD11             
7143   FD29             
7143   FD29             
7144   FD29                               reg_handler(speechrnd_cmd)
7144   FD11             
7144   FD11 FC 33       
7144   FD13             
7144   FD13             
7144   FD13             
7144   FD2B             
7144   FD2B             
7145   FD2B                               reg_handler(speechtog_cmd)
7145   FD13             
7145   FD13 FC 36       
7145   FD15             
7145   FD15             
7145   FD15             
7145   FD2D             
7145   FD2D             
7146   FD2D             
7147   FD2D             ;**************************************************************
7148   FD2D             ;* Data for creating sum based sounds.
7149   FD2D             ;*
7150   FD2D             ;* byte1: 	Cycle Timer 1 Initial Value
7151   FD2D             ;* byte2: 	Cycle Timer 2 Initial Value
7152   FD2D             ;* byte3:	Cycle Timer 1 Loop Adder
7153   FD2D             ;* byte4:	Cycle Timer 2 Loop Adder
7154   FD2D             ;* byte5:	Cycle Timer 2 Max Value
7155   FD2D             ;* byte6/7:	All Cycle Timer
7156   FD2D             ;* byte8:	Cycle Timer 1 Value
7157   FD2D             ;* byte9: 	DAC Amplitude
7158   FD2D             ;*
7159   FD2D             ;**************************************************************
7160   FD2D 40010010E100sum_table		.db 	$40,$01,$00,$10,$E1,$00,$80,$FF,$FF
7160   FD33 80FFFF
7161   FD36 20010008E100			.db	$20,$01,$00,$08,$E1,$00,$80,$FF,$FF
7161   FD3C 80FFFF
7162   FD3F 280100088102			.db	$28,$01,$00,$08,$81,$02,$00,$FF,$FF
7162   FD45 00FFFF
7163   FD48 00FF08FF6804			.db	$00,$FF,$08,$FF,$68,$04,$80,$00,$FF
7163   FD4E 8000FF
7164   FD51 288100FC0102			.db	$28,$81,$00,$FC,$01,$02,$00,$FC,$FF
7164   FD57 00FCFF
7165   FD5A 010100088102			.db	$01,$01,$00,$08,$81,$02,$00,$01,$FF
7165   FD60 0001FF
7166   FD63 010800012001			.db	$01,$08,$00,$01,$20,$01,$00,$01,$FF
7166   FD69 0001FF
7167   FD6C 60015708E102			.db	$60,$01,$57,$08,$E1,$02,$00,$FE,$B0
7167   FD72 00FEB0
7168   FD75 FF0100184104			.db	$FF,$01,$00,$18,$41,$04,$80,$00,$FF
7168   FD7B 8000FF
7169   FD7E FF0100504104			.db	$FF,$01,$00,$50,$41,$04,$80,$FF,$FF
7169   FD84 80FFFF
7170   FD87             
7171   FD87             ;**************************************************************
7172   FD87             ;* Data for creating low res based sounds.
7173   FD87             ;*
7174   FD87             ;* byte1: 	
7175   FD87             ;* byte2: 	
7176   FD87             ;* byte3:	
7177   FD87             ;* byte4:	
7178   FD87             ;* byte5:	
7179   FD87             ;* byte6:
7180   FD87             ;* byte7:	
7181   FD87             ;* byte8:	
7182   FD87             ;* byte9:
7183   FD87             ;* bytea: 	
7184   FD87             ;*
7185   FD87             ;**************************************************************
7186   FD87 01FC02FC03F8low_res_table	.db	$01,$FC,$02,$FC,$03,$F8,$04,$F8,$06,$F8
7186   FD8D 04F806F8
7187   FD91 08F40CF410F4			.db	$08,$F4,$0C,$F4,$10,$F4,$20,$F2,$40,$F1
7187   FD97 20F240F1
7188   FD9B 60F180F1A0F1			.db	$60,$F1,$80,$F1,$A0,$F1,$C0,$F1,$00,$00
7188   FDA1 C0F10000
7189   FDA5             
7190   FDA5             ;***************************************************************************
7191   FDA5             ;* Waveform Definition Table: Defines the shape of the wave output by
7192   FDA5             ;*                            the next routine.
7193   FDA5             ;*
7194   FDA5             ;* First Byte is length of data.
7195   FDA5             ;*************************************************************************** 			
7196   FDA5 087FD9FFD97Fwavefrm_tbl		.db	$08,$7F,$D9,$FF,$D9,$7F,$24,$00,$24
7196   FDAB 240024
7197   FDAE 08FFFFFFFF00			.db	$08,$FF,$FF,$FF,$FF,$00,$00,$00,$00
7197   FDB4 000000
7198   FDB7 0800408000FF			.db	$08,$00,$40,$80,$00,$FF,$00,$80,$40
7198   FDBD 008040
7199   FDC0 107FB0D9F5FF			.db	$10,$7F,$B0,$D9,$F5,$FF,$F5,$D9,$B0,$7F,$4E,$24,$09,$00,$09,$24,$4E
7199   FDC6 F5D9B07F4E24090009244E
7200   FDD1 107FC5ECE7BF			.db	$10,$7F,$C5,$EC,$E7,$BF,$8D,$6D,$6A,$7F,$94,$92,$71,$40,$17,$12,$39
7200   FDD7 8D6D6A7F94927140171239
7201   FDE2 1076FFB8D09D			.db	$10,$76,$FF,$B8,$D0,$9D,$E6,$6A,$82,$76,$EA,$81,$86,$4E,$9C,$32,$63
7201   FDE8 E66A8276EA81864E9C3263
7202   FDF3 10FFFFFFFFFF			.db	$10,$FF,$FF,$FF,$FF,$FF,$FF,$FF,$FF,$00,$00,$00,$00,$00,$00,$00,$00
7202   FDF9 FFFFFF0000000000000000
7203   FE04 10FFFFFFFF00			.db	$10,$FF,$FF,$FF,$FF,$00,$00,$00,$00,$FF,$FF,$FF,$FF,$00,$00,$00,$00
7203   FE0A 000000FFFFFFFF00000000
7204   FE15 1000F400E800			.db	$10,$00,$F4,$00,$E8,$00,$DC,$00,$E2,$00,$DC,$00,$E8,$00,$F4,$00,$00
7204   FE1B DC00E200DC00E800F40000
7205   FE26 488A95A0ABB5			.db	$48,$8A,$95,$A0,$AB,$B5,$BF,$C8,$D1,$DA,$E1,$E8,$EE,$F3,$F7,$FB,$FD
7205   FE2C BFC8D1DAE1E8EEF3F7FBFD
7206   FE37 FEFFFEFDFBF7			.db		$FE,$FF,$FE,$FD,$FB,$F7,$F3,$EE,$E8,$E1,$DA,$D1,$C8,$BF,$B5,$AB
7206   FE3D F3EEE8E1DAD1C8BFB5AB
7207   FE47 A0958A7F756A			.db		$A0,$95,$8A,$7F,$75,$6A,$5F,$54,$4A,$40,$37,$2E,$25,$1E,$17,$11
7207   FE4D 5F544A40372E251E1711
7208   FE57 0C0804020100			.db		$0C,$08,$04,$02,$01,$00,$01,$02,$04,$08,$0C,$11,$17,$1E,$25,$2E
7208   FE5D 010204080C11171E252E
7209   FE67 37404A545F6A			.db		$37,$40,$4A,$54,$5F,$6A,$75,$7F
7209   FE6D 757F
7210   FE6F 10597B98ACB3			.db	$10,$59,$7B,$98,$AC,$B3,$AC,$98,$7B,$59,$37,$19,$06,$00,$06,$19,$37
7210   FE75 AC987B5937190600061937
7211   FE80             
7212   FE80             ;***********************************************************
7213   FE80             ;* Data Table for Modulated Sounds
7214   FE80             ;*
7215   FE80             ;* Table contains 7 bytes per sound entry:
7216   FE80             ;*	byte1:
7217   FE80             ;*	byte2:
7218   FE80             ;*	byte3:
7219   FE80             ;*	byte4:
7220   FE80             ;*	byte5:
7221   FE80             ;*	byte6: Index into Envelope Table
7222   FE80             ;*	byte7: Envelope Data Length
7223   FE80             ;***********************************************************
7224   FE80             mod_snd_tbl	
7225   FE80 141000010001			.db   $14,$10,$00,$01,$00,$01,$6A
7225   FE86 6A
7226   FE87 812700000016			.db	$81,$27,$00,$00,$00,$16,$54
7226   FE8D 54
7227   FE8E 12091AFF0027			.db 	$12,$09,$1A,$FF,$00,$27,$91
7227   FE94 91
7228   FE95 110911010F01			.db 	$11,$09,$11,$01,$0F,$01,$6A
7228   FE9B 6A
7229   FE9C 11320001000D			.db 	$11,$32,$00,$01,$00,$0D,$1B
7229   FEA2 1B
7230   FEA3 14110000000E			.db	$14,$11,$00,$00,$00,$0E,$0D
7230   FEA9 0D
7231   FEAA F41300000014			.db	$F4,$13,$00,$00,$00,$14,$6A
7231   FEB0 6A
7232   FEB1 41490000000F			.db	$41,$49,$00,$00,$00,$0F,$7E
7232   FEB7 7E
7233   FEB8 213911FF000D			.db	$21,$39,$11,$FF,$00,$0D,$1B
7233   FEBE 1B
7234   FEBF 42460000000E			.db	$42,$46,$00,$00,$00,$0E,$28
7234   FEC5 28
7235   FEC6 150000FD0001			.db	$15,$00,$00,$FD,$00,$01,$8C
7235   FECC 8C
7236   FECD F1180000000E			.db	$F1,$18,$00,$00,$00,$0E,$28
7236   FED3 28
7237   FED4 311200010003			.db	$31,$12,$00,$01,$00,$03,$8D
7237   FEDA 8D
7238   FEDB 810911FF0001			.db	$81,$09,$11,$FF,$00,$01,$90
7238   FEE1 90
7239   FEE2 311200FF000D			.db	$31,$12,$00,$FF,$00,$0D,$00
7239   FEE8 00
7240   FEE9 120A00FF0109			.db	$12,$0A,$00,$FF,$01,$09,$4B
7240   FEEF 4B
7241   FEF0 321309000014			.db	$32,$13,$09,$00,$00,$14,$50
7241   FEF6 50
7242   FEF7             			
7243   FEF7             			;electric pulse	.db	$32,$19,$09,$00,$00,$14,$50
7244   FEF7             			;freaky ship	.db	$32,$19,$01,$FF,$00,$14,$50
7245   FEF7             			;growing pulse	.db	$32,$19,$09,$00,$00,$14,$00
7246   FEF7             			;centaurish		.db	$32,$19,$09,$00,$00,$28,$20
7247   FEF7             			;centaurish pulse	.db	$32,$19,$09,$00,$00,$28,$27
7248   FEF7             			;fast beat		.db	$32,$10,$09,$00,$00,$14,$50
7249   FEF7             			;jungle beat	.db	$32,$13,$09,$00,$00,$14,$50
7250   FEF7             
7251   FEF7             sweep_table
7252   FEF7 A09890888078			.db 	$A0,$98,$90,$88,$80,$78,$70,$68,$60,$58,$50,$44,$40
7252   FEFD 70686058504440
7253   FF04 010102020404			.db	$01,$01,$02,$02,$04,$04,$08,$08,$10,$10,$30,$60,$C0,$E0
7253   FF0A 080810103060C0E0
7254   FF12 010102020304			.db	$01,$01,$02,$02,$03,$04,$05,$06,$07,$08,$09,$0A,$0C
7254   FF18 05060708090A0C
7255   FF1F 088010781870			.db 	$08,$80,$10,$78,$18,$70,$20,$60,$28,$58,$30,$50,$40,$48
7255   FF25 2060285830504048
7256   FF2D 04050607080A			.db 	$04,$05,$06,$07,$08,$0A,$0C,$0E,$10,$11,$12,$13,$14,$15,$16,$17,$18,$19,$1A,$1B,$1C
7256   FF33 0C0E101112131415161718191A1B1C
7257   FF42 807C78747074			.db	$80,$7C,$78,$74,$70,$74,$78,$7C,$80
7257   FF48 787C80
7258   FF4B 010102020404			.db 	$01,$01,$02,$02,$04,$04,$08,$08,$10,$20,$28,$30,$38,$40,$48,$50,$60,$70,$80,$A0,$B0,$C0
7258   FF51 08081020283038404850607080A0B0C0
7259   FF61 084008400840			.db 	$08,$40,$08,$40,$08,$40,$08,$40,$08,$40,$08,$40,$08,$40,$08,$40,$08,$40,$08,$40
7259   FF67 0840084008400840084008400840
7260   FF75 01020408090A			.db 	$01,$02,$04,$08,$09,$0A,$0B,$0C,$0E,$0F,$10,$12,$14,$16
7260   FF7B 0B0C0E0F10121416
7261   FF83 4010080192  			.db 	$40,$10,$08,$01,$92
7262   FF88 010101010202			.db 	$01,$01,$01,$01,$02,$02,$03,$03,$04,$04,$05,$06,$08,$0A,$0C
7262   FF8E 030304040506080A0C
7263   FF97 101418203040			.db	$10,$14,$18,$20,$30,$40,$50,$40,$30,$20,$10,$0C,$0A,$08,$07
7263   FF9D 50403020100C0A0807
7264   FFA6 060504030202			.db	$06,$05,$04,$03,$02,$02,$01,$01,$01
7264   FFAC 010101
7265   FFAF             
7266   FFF3             	.org $fff3
7267   FFF3             ;************************************************
7268   FFF3             ;* Adding A to X is a common routine and this
7269   FFF3             ;* pointer is provided to the speech ROM's so
7270   FFF3             ;* that the code can be as compact as possible.
7271   FFF3             ;* It appears that designers really pushed hard
7272   FFF3             ;* to get their speech code into 3 ROM's.
7273   FFF3             ;************************************************
7274   FFF3             to_xplusa
7275   FFF3 7E FB 8B    			jmp	xplusa
7276   FFF6             	
7277   FFF6             
7278   FFF8             .org $fff8			
7279   FFF8             ;************************************************
7280   FFF8             ;* CPU Vectors
7281   FFF8             ;************************************************	
7282   FFF8 FB 2B       irq_vector	.dw irq_entry
7283   FFFA F8 00       swi_vector	.dw swi_entry
7284   FFFC FB B5       nmi_vector	.dw nmi_entry
7285   FFFE F8 00       res_vector	.dw swi_entry
7286   10000             
7287   10000             
7288   10000             
7289   10000             
7290   10000             .endtasm: Number of errors = 0
